current_path,filename,extension,byte_size,sha256,contributor,collection_script,experiment_family,experiment_id,run_id,source_machine,target_machine,model_workload,fault_type,timestamp_start,timestamp_end,duration,row_count,delimiter,encoding,column_names,timestamp_format,timestamp_precision,sampling_interval,numeric_precision,units,existing_tags,provenance_classification,evidence_for_classification,proposed_action,confidence,manual_review_required
paper_extracted_text.txt,paper_extracted_text.txt,.txt,41983,cc8362d9f97d5a68f3a9aa3064b90d34a76d26e693a1300b18618a4fdad73288,Jisheng Jiang (jisheng3),scripts/campaign_a_orchestrator.py,Infrastructure_Benchmark,exp_infrastructure_benchmark,paper_extracted_text,sp26-cs525-0601 (gateway),sp26-cs525-0605..0620 (triton),Cluster Telemetry,fail-slow (tc delay 50-200ms),N/A,N/A,N/A,0,N/A,utf-8,N/A,relative_seconds,microseconds,event-driven,float64,"latency: ms, payload: bytes",none,UNKNOWN,,flag_for_manual_review,MEDIUM,True
archive/20260306_motivation_test/raw_requests.csv,raw_requests.csv,.csv,175,dd863e7b562c0b3d1d895ba212cb8511c26311fc183e2025ec1043a8fd71c395,Jisheng Jiang / Maojie Xu,archive/20260306_motivation_test/generate_midterm_plots.py,Infrastructure_Benchmark,exp_infrastructure_benchmark,raw_requests,sp26-cs525-0601 (gateway),sp26-cs525-0605..0620 (triton),Cluster Telemetry,fail-slow (tc delay 50-200ms),N/A,N/A,N/A,13,",",utf-8,"time_sec,p99_latency_ms,health_status",relative_seconds,microseconds,event-driven,float64,"latency: ms, payload: bytes",legacy_prototype,SYNTHETIC_PROTOTYPE,Located in archive/ prototype directory with 1s coarse simulation logs.,archive_to_synthetic_prototypes,HIGH,False
archive/20260306_motivation_test/raw_requests_1s_resolution.csv,raw_requests_1s_resolution.csv,.csv,49334,9e005bc295e0ed9c6894c7fdc2c4617eaac35742ffc605779f0c44530a362284,Jisheng Jiang / Maojie Xu,archive/20260306_motivation_test/generate_midterm_plots.py,Infrastructure_Benchmark,exp_infrastructure_benchmark,raw_requests_1s_resolution,sp26-cs525-0601 (gateway),sp26-cs525-0605..0620 (triton),Cluster Telemetry,fail-slow (tc delay 50-200ms),N/A,N/A,N/A,1200,",",utf-8,"time_sec,timestamp,p99_latency_ms,health_status,queue_depth",relative_seconds,microseconds,event-driven,float64,"latency: ms, payload: bytes",legacy_prototype,SYNTHETIC_PROTOTYPE,Located in archive/ prototype directory with 1s coarse simulation logs.,archive_to_synthetic_prototypes,HIGH,False
archive/20260306_motivation_test/summary_table.csv,summary_table.csv,.csv,769,f814a70342ce71f1c492d6c84eb5cade0e7bde5b447c0fdefce7fc7d109cf54b,Jisheng Jiang / Maojie Xu,archive/20260306_motivation_test/generate_midterm_plots.py,Infrastructure_Benchmark,exp_infrastructure_benchmark,summary_table,sp26-cs525-0601 (gateway),sp26-cs525-0605..0620 (triton),Cluster Telemetry,fail-slow (tc delay 50-200ms),N/A,N/A,N/A,5,",",utf-8,"Baseline,Detection Delay,Overhead,Supports Root Cause Localization,Performance under Gray Failure",relative_seconds,microseconds,event-driven,float64,"latency: ms, payload: bytes",legacy_prototype,SYNTHETIC_PROTOTYPE,Located in archive/ prototype directory with 1s coarse simulation logs.,archive_to_synthetic_prototypes,HIGH,False
data/active_backends.json,active_backends.json,.json,2,4f53cda18c2baa0c0354bb5f9a3ecbe5ed12ab4d8e11ba873c2f11161202b945,Jisheng Jiang (jisheng3),scripts/campaign_a_orchestrator.py,Infrastructure_Benchmark,exp_infrastructure_benchmark,active_backends,sp26-cs525-0601 (gateway),sp26-cs525-0605..0620 (triton),Cluster Telemetry,fail-slow (tc delay 50-200ms),N/A,N/A,N/A,0,N/A,utf-8,N/A,relative_seconds,microseconds,event-driven,float64,"latency: ms, payload: bytes",legacy_demo,LEGACY_DEMO,Short local test file for script validation.,archive_to_legacy_scripts,HIGH,False
data/campaign_d_duel_results.json,campaign_d_duel_results.json,.json,219,080339e2f909aaa432ddd3643d6247e79015128b7cc59ab0892814ae612e7e26,Jisheng Jiang (jisheng3),scripts/campaign_a_orchestrator.py,Infrastructure_Benchmark,exp_infrastructure_benchmark,campaign_d_duel_results,sp26-cs525-0601 (gateway),sp26-cs525-0605..0620 (triton),Cluster Telemetry,fail-slow (tc delay 50-200ms),N/A,N/A,N/A,2,N/A,utf-8,strawman|smart,relative_seconds,microseconds,event-driven,float64,"latency: ms, payload: bytes",none,UNKNOWN,,flag_for_manual_review,MEDIUM,True
data/campaign_d_results.json,campaign_d_results.json,.json,472,fadf400560582efa2508e580ce6e20a58ead790de59fe29ab9e49ec21f680970,Jisheng Jiang (jisheng3),scripts/campaign_a_orchestrator.py,Infrastructure_Benchmark,exp_infrastructure_benchmark,campaign_d_results,sp26-cs525-0601 (gateway),sp26-cs525-0605..0620 (triton),Cluster Telemetry,fail-slow (tc delay 50-200ms),N/A,N/A,N/A,2,N/A,utf-8,strawman|smart,relative_seconds,microseconds,event-driven,float64,"latency: ms, payload: bytes",none,UNKNOWN,,flag_for_manual_review,MEDIUM,True
data/cluster_results.json,cluster_results.json,.json,1055,bd635231caa5e06d4e731354fe8eef8855c7c0c9cfacafec42a91fa26bf8bdb8,Jisheng Jiang (jisheng3),scripts/campaign_a_orchestrator.py,Cluster_Telemetry,exp_cluster_telemetry,cluster_results,sp26-cs525-0601 (gateway),sp26-cs525-0605..0620 (triton),Cluster Telemetry,fail-slow (tc delay 50-200ms),N/A,N/A,N/A,2,N/A,utf-8,sp26-cs525-0605.cs.illinois.edu|sp26-cs525-0606.cs.illinois.edu,relative_seconds,microseconds,event-driven,float64,"latency: ms, payload: bytes",none,UNKNOWN,,flag_for_manual_review,MEDIUM,True
data/deploy_status.json,deploy_status.json,.json,867,51ad6436340858c57c6733a24c31646126f27e61041a808e8a23742cf31a653c,Jisheng Jiang (jisheng3),scripts/campaign_a_orchestrator.py,Infrastructure_Benchmark,exp_infrastructure_benchmark,deploy_status,sp26-cs525-0601 (gateway),sp26-cs525-0605..0620 (triton),Cluster Telemetry,fail-slow (tc delay 50-200ms),N/A,N/A,N/A,17,N/A,utf-8,sp26-cs525-0615.cs.illinois.edu|sp26-cs525-0613.cs.illinois.edu|sp26-cs525-0617.cs.illinois.edu|sp26-cs525-0619.cs.illinois.edu|sp26-cs525-0608.cs.illinois.edu|sp26-cs525-0606.cs.illinois.edu|sp26-cs525-0605.cs.illinois.edu|sp26-cs525-0614.cs.illinois.edu|sp26-cs525-0618.cs.illinois.edu|sp26-cs525-0607.cs.illinois.edu|sp26-cs525-0612.cs.illinois.edu|sp26-cs525-0609.cs.illinois.edu|sp26-cs525-0604.cs.illinois.edu|sp26-cs525-0611.cs.illinois.edu|sp26-cs525-0616.cs.illinois.edu,relative_seconds,microseconds,event-driven,float64,"latency: ms, payload: bytes",none,UNKNOWN,,flag_for_manual_review,MEDIUM,True
data/investigation_results.json,investigation_results.json,.json,954,35ecd1d7273c2609baf5da2e7e5496aea08e5c700d5f8758e501597641425b25,Jisheng Jiang (jisheng3),scripts/campaign_a_orchestrator.py,Infrastructure_Benchmark,exp_infrastructure_benchmark,investigation_results,sp26-cs525-0601 (gateway),sp26-cs525-0605..0620 (triton),Cluster Telemetry,fail-slow (tc delay 50-200ms),N/A,N/A,N/A,2,N/A,utf-8,sp26-cs525-0605.cs.illinois.edu|sp26-cs525-0606.cs.illinois.edu,relative_seconds,microseconds,event-driven,float64,"latency: ms, payload: bytes",none,UNKNOWN,,flag_for_manual_review,MEDIUM,True
data/preflight_report.json,preflight_report.json,.json,1674,9cf2359e8cb81c693c6451740693c7e4a818463c770f5a8d27362a58d861776a,Jisheng Jiang (jisheng3),scripts/campaign_a_orchestrator.py,Infrastructure_Benchmark,exp_infrastructure_benchmark,preflight_report,sp26-cs525-0601 (gateway),sp26-cs525-0605..0620 (triton),Cluster Telemetry,fail-slow (tc delay 50-200ms),N/A,N/A,N/A,3,N/A,utf-8,load_nodes|gateway|backends,relative_seconds,microseconds,event-driven,float64,"latency: ms, payload: bytes",none,UNKNOWN,,flag_for_manual_review,MEDIUM,True
data/smoke_test_enriched.csv,smoke_test_enriched.csv,.csv,152,46438b749be28e7fac39e6d8569cb797ff7d478f5db9de2978487c5ca0fb04b2,Jisheng Jiang (jisheng3),scripts/campaign_a_orchestrator.py,Infrastructure_Benchmark,exp_infrastructure_benchmark,smoke_test_enriched,sp26-cs525-0601 (gateway),sp26-cs525-0605..0620 (triton),Cluster Telemetry,fail-slow (tc delay 50-200ms),1775258858.395216,N/A,N/A,1,",",utf-8,"timestamp,req_id,payload_bytes,policy,backend_id,status_code,e2e_ms,gateway_overhead_ms",unix_epoch_float,microseconds,event-driven,float64,"latency: ms, payload: bytes",legacy_demo,LEGACY_DEMO,Short local test file for script validation.,archive_to_legacy_scripts,HIGH,False
data/chaos_experiment/haproxy_status.csv,haproxy_status.csv,.csv,377,d4af718a3d3d9e3e36c26f0cf326a2445400d1baf827707172dfb4e3a1155485,Jisheng Jiang (jisheng3),scripts/campaign_a_orchestrator.py,Infrastructure_Benchmark,exp_infrastructure_benchmark,haproxy_status,sp26-cs525-0601 (gateway),sp26-cs525-0605..0620 (triton),Cluster Telemetry,fail-slow (tc delay 50-200ms),N/A,N/A,N/A,60,",",utf-8,"Timestamp_s,HAProxy_Status",relative_seconds,microseconds,event-driven,float64,"latency: ms, payload: bytes",telemetry_logs,EMPIRICAL_RAW,"Host telemetry, connectivity logs, and HAProxy monitor traces from Illinois cluster nodes.",keep_in_data_raw,HIGH,False
data/chaos_experiment/haproxy_status_05_runA.csv,haproxy_status_05_runA.csv,.csv,36898,2c9a6a4a269d168eed202621ad30c5f1b3eabf73479ebf1e1d61512afc131b47,Jisheng Jiang (jisheng3),scripts/campaign_a_orchestrator.py,Infrastructure_Benchmark,exp_infrastructure_benchmark,haproxy_status_05_runA,sp26-cs525-0601 (gateway),sp26-cs525-0605..0620 (triton),Cluster Telemetry,fail-slow (tc delay 50-200ms),2026-03-30T19:22:34.817+00:00,N/A,N/A,899,",",utf-8,"Timestamp_ISO,Node,Status,Queue_Depth",iso8601,microseconds,event-driven,float64,"latency: ms, payload: bytes",telemetry_logs,EMPIRICAL_RAW,"Host telemetry, connectivity logs, and HAProxy monitor traces from Illinois cluster nodes.",keep_in_data_raw,HIGH,False
data/chaos_experiment/haproxy_status_06_runB.csv,haproxy_status_06_runB.csv,.csv,36898,ec1c978808d4bee6743deabe9317fe938c507eebb0e82d701eebcbec51f6fae9,Jisheng Jiang (jisheng3),scripts/campaign_a_orchestrator.py,Infrastructure_Benchmark,exp_infrastructure_benchmark,haproxy_status_06_runB,sp26-cs525-0601 (gateway),sp26-cs525-0605..0620 (triton),Cluster Telemetry,fail-slow (tc delay 50-200ms),2026-03-30T19:24:05.685+00:00,N/A,N/A,899,",",utf-8,"Timestamp_ISO,Node,Status,Queue_Depth",iso8601,microseconds,event-driven,float64,"latency: ms, payload: bytes",telemetry_logs,EMPIRICAL_RAW,"Host telemetry, connectivity logs, and HAProxy monitor traces from Illinois cluster nodes.",keep_in_data_raw,HIGH,False
data/chaos_experiment/latency_results.csv,latency_results.csv,.csv,11435,fad51398efdb56473db4330d47bc62609aab8bcc5f0b21fa6cfb5a16ca8f9faf,Jisheng Jiang (jisheng3),scripts/campaign_a_orchestrator.py,Infrastructure_Benchmark,exp_infrastructure_benchmark,latency_results,sp26-cs525-0601 (gateway),sp26-cs525-0605..0620 (triton),Cluster Telemetry,fail-slow (tc delay 50-200ms),0.013,N/A,N/A,595,",",utf-8,"Timestamp_s,Latency_ms,Status",relative_seconds,microseconds,event-driven,float64,"latency: ms, payload: bytes",telemetry_logs,EMPIRICAL_RAW,"Host telemetry, connectivity logs, and HAProxy monitor traces from Illinois cluster nodes.",keep_in_data_raw,HIGH,False
data/chaos_experiment/latency_results_05_runA.csv,latency_results_05_runA.csv,.csv,45682,72e969f7c764ca88f6dca8b42b0e446fb6f2137a0aeb5c111116258f6aa14af6,Jisheng Jiang (jisheng3),scripts/campaign_a_orchestrator.py,Infrastructure_Benchmark,exp_infrastructure_benchmark,latency_results_05_runA,sp26-cs525-0601 (gateway),sp26-cs525-0605..0620 (triton),Cluster Telemetry,fail-slow (tc delay 50-200ms),2026-03-30T19:22:34.907+00:00,N/A,N/A,1083,",",utf-8,"Timestamp_ISO,Latency_ms,Status",iso8601,microseconds,event-driven,float64,"latency: ms, payload: bytes",telemetry_logs,EMPIRICAL_RAW,"Host telemetry, connectivity logs, and HAProxy monitor traces from Illinois cluster nodes.",keep_in_data_raw,HIGH,False
data/chaos_experiment/latency_results_06_runB.csv,latency_results_06_runB.csv,.csv,46181,65d3ee8faf259512ef969619365a80e2ba6eeea12eda9671392bdb12df3b27aa,Jisheng Jiang (jisheng3),scripts/campaign_a_orchestrator.py,Infrastructure_Benchmark,exp_infrastructure_benchmark,latency_results_06_runB,sp26-cs525-0601 (gateway),sp26-cs525-0605..0620 (triton),Cluster Telemetry,fail-slow (tc delay 50-200ms),2026-03-30T19:24:05.767+00:00,N/A,N/A,1095,",",utf-8,"Timestamp_ISO,Latency_ms,Status",iso8601,microseconds,event-driven,float64,"latency: ms, payload: bytes",telemetry_logs,EMPIRICAL_RAW,"Host telemetry, connectivity logs, and HAProxy monitor traces from Illinois cluster nodes.",keep_in_data_raw,HIGH,False
data/cluster_logs/cluster_test_results.txt,cluster_test_results.txt,.txt,2700,7282d8ec0d7f249da410dd4e355244c8bca829d89e33e4edfd350beb879fbde0,Jisheng Jiang (jisheng3),scripts/campaign_a_orchestrator.py,Cluster_Telemetry,exp_cluster_telemetry,cluster_test_results,sp26-cs525-0601 (gateway),sp26-cs525-0605..0620 (triton),Cluster Telemetry,fail-slow (tc delay 50-200ms),N/A,N/A,N/A,0,N/A,utf-16,N/A,relative_seconds,microseconds,event-driven,float64,"latency: ms, payload: bytes",telemetry_logs,EMPIRICAL_RAW,"Host telemetry, connectivity logs, and HAProxy monitor traces from Illinois cluster nodes.",keep_in_data_raw,HIGH,False
data/cluster_logs/final_results.txt,final_results.txt,.txt,1818,e2a3356d3bf15f0c874467aafe811797c195a16c7872d0d95501a44e6dd122dd,Jisheng Jiang (jisheng3),scripts/campaign_a_orchestrator.py,Cluster_Telemetry,exp_cluster_telemetry,final_results,sp26-cs525-0601 (gateway),sp26-cs525-0605..0620 (triton),Cluster Telemetry,fail-slow (tc delay 50-200ms),N/A,N/A,N/A,0,N/A,utf-8,N/A,relative_seconds,microseconds,event-driven,float64,"latency: ms, payload: bytes",telemetry_logs,EMPIRICAL_RAW,"Host telemetry, connectivity logs, and HAProxy monitor traces from Illinois cluster nodes.",keep_in_data_raw,HIGH,False
data/cluster_logs/gpu_scan_results.txt,gpu_scan_results.txt,.txt,1982,3a267b2d790aabc24246d95dd95a1eae9f08c94ebd702aeb792c47b5f9ffcc5c,Jisheng Jiang (jisheng3),scripts/campaign_a_orchestrator.py,Cluster_Telemetry,exp_cluster_telemetry,gpu_scan_results,sp26-cs525-0601 (gateway),sp26-cs525-0605..0620 (triton),Cluster Telemetry,fail-slow (tc delay 50-200ms),N/A,N/A,N/A,0,N/A,utf-16,N/A,relative_seconds,microseconds,event-driven,float64,"latency: ms, payload: bytes",telemetry_logs,EMPIRICAL_RAW,"Host telemetry, connectivity logs, and HAProxy monitor traces from Illinois cluster nodes.",keep_in_data_raw,HIGH,False
data/cluster_logs/node05_ip.txt,node05_ip.txt,.txt,1448,d6e4d361cd651042642b38cf93aab7786e6bfd7764dc4ecc513288e8da5559b8,Jisheng Jiang (jisheng3),scripts/campaign_a_orchestrator.py,Cluster_Telemetry,exp_cluster_telemetry,node05_ip,sp26-cs525-0601 (gateway),sp26-cs525-0605..0620 (triton),Cluster Telemetry,fail-slow (tc delay 50-200ms),N/A,N/A,N/A,0,N/A,utf-16,N/A,relative_seconds,microseconds,event-driven,float64,"latency: ms, payload: bytes",telemetry_logs,EMPIRICAL_RAW,"Host telemetry, connectivity logs, and HAProxy monitor traces from Illinois cluster nodes.",keep_in_data_raw,HIGH,False
data/metrics/summary_table.csv,summary_table.csv,.csv,769,f814a70342ce71f1c492d6c84eb5cade0e7bde5b447c0fdefce7fc7d109cf54b,Jisheng Jiang (jisheng3),scripts/campaign_a_orchestrator.py,Infrastructure_Benchmark,exp_infrastructure_benchmark,summary_table,sp26-cs525-0601 (gateway),sp26-cs525-0605..0620 (triton),Cluster Telemetry,fail-slow (tc delay 50-200ms),N/A,N/A,N/A,5,",",utf-8,"Baseline,Detection Delay,Overhead,Supports Root Cause Localization,Performance under Gray Failure",relative_seconds,microseconds,event-driven,float64,"latency: ms, payload: bytes",telemetry_logs,EMPIRICAL_RAW,"Host telemetry, connectivity logs, and HAProxy monitor traces from Illinois cluster nodes.",keep_in_data_raw,HIGH,False
data/metrics/zscore_network_metrics.csv,zscore_network_metrics.csv,.csv,468812,187ef6701c552250604d8fc553d2adec378610b2a314934f3700027736a5fd92,Jisheng Jiang (jisheng3),scripts/campaign_a_orchestrator.py,Infrastructure_Benchmark,exp_infrastructure_benchmark,zscore_network_metrics,sp26-cs525-0601 (gateway),sp26-cs525-0605..0620 (triton),Cluster Telemetry,fail-slow (tc delay 50-200ms),N/A,N/A,N/A,1512,",",utf-8,Starting Fast Path Monitoring on http://sp26-cs525-0601.cs.illinois.edu:8404/metrics;csv ...,relative_seconds,microseconds,event-driven,float64,"latency: ms, payload: bytes",telemetry_logs,EMPIRICAL_RAW,"Host telemetry, connectivity logs, and HAProxy monitor traces from Illinois cluster nodes.",keep_in_data_raw,HIGH,False
data/results/measurement_telemetry_v1/eval_v1_resnet50_baseline_rr.csv,eval_v1_resnet50_baseline_rr.csv,.csv,5149438,192ba55d0b09cf3fb9ce99b85d3dbf5204e48636b200fbc619693f80c39bc05c,Jisheng Jiang (jisheng3),scripts/campaign_a_orchestrator.py,ResNet50_CIFAR10,exp_resnet50_cifar10,eval_v1_resnet50_baseline_rr,sp26-cs525-0601 (gateway),sp26-cs525-0605..0620 (triton),ResNet-50/CIFAR-10,fail-slow (tc delay 50-200ms),1776975537.299487,N/A,N/A,47940,",",utf-8,"timestamp,req_id,payload_bytes,policy,backend_id,status_code,e2e_ms,gateway_overhead_ms,error_body",unix_epoch_float,microseconds,event-driven,float64,"latency: ms, payload: bytes",none,EMPIRICAL_RAW,Measured campaign run file with valid request traces.,keep_in_data_raw,HIGH,False
data/results/measurement_telemetry_v1/eval_v1_resnet50_baseline_tricb.csv,eval_v1_resnet50_baseline_tricb.csv,.csv,5308578,3353d1b71b0d62451df6066e3c442ea6e13e676f4efc675cf4edd33f5200859d,Jisheng Jiang (jisheng3),scripts/campaign_a_orchestrator.py,ResNet50_CIFAR10,exp_resnet50_cifar10,eval_v1_resnet50_baseline_tricb,sp26-cs525-0601 (gateway),sp26-cs525-0605..0620 (triton),ResNet-50/CIFAR-10,fail-slow (tc delay 50-200ms),1776975538.811666,N/A,N/A,47980,",",utf-8,"timestamp,req_id,payload_bytes,policy,backend_id,status_code,e2e_ms,gateway_overhead_ms,error_body",unix_epoch_float,microseconds,event-driven,float64,"latency: ms, payload: bytes",none,EMPIRICAL_RAW,Measured campaign run file with valid request traces.,keep_in_data_raw,HIGH,False
data/results/measurement_telemetry_v1/eval_v1_resnet50_ours.csv,eval_v1_resnet50_ours.csv,.csv,4796455,0e5dfd031ccff53583ca69b5e5e7df7752b95057bcbf71d647555b919207e83b,Jisheng Jiang (jisheng3),scripts/campaign_a_orchestrator.py,ResNet50_CIFAR10,exp_resnet50_cifar10,eval_v1_resnet50_ours,sp26-cs525-0601 (gateway),sp26-cs525-0605..0620 (triton),ResNet-50/CIFAR-10,fail-slow (tc delay 50-200ms),1776975540.319433,N/A,N/A,47636,",",utf-8,"timestamp,req_id,payload_bytes,policy,backend_id,status_code,e2e_ms,gateway_overhead_ms,error_body",unix_epoch_float,microseconds,event-driven,float64,"latency: ms, payload: bytes",none,EMPIRICAL_RAW,Measured campaign run file with valid request traces.,keep_in_data_raw,HIGH,False
data/results/MobileBERT_SST2_gateway_ablation/benchmark_mobilebert_gatewaysmart.json,benchmark_mobilebert_gatewaysmart.json,.json,257,09880d2c12d1a5e47d4ab811e9da0509f4f160fe722f33409f9f250d9e210b63,Jisheng Jiang (jisheng3),scripts/campaign_a_orchestrator.py,MobileBERT_SST2,exp_mobilebert_sst2,benchmark_mobilebert_gatewaysmart,sp26-cs525-0601 (gateway),sp26-cs525-0605..0620 (triton),MobileBERT/SST-2,fail-slow (tc delay 50-200ms),N/A,N/A,N/A,7,N/A,utf-8,simulation_label|campaign|aggregation_scope|p99_ms|avg_ms|rps|total_requests,relative_seconds,microseconds,event-driven,float64,"latency: ms, payload: bytes",cluster_empirical_derived|PRODUCTION_DATA_tag,EMPIRICAL_DERIVED,Summary statistics computed from raw cluster request logs.,keep_in_data_processed,HIGH,False
data/results/MobileBERT_SST2_gateway_ablation/benchmark_mobilebert_gatewaystrawman.json,benchmark_mobilebert_gatewaystrawman.json,.json,254,8008b0e3f166cd7d71abf687eebcafade25a8c1b28a93eeef6f31d8da9a45711,Jisheng Jiang (jisheng3),scripts/campaign_a_orchestrator.py,MobileBERT_SST2,exp_mobilebert_sst2,benchmark_mobilebert_gatewaystrawman,sp26-cs525-0601 (gateway),sp26-cs525-0605..0620 (triton),MobileBERT/SST-2,fail-slow (tc delay 50-200ms),N/A,N/A,N/A,7,N/A,utf-8,simulation_label|campaign|aggregation_scope|p99_ms|avg_ms|rps|total_requests,relative_seconds,microseconds,event-driven,float64,"latency: ms, payload: bytes",cluster_empirical_derived|PRODUCTION_DATA_tag,EMPIRICAL_DERIVED,Summary statistics computed from raw cluster request logs.,keep_in_data_processed,HIGH,False
data/results/MobileBERT_SST2_gateway_ablation/campaign_nlp_mobilebert_gatewaysmart_c128.csv,campaign_nlp_mobilebert_gatewaysmart_c128.csv,.csv,575685,17d3d633e4aa856618816007015604f90d5367f0d174443d401c0e8a9ef015d4,Jisheng Jiang (jisheng3),scripts/campaign_a_orchestrator.py,MobileBERT_SST2,exp_mobilebert_sst2,campaign_nlp_mobilebert_gatewaysmart_c128,sp26-cs525-0601 (gateway),sp26-cs525-0605..0620 (triton),MobileBERT/SST-2,fail-slow (tc delay 50-200ms),1773828000.01877,N/A,N/A,5656,",",utf-8,"timestamp,req_id,payload_bytes,mode,backend_id,status_code,e2e_ms,gateway_overhead_ms,",unix_epoch_float,microseconds,event-driven,float64,"latency: ms, payload: bytes",cluster_empirical_raw,EMPIRICAL_RAW,"Contains Illinois cluster hostnames (sp26-cs525-06xx), real execution microsecond timestamps, and request traces.",keep_in_data_raw,HIGH,False
data/results/MobileBERT_SST2_gateway_ablation/campaign_nlp_mobilebert_gatewaysmart_c32.csv,campaign_nlp_mobilebert_gatewaysmart_c32.csv,.csv,684079,43e771fae38e4c82ca858f7069fd5226cbc45f5dfe4d569751bb941364ff2010,Jisheng Jiang (jisheng3),scripts/campaign_a_orchestrator.py,MobileBERT_SST2,exp_mobilebert_sst2,campaign_nlp_mobilebert_gatewaysmart_c32,sp26-cs525-0601 (gateway),sp26-cs525-0605..0620 (triton),MobileBERT/SST-2,fail-slow (tc delay 50-200ms),1773820800.026316,N/A,N/A,6816,",",utf-8,"timestamp,req_id,payload_bytes,mode,backend_id,status_code,e2e_ms,gateway_overhead_ms,",unix_epoch_float,microseconds,event-driven,float64,"latency: ms, payload: bytes",cluster_empirical_raw,EMPIRICAL_RAW,"Contains Illinois cluster hostnames (sp26-cs525-06xx), real execution microsecond timestamps, and request traces.",keep_in_data_raw,HIGH,False
data/results/MobileBERT_SST2_gateway_ablation/campaign_nlp_mobilebert_gatewaysmart_c48.csv,campaign_nlp_mobilebert_gatewaysmart_c48.csv,.csv,691810,d45294d53a0903198cee9150cbaa45a0225107af2d354b6effaf22f028aac89f,Jisheng Jiang (jisheng3),scripts/campaign_a_orchestrator.py,MobileBERT_SST2,exp_mobilebert_sst2,campaign_nlp_mobilebert_gatewaysmart_c48,sp26-cs525-0601 (gateway),sp26-cs525-0605..0620 (triton),MobileBERT/SST-2,fail-slow (tc delay 50-200ms),1773822600.019049,N/A,N/A,6872,",",utf-8,"timestamp,req_id,payload_bytes,mode,backend_id,status_code,e2e_ms,gateway_overhead_ms,",unix_epoch_float,microseconds,event-driven,float64,"latency: ms, payload: bytes",cluster_empirical_raw,EMPIRICAL_RAW,"Contains Illinois cluster hostnames (sp26-cs525-06xx), real execution microsecond timestamps, and request traces.",keep_in_data_raw,HIGH,False
data/results/MobileBERT_SST2_gateway_ablation/campaign_nlp_mobilebert_gatewaysmart_c64.csv,campaign_nlp_mobilebert_gatewaysmart_c64.csv,.csv,662923,a7ef43313ab527f388e49a5ef60622327b017ba994d18c01c93293e3bfc92ff9,Jisheng Jiang (jisheng3),scripts/campaign_a_orchestrator.py,MobileBERT_SST2,exp_mobilebert_sst2,campaign_nlp_mobilebert_gatewaysmart_c64,sp26-cs525-0601 (gateway),sp26-cs525-0605..0620 (triton),MobileBERT/SST-2,fail-slow (tc delay 50-200ms),1773824400.033825,N/A,N/A,6584,",",utf-8,"timestamp,req_id,payload_bytes,mode,backend_id,status_code,e2e_ms,gateway_overhead_ms,",unix_epoch_float,microseconds,event-driven,float64,"latency: ms, payload: bytes",cluster_empirical_raw,EMPIRICAL_RAW,"Contains Illinois cluster hostnames (sp26-cs525-06xx), real execution microsecond timestamps, and request traces.",keep_in_data_raw,HIGH,False
data/results/MobileBERT_SST2_gateway_ablation/campaign_nlp_mobilebert_gatewaysmart_c96.csv,campaign_nlp_mobilebert_gatewaysmart_c96.csv,.csv,624304,3199e4bed9b9e632fa5cfa87cde85fb42f91a0f16d6328fc2f9160296e2f0eb5,Jisheng Jiang (jisheng3),scripts/campaign_a_orchestrator.py,MobileBERT_SST2,exp_mobilebert_sst2,campaign_nlp_mobilebert_gatewaysmart_c96,sp26-cs525-0601 (gateway),sp26-cs525-0605..0620 (triton),MobileBERT/SST-2,fail-slow (tc delay 50-200ms),1773826200.020863,N/A,N/A,6200,",",utf-8,"timestamp,req_id,payload_bytes,mode,backend_id,status_code,e2e_ms,gateway_overhead_ms,",unix_epoch_float,microseconds,event-driven,float64,"latency: ms, payload: bytes",cluster_empirical_raw,EMPIRICAL_RAW,"Contains Illinois cluster hostnames (sp26-cs525-06xx), real execution microsecond timestamps, and request traces.",keep_in_data_raw,HIGH,False
data/results/MobileBERT_SST2_gateway_ablation/campaign_nlp_mobilebert_gatewaystrawman_c128.csv,campaign_nlp_mobilebert_gatewaystrawman_c128.csv,.csv,570019,a185e4383fc143c5b52a5bfd72362f17d104ca31238571732a3816ae309c33d2,Jisheng Jiang (jisheng3),scripts/campaign_a_orchestrator.py,MobileBERT_SST2,exp_mobilebert_sst2,campaign_nlp_mobilebert_gatewaystrawman_c128,sp26-cs525-0601 (gateway),sp26-cs525-0605..0620 (triton),MobileBERT/SST-2,fail-slow (tc delay 50-200ms),1773914400.035694,N/A,N/A,5432,",",utf-8,"timestamp,req_id,payload_bytes,mode,backend_id,status_code,e2e_ms,gateway_overhead_ms,",unix_epoch_float,microseconds,event-driven,float64,"latency: ms, payload: bytes",cluster_empirical_raw,EMPIRICAL_RAW,"Contains Illinois cluster hostnames (sp26-cs525-06xx), real execution microsecond timestamps, and request traces.",keep_in_data_raw,HIGH,False
data/results/MobileBERT_SST2_gateway_ablation/campaign_nlp_mobilebert_gatewaystrawman_c32.csv,campaign_nlp_mobilebert_gatewaystrawman_c32.csv,.csv,690070,4288a7732dff88e45511822cf03a6578e7db89637e66f9d13b0ee87e3d02655c,Jisheng Jiang (jisheng3),scripts/campaign_a_orchestrator.py,MobileBERT_SST2,exp_mobilebert_sst2,campaign_nlp_mobilebert_gatewaystrawman_c32,sp26-cs525-0601 (gateway),sp26-cs525-0605..0620 (triton),MobileBERT/SST-2,fail-slow (tc delay 50-200ms),1773907200.004464,N/A,N/A,6672,",",utf-8,"timestamp,req_id,payload_bytes,mode,backend_id,status_code,e2e_ms,gateway_overhead_ms,",unix_epoch_float,microseconds,event-driven,float64,"latency: ms, payload: bytes",cluster_empirical_raw,EMPIRICAL_RAW,"Contains Illinois cluster hostnames (sp26-cs525-06xx), real execution microsecond timestamps, and request traces.",keep_in_data_raw,HIGH,False
data/results/MobileBERT_SST2_gateway_ablation/campaign_nlp_mobilebert_gatewaystrawman_c48.csv,campaign_nlp_mobilebert_gatewaystrawman_c48.csv,.csv,686837,57185d0ffdc7a9b9a0ba9efd7a111cbf8d0f2ecb64f0db184c4a249966ccb47f,Jisheng Jiang (jisheng3),scripts/campaign_a_orchestrator.py,MobileBERT_SST2,exp_mobilebert_sst2,campaign_nlp_mobilebert_gatewaystrawman_c48,sp26-cs525-0601 (gateway),sp26-cs525-0605..0620 (triton),MobileBERT/SST-2,fail-slow (tc delay 50-200ms),1773909000.030877,N/A,N/A,6624,",",utf-8,"timestamp,req_id,payload_bytes,mode,backend_id,status_code,e2e_ms,gateway_overhead_ms,",unix_epoch_float,microseconds,event-driven,float64,"latency: ms, payload: bytes",cluster_empirical_raw,EMPIRICAL_RAW,"Contains Illinois cluster hostnames (sp26-cs525-06xx), real execution microsecond timestamps, and request traces.",keep_in_data_raw,HIGH,False
data/results/MobileBERT_SST2_gateway_ablation/campaign_nlp_mobilebert_gatewaystrawman_c64.csv,campaign_nlp_mobilebert_gatewaystrawman_c64.csv,.csv,652943,39beaed30d4beecb5ea5e731d3e72fe7ab36744476cc1ee63ee27c2276f28195,Jisheng Jiang (jisheng3),scripts/campaign_a_orchestrator.py,MobileBERT_SST2,exp_mobilebert_sst2,campaign_nlp_mobilebert_gatewaystrawman_c64,sp26-cs525-0601 (gateway),sp26-cs525-0605..0620 (triton),MobileBERT/SST-2,fail-slow (tc delay 50-200ms),1773910800.030427,N/A,N/A,6296,",",utf-8,"timestamp,req_id,payload_bytes,mode,backend_id,status_code,e2e_ms,gateway_overhead_ms,",unix_epoch_float,microseconds,event-driven,float64,"latency: ms, payload: bytes",cluster_empirical_raw,EMPIRICAL_RAW,"Contains Illinois cluster hostnames (sp26-cs525-06xx), real execution microsecond timestamps, and request traces.",keep_in_data_raw,HIGH,False
data/results/MobileBERT_SST2_gateway_ablation/campaign_nlp_mobilebert_gatewaystrawman_c96.csv,campaign_nlp_mobilebert_gatewaystrawman_c96.csv,.csv,613501,d0df3daf06dfe1ba9bf9dd04ab4e10863afe5b2034c73a9c4791b6d4dc198b15,Jisheng Jiang (jisheng3),scripts/campaign_a_orchestrator.py,MobileBERT_SST2,exp_mobilebert_sst2,campaign_nlp_mobilebert_gatewaystrawman_c96,sp26-cs525-0601 (gateway),sp26-cs525-0605..0620 (triton),MobileBERT/SST-2,fail-slow (tc delay 50-200ms),1773912600.035937,N/A,N/A,5912,",",utf-8,"timestamp,req_id,payload_bytes,mode,backend_id,status_code,e2e_ms,gateway_overhead_ms,",unix_epoch_float,microseconds,event-driven,float64,"latency: ms, payload: bytes",cluster_empirical_raw,EMPIRICAL_RAW,"Contains Illinois cluster hostnames (sp26-cs525-06xx), real execution microsecond timestamps, and request traces.",keep_in_data_raw,HIGH,False
data/results/MobileBERT_SST2_gateway_ablation/manifest_empirical_data.json,manifest_empirical_data.json,.json,2229,c69d83769e0475caf782cae1fac98aad5239ff8175e0ecc276328011f2e741fa,Jisheng Jiang (jisheng3),scripts/campaign_a_orchestrator.py,MobileBERT_SST2,exp_mobilebert_sst2,manifest_empirical_data,sp26-cs525-0601 (gateway),sp26-cs525-0605..0620 (triton),Cluster Telemetry,fail-slow (tc delay 50-200ms),N/A,N/A,N/A,9,N/A,utf-8,simulation_label|campaign|seed|model|dataset_semantics|gateway_modes|cluster|fault_model|files,relative_seconds,microseconds,event-driven,float64,"latency: ms, payload: bytes",cluster_empirical_raw|PRODUCTION_DATA_tag,EMPIRICAL_RAW,"Contains Illinois cluster hostnames (sp26-cs525-06xx), real execution microsecond timestamps, and request traces.",keep_in_data_raw,HIGH,False
data/results/MobileBERT_SST2_gateway_ablation/README_PRODUCTION_DATA.txt,README_PRODUCTION_DATA.txt,.txt,945,d9f813bbeba9accf53b0304f5c675e5e6153719983a93b4ed229c915cb52c3d4,Jisheng Jiang (jisheng3),scripts/campaign_a_orchestrator.py,MobileBERT_SST2,exp_mobilebert_sst2,README_PRODUCTION_DATA,sp26-cs525-0601 (gateway),sp26-cs525-0605..0620 (triton),Cluster Telemetry,fail-slow (tc delay 50-200ms),N/A,N/A,N/A,0,N/A,utf-8,N/A,relative_seconds,microseconds,event-driven,float64,"latency: ms, payload: bytes",cluster_empirical_raw|PRODUCTION_DATA_tag,EMPIRICAL_RAW,"Contains Illinois cluster hostnames (sp26-cs525-06xx), real execution microsecond timestamps, and request traces.",keep_in_data_raw,HIGH,False
data/results/MobileBERT_SST2_gateway_ablation/summary_mobilebert_gateway_ablation.csv,summary_mobilebert_gateway_ablation.csv,.csv,762,c9a6be96b085e0bbeb6ad5c45ad88b1128555da9e755990a2674d4d24fedb097,Jisheng Jiang (jisheng3),scripts/campaign_a_orchestrator.py,MobileBERT_SST2,exp_mobilebert_sst2,summary_mobilebert_gateway_ablation,sp26-cs525-0601 (gateway),sp26-cs525-0605..0620 (triton),MobileBERT/SST-2,fail-slow (tc delay 50-200ms),N/A,N/A,N/A,10,",",utf-8,"mode,concurrency,total_requests,success_rate,rps,avg_ms,p95_ms,p99_ms,",relative_seconds,microseconds,event-driven,float64,"latency: ms, payload: bytes",cluster_empirical_derived,EMPIRICAL_DERIVED,Summary statistics computed from raw cluster request logs.,keep_in_data_processed,HIGH,False
data/results/MobileBERT_SST2_greypulse/benchmark_mobilebert_graypulse.json,benchmark_mobilebert_graypulse.json,.json,745,e713a799367d41b2cd05ae0e4ef5db3b80f4352e912967f9b1210d1c70bf09c2,Jisheng Jiang (jisheng3),scripts/campaign_a_orchestrator.py,MobileBERT_SST2,exp_mobilebert_sst2,benchmark_mobilebert_graypulse,sp26-cs525-0601 (gateway),sp26-cs525-0605..0620 (triton),MobileBERT/SST-2,fail-slow (tc delay 50-200ms),N/A,N/A,N/A,11,N/A,utf-8,data_label|model|dataset|policy|inference_stack|execution_mode|duration_s|p99_ms|avg_ms|rps|total_requests,relative_seconds,microseconds,event-driven,float64,"latency: ms, payload: bytes",cluster_empirical_derived|PRODUCTION_DATA_tag,EMPIRICAL_DERIVED,Summary statistics computed from raw cluster request logs.,keep_in_data_processed,HIGH,False
data/results/MobileBERT_SST2_greypulse/campaign_nlp_mobilebert_graypulse_c128.csv,campaign_nlp_mobilebert_graypulse_c128.csv,.csv,26621337,f22324bbc57ccccd7dbc2de5c1ba98e0de548cae33854055a9e0f8f950e348b4,Jisheng Jiang (jisheng3),scripts/campaign_a_orchestrator.py,MobileBERT_SST2,exp_mobilebert_sst2,campaign_nlp_mobilebert_graypulse_c128,sp26-cs525-0601 (gateway),sp26-cs525-0605..0620 (triton),MobileBERT/SST-2,fail-slow (tc delay 50-200ms),0.000102,N/A,N/A,268320,",",utf-8,"timestamp,req_id,payload_bytes,policy,backend_id,status_code,e2e_ms,gateway_overhead_ms,error_body",relative_seconds,microseconds,event-driven,float64,"latency: ms, payload: bytes",cluster_empirical_raw,EMPIRICAL_RAW,"Contains Illinois cluster hostnames (sp26-cs525-06xx), real execution microsecond timestamps, and request traces.",keep_in_data_raw,HIGH,False
data/results/MobileBERT_SST2_greypulse/campaign_nlp_mobilebert_graypulse_c32.csv,campaign_nlp_mobilebert_graypulse_c32.csv,.csv,16427087,6fdd97b92830e14dd47d21030fdd4df09a7da1992b02b262e1db48932f77e104,Jisheng Jiang (jisheng3),scripts/campaign_a_orchestrator.py,MobileBERT_SST2,exp_mobilebert_sst2,campaign_nlp_mobilebert_graypulse_c32,sp26-cs525-0601 (gateway),sp26-cs525-0605..0620 (triton),MobileBERT/SST-2,fail-slow (tc delay 50-200ms),0.000153,N/A,N/A,168960,",",utf-8,"timestamp,req_id,payload_bytes,policy,backend_id,status_code,e2e_ms,gateway_overhead_ms,error_body",relative_seconds,microseconds,event-driven,float64,"latency: ms, payload: bytes",cluster_empirical_raw,EMPIRICAL_RAW,"Contains Illinois cluster hostnames (sp26-cs525-06xx), real execution microsecond timestamps, and request traces.",keep_in_data_raw,HIGH,False
data/results/MobileBERT_SST2_greypulse/campaign_nlp_mobilebert_graypulse_c48.csv,campaign_nlp_mobilebert_graypulse_c48.csv,.csv,20580551,948e079b1338f0f8161dfce8af71438b4e38ad1ca3226ea4dde8f722199194ca,Jisheng Jiang (jisheng3),scripts/campaign_a_orchestrator.py,MobileBERT_SST2,exp_mobilebert_sst2,campaign_nlp_mobilebert_graypulse_c48,sp26-cs525-0601 (gateway),sp26-cs525-0605..0620 (triton),MobileBERT/SST-2,fail-slow (tc delay 50-200ms),0.002197,N/A,N/A,211680,",",utf-8,"timestamp,req_id,payload_bytes,policy,backend_id,status_code,e2e_ms,gateway_overhead_ms,error_body",relative_seconds,microseconds,event-driven,float64,"latency: ms, payload: bytes",cluster_empirical_raw,EMPIRICAL_RAW,"Contains Illinois cluster hostnames (sp26-cs525-06xx), real execution microsecond timestamps, and request traces.",keep_in_data_raw,HIGH,False
data/results/MobileBERT_SST2_greypulse/campaign_nlp_mobilebert_graypulse_c64.csv,campaign_nlp_mobilebert_graypulse_c64.csv,.csv,23754993,9df33fd21473ddce7082f85d49e4c5599b198dda7dca14233d146b0dae4bcfbf,Jisheng Jiang (jisheng3),scripts/campaign_a_orchestrator.py,MobileBERT_SST2,exp_mobilebert_sst2,campaign_nlp_mobilebert_graypulse_c64,sp26-cs525-0601 (gateway),sp26-cs525-0605..0620 (triton),MobileBERT/SST-2,fail-slow (tc delay 50-200ms),0.000677,N/A,N/A,244320,",",utf-8,"timestamp,req_id,payload_bytes,policy,backend_id,status_code,e2e_ms,gateway_overhead_ms,error_body",relative_seconds,microseconds,event-driven,float64,"latency: ms, payload: bytes",cluster_empirical_raw,EMPIRICAL_RAW,"Contains Illinois cluster hostnames (sp26-cs525-06xx), real execution microsecond timestamps, and request traces.",keep_in_data_raw,HIGH,False
data/results/MobileBERT_SST2_greypulse/campaign_nlp_mobilebert_graypulse_c96.csv,campaign_nlp_mobilebert_graypulse_c96.csv,.csv,26564873,35973414c3df731a2fb77c23c3385399f00d41dc08fb152a35c77b543d8f63cd,Jisheng Jiang (jisheng3),scripts/campaign_a_orchestrator.py,MobileBERT_SST2,exp_mobilebert_sst2,campaign_nlp_mobilebert_graypulse_c96,sp26-cs525-0601 (gateway),sp26-cs525-0605..0620 (triton),MobileBERT/SST-2,fail-slow (tc delay 50-200ms),0.000203,N/A,N/A,273120,",",utf-8,"timestamp,req_id,payload_bytes,policy,backend_id,status_code,e2e_ms,gateway_overhead_ms,error_body",relative_seconds,microseconds,event-driven,float64,"latency: ms, payload: bytes",cluster_empirical_raw,EMPIRICAL_RAW,"Contains Illinois cluster hostnames (sp26-cs525-06xx), real execution microsecond timestamps, and request traces.",keep_in_data_raw,HIGH,False
data/results/MobileBERT_SST2_greypulse/summary_mobilebert_graypulse.csv,summary_mobilebert_graypulse.csv,.csv,535,b2b055e609fd2257945f80a077300262b29e0f03639a300d2e7621012c0aed36,Jisheng Jiang (jisheng3),scripts/campaign_a_orchestrator.py,MobileBERT_SST2,exp_mobilebert_sst2,summary_mobilebert_graypulse,sp26-cs525-0601 (gateway),sp26-cs525-0605..0620 (triton),MobileBERT/SST-2,fail-slow (tc delay 50-200ms),N/A,N/A,N/A,5,",",utf-8,"mode,concurrency,total_requests,success_rate,rps,avg_ms,p95_ms,p99_ms,error_rate,avg_gateway_overhead_ms",relative_seconds,microseconds,event-driven,float64,"latency: ms, payload: bytes",cluster_empirical_derived,EMPIRICAL_DERIVED,Summary statistics computed from raw cluster request logs.,keep_in_data_processed,HIGH,False
data/results/MobileBERT_SST2_p2c_pewma/benchmark_mobilebert_p2c.json,benchmark_mobilebert_p2c.json,.json,3401,d48c724a9e29bc7607bbc9ebfecd47fb1d48cd61726ec07c17441584f5ec1471,Jisheng Jiang (jisheng3),scripts/campaign_a_orchestrator.py,MobileBERT_SST2,exp_mobilebert_sst2,benchmark_mobilebert_p2c,sp26-cs525-0601 (gateway),sp26-cs525-0605..0620 (triton),MobileBERT/SST-2,fail-slow (tc delay 50-200ms),N/A,N/A,N/A,18,N/A,utf-8,data_label|benchmark_scope|campaign_name|mode|model|routing_policy|dataset|inference_stack|execution_mode|cluster|input_tensor_spec|campaign_phases_sec|failure_model_vm05|p99_ms|avg_ms,relative_seconds,microseconds,event-driven,float64,"latency: ms, payload: bytes",cluster_empirical_raw|PRODUCTION_DATA_tag,EMPIRICAL_RAW,"Contains Illinois cluster hostnames (sp26-cs525-06xx), real execution microsecond timestamps, and request traces.",keep_in_data_raw,HIGH,False
data/results/MobileBERT_SST2_p2c_pewma/campaign_nlp_mobilebert_p2c_c128.csv,campaign_nlp_mobilebert_p2c_c128.csv,.csv,1265286,b3d51bc701c91a9ef29efd0c8587e977031d10aebef832fe88bbf9933f994fd1,Jisheng Jiang (jisheng3),scripts/campaign_a_orchestrator.py,MobileBERT_SST2,exp_mobilebert_sst2,campaign_nlp_mobilebert_p2c_c128,sp26-cs525-0601 (gateway),sp26-cs525-0605..0620 (triton),MobileBERT/SST-2,fail-slow (tc delay 50-200ms),2026-04-03T09:40:00.000-05:00,N/A,N/A,12682,",",utf-8,"timestamp,req_id,payload_bytes,policy,backend_id,status_code,e2e_ms,gateway_overhead_ms,",iso8601,microseconds,event-driven,float64,"latency: ms, payload: bytes",cluster_empirical_raw,EMPIRICAL_RAW,"Contains Illinois cluster hostnames (sp26-cs525-06xx), real execution microsecond timestamps, and request traces.",keep_in_data_raw,HIGH,False
data/results/MobileBERT_SST2_p2c_pewma/campaign_nlp_mobilebert_p2c_c32.csv,campaign_nlp_mobilebert_p2c_c32.csv,.csv,1907609,cc923fdfc3ddedb0d3214559fc636f771eabff27f3b44248f7a4151d35f5b560,Jisheng Jiang (jisheng3),scripts/campaign_a_orchestrator.py,MobileBERT_SST2,exp_mobilebert_sst2,campaign_nlp_mobilebert_p2c_c32,sp26-cs525-0601 (gateway),sp26-cs525-0605..0620 (triton),MobileBERT/SST-2,fail-slow (tc delay 50-200ms),2026-04-03T09:00:00.000-05:00,N/A,N/A,19369,",",utf-8,"timestamp,req_id,payload_bytes,policy,backend_id,status_code,e2e_ms,gateway_overhead_ms,",iso8601,microseconds,event-driven,float64,"latency: ms, payload: bytes",cluster_empirical_raw,EMPIRICAL_RAW,"Contains Illinois cluster hostnames (sp26-cs525-06xx), real execution microsecond timestamps, and request traces.",keep_in_data_raw,HIGH,False
data/results/MobileBERT_SST2_p2c_pewma/campaign_nlp_mobilebert_p2c_c48.csv,campaign_nlp_mobilebert_p2c_c48.csv,.csv,1934508,39966d098c99dba35581645fdcb1ab1eddf522f7168e874bafc5522a166018db,Jisheng Jiang (jisheng3),scripts/campaign_a_orchestrator.py,MobileBERT_SST2,exp_mobilebert_sst2,campaign_nlp_mobilebert_p2c_c48,sp26-cs525-0601 (gateway),sp26-cs525-0605..0620 (triton),MobileBERT/SST-2,fail-slow (tc delay 50-200ms),2026-04-03T09:10:00.000-05:00,N/A,N/A,19603,",",utf-8,"timestamp,req_id,payload_bytes,policy,backend_id,status_code,e2e_ms,gateway_overhead_ms,",iso8601,microseconds,event-driven,float64,"latency: ms, payload: bytes",cluster_empirical_raw,EMPIRICAL_RAW,"Contains Illinois cluster hostnames (sp26-cs525-06xx), real execution microsecond timestamps, and request traces.",keep_in_data_raw,HIGH,False
data/results/MobileBERT_SST2_p2c_pewma/campaign_nlp_mobilebert_p2c_c64.csv,campaign_nlp_mobilebert_p2c_c64.csv,.csv,1790703,118033263aa5675e72d68543370c19784726900d8949a1f1f1c6e788d8906b67,Jisheng Jiang (jisheng3),scripts/campaign_a_orchestrator.py,MobileBERT_SST2,exp_mobilebert_sst2,campaign_nlp_mobilebert_p2c_c64,sp26-cs525-0601 (gateway),sp26-cs525-0605..0620 (triton),MobileBERT/SST-2,fail-slow (tc delay 50-200ms),2026-04-03T09:20:00.000-05:00,N/A,N/A,18082,",",utf-8,"timestamp,req_id,payload_bytes,policy,backend_id,status_code,e2e_ms,gateway_overhead_ms,",iso8601,microseconds,event-driven,float64,"latency: ms, payload: bytes",cluster_empirical_raw,EMPIRICAL_RAW,"Contains Illinois cluster hostnames (sp26-cs525-06xx), real execution microsecond timestamps, and request traces.",keep_in_data_raw,HIGH,False
data/results/MobileBERT_SST2_p2c_pewma/campaign_nlp_mobilebert_p2c_c96.csv,campaign_nlp_mobilebert_p2c_c96.csv,.csv,1541482,4bf4cd11cf4ac2d817ecb54fbda5340087e2ff394e43e6547715a654dda6d173,Jisheng Jiang (jisheng3),scripts/campaign_a_orchestrator.py,MobileBERT_SST2,exp_mobilebert_sst2,campaign_nlp_mobilebert_p2c_c96,sp26-cs525-0601 (gateway),sp26-cs525-0605..0620 (triton),MobileBERT/SST-2,fail-slow (tc delay 50-200ms),2026-04-03T09:30:00.000-05:00,N/A,N/A,15469,",",utf-8,"timestamp,req_id,payload_bytes,policy,backend_id,status_code,e2e_ms,gateway_overhead_ms,",iso8601,microseconds,event-driven,float64,"latency: ms, payload: bytes",cluster_empirical_raw,EMPIRICAL_RAW,"Contains Illinois cluster hostnames (sp26-cs525-06xx), real execution microsecond timestamps, and request traces.",keep_in_data_raw,HIGH,False
data/results/MobileBERT_SST2_p2c_pewma/summary_mobilebert_p2c.csv,summary_mobilebert_p2c.csv,.csv,456,dc2750c24c1e81ff6c9e467253ee25022bfa6cc081470751ceb2369538ba9ab0,Jisheng Jiang (jisheng3),scripts/campaign_a_orchestrator.py,MobileBERT_SST2,exp_mobilebert_sst2,summary_mobilebert_p2c,sp26-cs525-0601 (gateway),sp26-cs525-0605..0620 (triton),MobileBERT/SST-2,fail-slow (tc delay 50-200ms),N/A,N/A,N/A,5,",",utf-8,"mode,concurrency,total_requests,success_rate,rps,avg_ms,p95_ms,p99_ms,",relative_seconds,microseconds,event-driven,float64,"latency: ms, payload: bytes",cluster_empirical_derived,EMPIRICAL_DERIVED,Summary statistics computed from raw cluster request logs.,keep_in_data_processed,HIGH,False
data/results/MobileBERT_SST2_round_robin/benchmark_mobilebert_rr.json,benchmark_mobilebert_rr.json,.json,220,02f3b8d966711a11759a515a06099516ece4a8c2d91870297a481f52e229be2c,Jisheng Jiang (jisheng3),scripts/campaign_a_orchestrator.py,MobileBERT_SST2,exp_mobilebert_sst2,benchmark_mobilebert_rr,sp26-cs525-0601 (gateway),sp26-cs525-0605..0620 (triton),MobileBERT/SST-2,fail-slow (tc delay 50-200ms),N/A,N/A,N/A,7,N/A,utf-8,data_label|mode|aggregation|p99_ms|avg_ms|rps|total_requests,relative_seconds,microseconds,event-driven,float64,"latency: ms, payload: bytes",cluster_empirical_derived|PRODUCTION_DATA_tag,EMPIRICAL_DERIVED,Summary statistics computed from raw cluster request logs.,keep_in_data_processed,HIGH,False
data/results/MobileBERT_SST2_round_robin/campaign_nlp_mobilebert_rr_c128.csv,campaign_nlp_mobilebert_rr_c128.csv,.csv,1288586,dc4f575b6ea573b8369fed86eb8673739b6966d00d4dacd04bde5ed32673d946,Jisheng Jiang (jisheng3),scripts/campaign_a_orchestrator.py,MobileBERT_SST2,exp_mobilebert_sst2,campaign_nlp_mobilebert_rr_c128,sp26-cs525-0601 (gateway),sp26-cs525-0605..0620 (triton),MobileBERT/SST-2,fail-slow (tc delay 50-200ms),2026-04-03T12:40:00.031,N/A,N/A,14640,",",utf-8,"timestamp,req_id,payload_bytes,policy,backend_id,status_code,e2e_ms,gateway_overhead_ms,",iso8601,microseconds,event-driven,float64,"latency: ms, payload: bytes",cluster_empirical_raw,EMPIRICAL_RAW,"Contains Illinois cluster hostnames (sp26-cs525-06xx), real execution microsecond timestamps, and request traces.",keep_in_data_raw,HIGH,False
data/results/MobileBERT_SST2_round_robin/campaign_nlp_mobilebert_rr_c32.csv,campaign_nlp_mobilebert_rr_c32.csv,.csv,1084239,68a9b7df3b79285f80f7c6f9ec38359b17a2306d4a892a6372d2efb37b81c43f,Jisheng Jiang (jisheng3),scripts/campaign_a_orchestrator.py,MobileBERT_SST2,exp_mobilebert_sst2,campaign_nlp_mobilebert_rr_c32,sp26-cs525-0601 (gateway),sp26-cs525-0605..0620 (triton),MobileBERT/SST-2,fail-slow (tc delay 50-200ms),2026-04-03T12:00:00.012,N/A,N/A,12600,",",utf-8,"timestamp,req_id,payload_bytes,policy,backend_id,status_code,e2e_ms,gateway_overhead_ms,",iso8601,microseconds,event-driven,float64,"latency: ms, payload: bytes",cluster_empirical_raw,EMPIRICAL_RAW,"Contains Illinois cluster hostnames (sp26-cs525-06xx), real execution microsecond timestamps, and request traces.",keep_in_data_raw,HIGH,False
data/results/MobileBERT_SST2_round_robin/campaign_nlp_mobilebert_rr_c48.csv,campaign_nlp_mobilebert_rr_c48.csv,.csv,1169156,6ac1b3a0c65cb58dc120d8335287fa4f8e48ba981c8c19df5cbe1c320f978c0b,Jisheng Jiang (jisheng3),scripts/campaign_a_orchestrator.py,MobileBERT_SST2,exp_mobilebert_sst2,campaign_nlp_mobilebert_rr_c48,sp26-cs525-0601 (gateway),sp26-cs525-0605..0620 (triton),MobileBERT/SST-2,fail-slow (tc delay 50-200ms),2026-04-03T12:10:00.000,N/A,N/A,13560,",",utf-8,"timestamp,req_id,payload_bytes,policy,backend_id,status_code,e2e_ms,gateway_overhead_ms,",iso8601,microseconds,event-driven,float64,"latency: ms, payload: bytes",cluster_empirical_raw,EMPIRICAL_RAW,"Contains Illinois cluster hostnames (sp26-cs525-06xx), real execution microsecond timestamps, and request traces.",keep_in_data_raw,HIGH,False
data/results/MobileBERT_SST2_round_robin/campaign_nlp_mobilebert_rr_c64.csv,campaign_nlp_mobilebert_rr_c64.csv,.csv,1208038,a65c1e3196d6e7ba6ab56b9576c25ccbe0533eef67f2772c0ef3592295ca8141,Jisheng Jiang (jisheng3),scripts/campaign_a_orchestrator.py,MobileBERT_SST2,exp_mobilebert_sst2,campaign_nlp_mobilebert_rr_c64,sp26-cs525-0601 (gateway),sp26-cs525-0605..0620 (triton),MobileBERT/SST-2,fail-slow (tc delay 50-200ms),2026-04-03T12:20:00.007,N/A,N/A,13950,",",utf-8,"timestamp,req_id,payload_bytes,policy,backend_id,status_code,e2e_ms,gateway_overhead_ms,",iso8601,microseconds,event-driven,float64,"latency: ms, payload: bytes",cluster_empirical_raw,EMPIRICAL_RAW,"Contains Illinois cluster hostnames (sp26-cs525-06xx), real execution microsecond timestamps, and request traces.",keep_in_data_raw,HIGH,False
data/results/MobileBERT_SST2_round_robin/campaign_nlp_mobilebert_rr_c96.csv,campaign_nlp_mobilebert_rr_c96.csv,.csv,1247043,358c92cfdf7f5890a9448e45ecb33a0d09359030503e26de53b9ec1848e80e35,Jisheng Jiang (jisheng3),scripts/campaign_a_orchestrator.py,MobileBERT_SST2,exp_mobilebert_sst2,campaign_nlp_mobilebert_rr_c96,sp26-cs525-0601 (gateway),sp26-cs525-0605..0620 (triton),MobileBERT/SST-2,fail-slow (tc delay 50-200ms),2026-04-03T12:30:00.011,N/A,N/A,14340,",",utf-8,"timestamp,req_id,payload_bytes,policy,backend_id,status_code,e2e_ms,gateway_overhead_ms,",iso8601,microseconds,event-driven,float64,"latency: ms, payload: bytes",cluster_empirical_raw,EMPIRICAL_RAW,"Contains Illinois cluster hostnames (sp26-cs525-06xx), real execution microsecond timestamps, and request traces.",keep_in_data_raw,HIGH,False
data/results/MobileBERT_SST2_round_robin/README_PRODUCTION_DATA.txt,README_PRODUCTION_DATA.txt,.txt,1676,7f91914ba7bf7f182aef9fe2aedc95ae837b7cf072c42ccabfc859b1e98cc5e5,Jisheng Jiang (jisheng3),scripts/campaign_a_orchestrator.py,MobileBERT_SST2,exp_mobilebert_sst2,README_PRODUCTION_DATA,sp26-cs525-0601 (gateway),sp26-cs525-0605..0620 (triton),Cluster Telemetry,fail-slow (tc delay 50-200ms),N/A,N/A,N/A,0,N/A,utf-8,N/A,relative_seconds,microseconds,event-driven,float64,"latency: ms, payload: bytes",cluster_empirical_raw|PRODUCTION_DATA_tag,EMPIRICAL_RAW,"Contains Illinois cluster hostnames (sp26-cs525-06xx), real execution microsecond timestamps, and request traces.",keep_in_data_raw,HIGH,False
data/results/MobileBERT_SST2_round_robin/summary_mobilebert_rr.csv,summary_mobilebert_rr.csv,.csv,417,4478624d26cc1b1ece5dc5d45ba27c3837620132478963938bd6602038ce5366,Jisheng Jiang (jisheng3),scripts/campaign_a_orchestrator.py,MobileBERT_SST2,exp_mobilebert_sst2,summary_mobilebert_rr,sp26-cs525-0601 (gateway),sp26-cs525-0605..0620 (triton),MobileBERT/SST-2,fail-slow (tc delay 50-200ms),N/A,N/A,N/A,5,",",utf-8,"mode,concurrency,total_requests,success_rate,rps,avg_ms,p95_ms,p99_ms,",relative_seconds,microseconds,event-driven,float64,"latency: ms, payload: bytes",cluster_empirical_derived,EMPIRICAL_DERIVED,Summary statistics computed from raw cluster request logs.,keep_in_data_processed,HIGH,False
data/results/MobileBERT_SST2_tri_cb/benchmark_mobilebert_tricb.json,benchmark_mobilebert_tricb.json,.json,86,d851807d73e35f10c342a89d9c04be43819c263eab9ee939a6becb50029ac6ea,Jisheng Jiang (jisheng3),scripts/campaign_a_orchestrator.py,MobileBERT_SST2,exp_mobilebert_sst2,benchmark_mobilebert_tricb,sp26-cs525-0601 (gateway),sp26-cs525-0605..0620 (triton),MobileBERT/SST-2,fail-slow (tc delay 50-200ms),N/A,N/A,N/A,4,N/A,utf-8,p99_ms|avg_ms|rps|total_requests,relative_seconds,microseconds,event-driven,float64,"latency: ms, payload: bytes",cluster_empirical_derived,EMPIRICAL_DERIVED,Summary statistics computed from raw cluster request logs.,keep_in_data_processed,HIGH,False
data/results/MobileBERT_SST2_tri_cb/campaign_nlp_mobilebert_tricb_c128.csv,campaign_nlp_mobilebert_tricb_c128.csv,.csv,9976064,a7ac0758e689d0e3caa1741b11529e1cf626e825cdc63f58ba1c72da91cdbb5c,Jisheng Jiang (jisheng3),scripts/campaign_a_orchestrator.py,MobileBERT_SST2,exp_mobilebert_sst2,campaign_nlp_mobilebert_tricb_c128,sp26-cs525-0601 (gateway),sp26-cs525-0605..0620 (triton),MobileBERT/SST-2,fail-slow (tc delay 50-200ms),2026-04-04T12:24:00Z,N/A,N/A,105744,",",utf-8,"timestamp,req_id,payload_bytes,policy,backend_id,status_code,e2e_ms,gateway_overhead_ms,",iso8601,microseconds,event-driven,float64,"latency: ms, payload: bytes",cluster_empirical_raw,EMPIRICAL_RAW,"Contains Illinois cluster hostnames (sp26-cs525-06xx), real execution microsecond timestamps, and request traces.",keep_in_data_raw,HIGH,False
data/results/MobileBERT_SST2_tri_cb/campaign_nlp_mobilebert_tricb_c32.csv,campaign_nlp_mobilebert_tricb_c32.csv,.csv,5678535,9e932cbd41421ea8009a67dd8a34895e156f8d840447d7674b35f50a3ccd704e,Jisheng Jiang (jisheng3),scripts/campaign_a_orchestrator.py,MobileBERT_SST2,exp_mobilebert_sst2,campaign_nlp_mobilebert_tricb_c32,sp26-cs525-0601 (gateway),sp26-cs525-0605..0620 (triton),MobileBERT/SST-2,fail-slow (tc delay 50-200ms),2026-04-04T12:00:00Z,N/A,N/A,61391,",",utf-8,"timestamp,req_id,payload_bytes,policy,backend_id,status_code,e2e_ms,gateway_overhead_ms,",iso8601,microseconds,event-driven,float64,"latency: ms, payload: bytes",cluster_empirical_raw,EMPIRICAL_RAW,"Contains Illinois cluster hostnames (sp26-cs525-06xx), real execution microsecond timestamps, and request traces.",keep_in_data_raw,HIGH,False
data/results/MobileBERT_SST2_tri_cb/campaign_nlp_mobilebert_tricb_c48.csv,campaign_nlp_mobilebert_tricb_c48.csv,.csv,7448112,bbf05af76f86e82d53251a446b05f1b6dca36ef24679d87d7ab0a4bea116516c,Jisheng Jiang (jisheng3),scripts/campaign_a_orchestrator.py,MobileBERT_SST2,exp_mobilebert_sst2,campaign_nlp_mobilebert_tricb_c48,sp26-cs525-0601 (gateway),sp26-cs525-0605..0620 (triton),MobileBERT/SST-2,fail-slow (tc delay 50-200ms),2026-04-04T12:06:00Z,N/A,N/A,80382,",",utf-8,"timestamp,req_id,payload_bytes,policy,backend_id,status_code,e2e_ms,gateway_overhead_ms,",iso8601,microseconds,event-driven,float64,"latency: ms, payload: bytes",cluster_empirical_raw,EMPIRICAL_RAW,"Contains Illinois cluster hostnames (sp26-cs525-06xx), real execution microsecond timestamps, and request traces.",keep_in_data_raw,HIGH,False
data/results/MobileBERT_SST2_tri_cb/campaign_nlp_mobilebert_tricb_c64.csv,campaign_nlp_mobilebert_tricb_c64.csv,.csv,8498919,961668ae0c070b0080faf5bd70adbaff448434f0d7949cf58cbaa615f5e85628,Jisheng Jiang (jisheng3),scripts/campaign_a_orchestrator.py,MobileBERT_SST2,exp_mobilebert_sst2,campaign_nlp_mobilebert_tricb_c64,sp26-cs525-0601 (gateway),sp26-cs525-0605..0620 (triton),MobileBERT/SST-2,fail-slow (tc delay 50-200ms),2026-04-04T12:12:00Z,N/A,N/A,91581,",",utf-8,"timestamp,req_id,payload_bytes,policy,backend_id,status_code,e2e_ms,gateway_overhead_ms,",iso8601,microseconds,event-driven,float64,"latency: ms, payload: bytes",cluster_empirical_raw,EMPIRICAL_RAW,"Contains Illinois cluster hostnames (sp26-cs525-06xx), real execution microsecond timestamps, and request traces.",keep_in_data_raw,HIGH,False
data/results/MobileBERT_SST2_tri_cb/campaign_nlp_mobilebert_tricb_c96.csv,campaign_nlp_mobilebert_tricb_c96.csv,.csv,9297809,8bdc05be2925c0811fc994e7f0c3b2dc04119ec9836d54525dbe7a2d440ef250,Jisheng Jiang (jisheng3),scripts/campaign_a_orchestrator.py,MobileBERT_SST2,exp_mobilebert_sst2,campaign_nlp_mobilebert_tricb_c96,sp26-cs525-0601 (gateway),sp26-cs525-0605..0620 (triton),MobileBERT/SST-2,fail-slow (tc delay 50-200ms),2026-04-04T12:18:00Z,N/A,N/A,99860,",",utf-8,"timestamp,req_id,payload_bytes,policy,backend_id,status_code,e2e_ms,gateway_overhead_ms,",iso8601,microseconds,event-driven,float64,"latency: ms, payload: bytes",cluster_empirical_raw,EMPIRICAL_RAW,"Contains Illinois cluster hostnames (sp26-cs525-06xx), real execution microsecond timestamps, and request traces.",keep_in_data_raw,HIGH,False
data/results/MobileBERT_SST2_tri_cb/summary_mobilebert_tricb.csv,summary_mobilebert_tricb.csv,.csv,391,fa1f5009241d7b91b0586f852161d8ff68eeb2b8070b4a3e3ab99cb9814b9dcd,Jisheng Jiang (jisheng3),scripts/campaign_a_orchestrator.py,MobileBERT_SST2,exp_mobilebert_sst2,summary_mobilebert_tricb,sp26-cs525-0601 (gateway),sp26-cs525-0605..0620 (triton),MobileBERT/SST-2,fail-slow (tc delay 50-200ms),N/A,N/A,N/A,5,",",utf-8,"mode,concurrency,total_requests,success_rate,rps,avg_ms,p95_ms,p99_ms,",relative_seconds,microseconds,event-driven,float64,"latency: ms, payload: bytes",cluster_empirical_derived,EMPIRICAL_DERIVED,Summary statistics computed from raw cluster request logs.,keep_in_data_processed,HIGH,False
data/results/ResNet50_CIFAR10_gateway_ablation/benchmark_resnet_gatewaysmart.json,benchmark_resnet_gatewaysmart.json,.json,283,64ca51bba3fc58a8a442d88a57115fb57a441fa5bffd920e17a87662fca25912,Jisheng Jiang (jisheng3),scripts/campaign_a_orchestrator.py,ResNet50_CIFAR10,exp_resnet50_cifar10,benchmark_resnet_gatewaysmart,sp26-cs525-0601 (gateway),sp26-cs525-0605..0620 (triton),ResNet-50/CIFAR-10,fail-slow (tc delay 50-200ms),N/A,N/A,N/A,8,N/A,utf-8,label|campaign|aggregation_scope|mode|p99_ms|avg_ms|rps|total_requests,relative_seconds,microseconds,event-driven,float64,"latency: ms, payload: bytes",cluster_empirical_derived|PRODUCTION_DATA_tag,EMPIRICAL_DERIVED,Summary statistics computed from raw cluster request logs.,keep_in_data_processed,HIGH,False
data/results/ResNet50_CIFAR10_gateway_ablation/benchmark_resnet_gatewaystrawman.json,benchmark_resnet_gatewaystrawman.json,.json,288,ee12477c2371a8d858a8f271e222b76528e618ace561f32c68f9e7b8d04cf594,Jisheng Jiang (jisheng3),scripts/campaign_a_orchestrator.py,ResNet50_CIFAR10,exp_resnet50_cifar10,benchmark_resnet_gatewaystrawman,sp26-cs525-0601 (gateway),sp26-cs525-0605..0620 (triton),ResNet-50/CIFAR-10,fail-slow (tc delay 50-200ms),N/A,N/A,N/A,8,N/A,utf-8,label|campaign|aggregation_scope|mode|p99_ms|avg_ms|rps|total_requests,relative_seconds,microseconds,event-driven,float64,"latency: ms, payload: bytes",cluster_empirical_derived|PRODUCTION_DATA_tag,EMPIRICAL_DERIVED,Summary statistics computed from raw cluster request logs.,keep_in_data_processed,HIGH,False
data/results/ResNet50_CIFAR10_gateway_ablation/campaign_cv_resnet_gatewaysmart_c16.csv,campaign_cv_resnet_gatewaysmart_c16.csv,.csv,1039118,8af0cb9b0afe869315a66a82dd1f5a0c292908765a021c9ed55531619667a925,Jisheng Jiang (jisheng3),scripts/campaign_a_orchestrator.py,ResNet50_CIFAR10,exp_resnet50_cifar10,campaign_cv_resnet_gatewaysmart_c16,sp26-cs525-0601 (gateway),sp26-cs525-0605..0620 (triton),ResNet-50/CIFAR-10,fail-slow (tc delay 50-200ms),1775203200.0,N/A,N/A,10121,",",utf-8,"timestamp,req_id,payload_bytes,mode,backend_id,status_code,e2e_ms,gateway_overhead_ms,",unix_epoch_float,microseconds,event-driven,float64,"latency: ms, payload: bytes",cluster_empirical_raw,EMPIRICAL_RAW,"Contains Illinois cluster hostnames (sp26-cs525-06xx), real execution microsecond timestamps, and request traces.",keep_in_data_raw,HIGH,False
data/results/ResNet50_CIFAR10_gateway_ablation/campaign_cv_resnet_gatewaysmart_c24.csv,campaign_cv_resnet_gatewaysmart_c24.csv,.csv,1169024,6835203d7bb9e6b2bcbab6322503be79b2a8940ea9cc9bfef08d3d9b037be685,Jisheng Jiang (jisheng3),scripts/campaign_a_orchestrator.py,ResNet50_CIFAR10,exp_resnet50_cifar10,campaign_cv_resnet_gatewaysmart_c24,sp26-cs525-0601 (gateway),sp26-cs525-0605..0620 (triton),ResNet-50/CIFAR-10,fail-slow (tc delay 50-200ms),1775206800.0,N/A,N/A,11386,",",utf-8,"timestamp,req_id,payload_bytes,mode,backend_id,status_code,e2e_ms,gateway_overhead_ms,",unix_epoch_float,microseconds,event-driven,float64,"latency: ms, payload: bytes",cluster_empirical_raw,EMPIRICAL_RAW,"Contains Illinois cluster hostnames (sp26-cs525-06xx), real execution microsecond timestamps, and request traces.",keep_in_data_raw,HIGH,False
data/results/ResNet50_CIFAR10_gateway_ablation/campaign_cv_resnet_gatewaysmart_c32.csv,campaign_cv_resnet_gatewaysmart_c32.csv,.csv,1236172,054a52b6eea2c803a867668bdbebf07b82ea2f119acb9956fad0a4046f9c09af,Jisheng Jiang (jisheng3),scripts/campaign_a_orchestrator.py,ResNet50_CIFAR10,exp_resnet50_cifar10,campaign_cv_resnet_gatewaysmart_c32,sp26-cs525-0601 (gateway),sp26-cs525-0605..0620 (triton),ResNet-50/CIFAR-10,fail-slow (tc delay 50-200ms),1775210400.0,N/A,N/A,12027,",",utf-8,"timestamp,req_id,payload_bytes,mode,backend_id,status_code,e2e_ms,gateway_overhead_ms,",unix_epoch_float,microseconds,event-driven,float64,"latency: ms, payload: bytes",cluster_empirical_raw,EMPIRICAL_RAW,"Contains Illinois cluster hostnames (sp26-cs525-06xx), real execution microsecond timestamps, and request traces.",keep_in_data_raw,HIGH,False
data/results/ResNet50_CIFAR10_gateway_ablation/campaign_cv_resnet_gatewaysmart_c48.csv,campaign_cv_resnet_gatewaysmart_c48.csv,.csv,1267274,76efbb98739d8a23ef000458729b1815aef2f98e3ba68826479b53e4060d202b,Jisheng Jiang (jisheng3),scripts/campaign_a_orchestrator.py,ResNet50_CIFAR10,exp_resnet50_cifar10,campaign_cv_resnet_gatewaysmart_c48,sp26-cs525-0601 (gateway),sp26-cs525-0605..0620 (triton),ResNet-50/CIFAR-10,fail-slow (tc delay 50-200ms),1775214000.0,N/A,N/A,12249,",",utf-8,"timestamp,req_id,payload_bytes,mode,backend_id,status_code,e2e_ms,gateway_overhead_ms,",unix_epoch_float,microseconds,event-driven,float64,"latency: ms, payload: bytes",cluster_empirical_raw,EMPIRICAL_RAW,"Contains Illinois cluster hostnames (sp26-cs525-06xx), real execution microsecond timestamps, and request traces.",keep_in_data_raw,HIGH,False
data/results/ResNet50_CIFAR10_gateway_ablation/campaign_cv_resnet_gatewaysmart_c64.csv,campaign_cv_resnet_gatewaysmart_c64.csv,.csv,1245945,07901ef3882ce2c97f26a4a6db58ef640cc97e8bc91285fe6acdcfba2db22e78,Jisheng Jiang (jisheng3),scripts/campaign_a_orchestrator.py,ResNet50_CIFAR10,exp_resnet50_cifar10,campaign_cv_resnet_gatewaysmart_c64,sp26-cs525-0601 (gateway),sp26-cs525-0605..0620 (triton),ResNet-50/CIFAR-10,fail-slow (tc delay 50-200ms),1775217600.0,N/A,N/A,11977,",",utf-8,"timestamp,req_id,payload_bytes,mode,backend_id,status_code,e2e_ms,gateway_overhead_ms,",unix_epoch_float,microseconds,event-driven,float64,"latency: ms, payload: bytes",cluster_empirical_raw,EMPIRICAL_RAW,"Contains Illinois cluster hostnames (sp26-cs525-06xx), real execution microsecond timestamps, and request traces.",keep_in_data_raw,HIGH,False
data/results/ResNet50_CIFAR10_gateway_ablation/campaign_cv_resnet_gatewaystrawman_c16.csv,campaign_cv_resnet_gatewaystrawman_c16.csv,.csv,1050667,8ebb993bf3b4b9a5c5172bf1d461a01f37cbc415f2c449b9bafc83f350c5b21f,Jisheng Jiang (jisheng3),scripts/campaign_a_orchestrator.py,ResNet50_CIFAR10,exp_resnet50_cifar10,campaign_cv_resnet_gatewaystrawman_c16,sp26-cs525-0601 (gateway),sp26-cs525-0605..0620 (triton),ResNet-50/CIFAR-10,fail-slow (tc delay 50-200ms),1775205000.0,N/A,N/A,9883,",",utf-8,"timestamp,req_id,payload_bytes,mode,backend_id,status_code,e2e_ms,gateway_overhead_ms,",unix_epoch_float,microseconds,event-driven,float64,"latency: ms, payload: bytes",cluster_empirical_raw,EMPIRICAL_RAW,"Contains Illinois cluster hostnames (sp26-cs525-06xx), real execution microsecond timestamps, and request traces.",keep_in_data_raw,HIGH,False
data/results/ResNet50_CIFAR10_gateway_ablation/campaign_cv_resnet_gatewaystrawman_c24.csv,campaign_cv_resnet_gatewaystrawman_c24.csv,.csv,1182891,338b6cdec7d87e5736aab8d70ad8a243cbc4e66fb95fea7b04ade5202f618ff4,Jisheng Jiang (jisheng3),scripts/campaign_a_orchestrator.py,ResNet50_CIFAR10,exp_resnet50_cifar10,campaign_cv_resnet_gatewaystrawman_c24,sp26-cs525-0601 (gateway),sp26-cs525-0605..0620 (triton),ResNet-50/CIFAR-10,fail-slow (tc delay 50-200ms),1775208600.0,N/A,N/A,11099,",",utf-8,"timestamp,req_id,payload_bytes,mode,backend_id,status_code,e2e_ms,gateway_overhead_ms,",unix_epoch_float,microseconds,event-driven,float64,"latency: ms, payload: bytes",cluster_empirical_raw,EMPIRICAL_RAW,"Contains Illinois cluster hostnames (sp26-cs525-06xx), real execution microsecond timestamps, and request traces.",keep_in_data_raw,HIGH,False
data/results/ResNet50_CIFAR10_gateway_ablation/campaign_cv_resnet_gatewaystrawman_c32.csv,campaign_cv_resnet_gatewaystrawman_c32.csv,.csv,1221303,291a9fed29656193258d19b606a82030c251e3fde50a7ca6b28b71e51f82e662,Jisheng Jiang (jisheng3),scripts/campaign_a_orchestrator.py,ResNet50_CIFAR10,exp_resnet50_cifar10,campaign_cv_resnet_gatewaystrawman_c32,sp26-cs525-0601 (gateway),sp26-cs525-0605..0620 (triton),ResNet-50/CIFAR-10,fail-slow (tc delay 50-200ms),1775212200.0,N/A,N/A,11438,",",utf-8,"timestamp,req_id,payload_bytes,mode,backend_id,status_code,e2e_ms,gateway_overhead_ms,",unix_epoch_float,microseconds,event-driven,float64,"latency: ms, payload: bytes",cluster_empirical_raw,EMPIRICAL_RAW,"Contains Illinois cluster hostnames (sp26-cs525-06xx), real execution microsecond timestamps, and request traces.",keep_in_data_raw,HIGH,False
data/results/ResNet50_CIFAR10_gateway_ablation/campaign_cv_resnet_gatewaystrawman_c48.csv,campaign_cv_resnet_gatewaystrawman_c48.csv,.csv,1220889,1ac0b3171f336732e6040e1245016ec640376962f7d7f358d69fc7dfcd17fdda,Jisheng Jiang (jisheng3),scripts/campaign_a_orchestrator.py,ResNet50_CIFAR10,exp_resnet50_cifar10,campaign_cv_resnet_gatewaystrawman_c48,sp26-cs525-0601 (gateway),sp26-cs525-0605..0620 (triton),ResNet-50/CIFAR-10,fail-slow (tc delay 50-200ms),1775215800.0,N/A,N/A,11380,",",utf-8,"timestamp,req_id,payload_bytes,mode,backend_id,status_code,e2e_ms,gateway_overhead_ms,",unix_epoch_float,microseconds,event-driven,float64,"latency: ms, payload: bytes",cluster_empirical_raw,EMPIRICAL_RAW,"Contains Illinois cluster hostnames (sp26-cs525-06xx), real execution microsecond timestamps, and request traces.",keep_in_data_raw,HIGH,False
data/results/ResNet50_CIFAR10_gateway_ablation/campaign_cv_resnet_gatewaystrawman_c64.csv,campaign_cv_resnet_gatewaystrawman_c64.csv,.csv,1178420,4603292d43627eb939c7c1d1038612dc767658372bf099704251a73191f93807,Jisheng Jiang (jisheng3),scripts/campaign_a_orchestrator.py,ResNet50_CIFAR10,exp_resnet50_cifar10,campaign_cv_resnet_gatewaystrawman_c64,sp26-cs525-0601 (gateway),sp26-cs525-0605..0620 (triton),ResNet-50/CIFAR-10,fail-slow (tc delay 50-200ms),1775219400.0,N/A,N/A,10921,",",utf-8,"timestamp,req_id,payload_bytes,mode,backend_id,status_code,e2e_ms,gateway_overhead_ms,",unix_epoch_float,microseconds,event-driven,float64,"latency: ms, payload: bytes",cluster_empirical_raw,EMPIRICAL_RAW,"Contains Illinois cluster hostnames (sp26-cs525-06xx), real execution microsecond timestamps, and request traces.",keep_in_data_raw,HIGH,False
data/results/ResNet50_CIFAR10_gateway_ablation/README_PRODUCTION.txt,README_PRODUCTION.txt,.txt,4411,4daf58e071662199bd69c0047ba883e21a9b81619d014e8aed6612cbd3419496,Jisheng Jiang (jisheng3),scripts/campaign_a_orchestrator.py,ResNet50_CIFAR10,exp_resnet50_cifar10,README_PRODUCTION,sp26-cs525-0601 (gateway),sp26-cs525-0605..0620 (triton),Cluster Telemetry,fail-slow (tc delay 50-200ms),N/A,N/A,N/A,0,N/A,utf-8,N/A,relative_seconds,microseconds,event-driven,float64,"latency: ms, payload: bytes",cluster_empirical_raw|PRODUCTION_DATA_tag,EMPIRICAL_RAW,"Contains Illinois cluster hostnames (sp26-cs525-06xx), real execution microsecond timestamps, and request traces.",keep_in_data_raw,HIGH,False
data/results/ResNet50_CIFAR10_gateway_ablation/representative_slices_PRODUCTION.txt,representative_slices_PRODUCTION.txt,.txt,3685,0dad3983b39f4c28cf378016af97df02fe6b35d6ab6f3a4834d3b83936f43c6e,Jisheng Jiang (jisheng3),scripts/campaign_a_orchestrator.py,ResNet50_CIFAR10,exp_resnet50_cifar10,representative_slices_PRODUCTION,sp26-cs525-0601 (gateway),sp26-cs525-0605..0620 (triton),Cluster Telemetry,fail-slow (tc delay 50-200ms),N/A,N/A,N/A,0,N/A,utf-8,N/A,relative_seconds,microseconds,event-driven,float64,"latency: ms, payload: bytes",cluster_empirical_raw,EMPIRICAL_RAW,"Contains Illinois cluster hostnames (sp26-cs525-06xx), real execution microsecond timestamps, and request traces.",keep_in_data_raw,HIGH,False
data/results/ResNet50_CIFAR10_gateway_ablation/summary_resnet_gateway_ablation.csv,summary_resnet_gateway_ablation.csv,.csv,763,524a7d487dc539da8826302759ce45980ed794c4173fd826a7da1f341cb0bf2d,Jisheng Jiang (jisheng3),scripts/campaign_a_orchestrator.py,ResNet50_CIFAR10,exp_resnet50_cifar10,summary_resnet_gateway_ablation,sp26-cs525-0601 (gateway),sp26-cs525-0605..0620 (triton),ResNet-50/CIFAR-10,fail-slow (tc delay 50-200ms),N/A,N/A,N/A,10,",",utf-8,"mode,concurrency,total_requests,success_rate,rps,avg_ms,p95_ms,p99_ms,",relative_seconds,microseconds,event-driven,float64,"latency: ms, payload: bytes",cluster_empirical_derived,EMPIRICAL_DERIVED,Summary statistics computed from raw cluster request logs.,keep_in_data_processed,HIGH,False
data/results/ResNet50_CIFAR10_greypulse/benchmark_resnet_graypulse.json,benchmark_resnet_graypulse.json,.json,734,fbb0fcbbba9dd7d262fb9709efb5f704995940812943180e0c5ef02e819335e4,Jisheng Jiang (jisheng3),scripts/campaign_a_orchestrator.py,ResNet50_CIFAR10,exp_resnet50_cifar10,benchmark_resnet_graypulse,sp26-cs525-0601 (gateway),sp26-cs525-0605..0620 (triton),ResNet-50/CIFAR-10,fail-slow (tc delay 50-200ms),N/A,N/A,N/A,11,N/A,utf-8,data_label|model|dataset|policy|inference_stack|execution_mode|duration_s|p99_ms|avg_ms|rps|total_requests,relative_seconds,microseconds,event-driven,float64,"latency: ms, payload: bytes",cluster_empirical_derived|PRODUCTION_DATA_tag,EMPIRICAL_DERIVED,Summary statistics computed from raw cluster request logs.,keep_in_data_processed,HIGH,False
data/results/ResNet50_CIFAR10_greypulse/campaign_cv_resnet_graypulse_c16.csv,campaign_cv_resnet_graypulse_c16.csv,.csv,2216657,bbefbbe9d6242492a27d0ed586d73aa78d1c9f265a7fac643fe237bf448899d8,Jisheng Jiang (jisheng3),scripts/campaign_a_orchestrator.py,ResNet50_CIFAR10,exp_resnet50_cifar10,campaign_cv_resnet_graypulse_c16,sp26-cs525-0601 (gateway),sp26-cs525-0605..0620 (triton),ResNet-50/CIFAR-10,fail-slow (tc delay 50-200ms),0.001418,N/A,N/A,23040,",",utf-8,"timestamp,req_id,payload_bytes,policy,backend_id,status_code,e2e_ms,gateway_overhead_ms,error_body",relative_seconds,microseconds,event-driven,float64,"latency: ms, payload: bytes",cluster_empirical_raw,EMPIRICAL_RAW,"Contains Illinois cluster hostnames (sp26-cs525-06xx), real execution microsecond timestamps, and request traces.",keep_in_data_raw,HIGH,False
data/results/ResNet50_CIFAR10_greypulse/campaign_cv_resnet_graypulse_c24.csv,campaign_cv_resnet_graypulse_c24.csv,.csv,2793955,625e32993e63033fa37cdce9df62135837a8b5802dcfd1c048086c0162f16a4a,Jisheng Jiang (jisheng3),scripts/campaign_a_orchestrator.py,ResNet50_CIFAR10,exp_resnet50_cifar10,campaign_cv_resnet_graypulse_c24,sp26-cs525-0601 (gateway),sp26-cs525-0605..0620 (triton),ResNet-50/CIFAR-10,fail-slow (tc delay 50-200ms),0.005014,N/A,N/A,29040,",",utf-8,"timestamp,req_id,payload_bytes,policy,backend_id,status_code,e2e_ms,gateway_overhead_ms,error_body",relative_seconds,microseconds,event-driven,float64,"latency: ms, payload: bytes",cluster_empirical_raw,EMPIRICAL_RAW,"Contains Illinois cluster hostnames (sp26-cs525-06xx), real execution microsecond timestamps, and request traces.",keep_in_data_raw,HIGH,False
data/results/ResNet50_CIFAR10_greypulse/campaign_cv_resnet_graypulse_c32.csv,campaign_cv_resnet_graypulse_c32.csv,.csv,3186738,1abb1f3b2b8852ca1538b95bcfe261ccf239eca64b31d0acb0dbeb34609fa6f8,Jisheng Jiang (jisheng3),scripts/campaign_a_orchestrator.py,ResNet50_CIFAR10,exp_resnet50_cifar10,campaign_cv_resnet_graypulse_c32,sp26-cs525-0601 (gateway),sp26-cs525-0605..0620 (triton),ResNet-50/CIFAR-10,fail-slow (tc delay 50-200ms),0.001076,N/A,N/A,33120,",",utf-8,"timestamp,req_id,payload_bytes,policy,backend_id,status_code,e2e_ms,gateway_overhead_ms,error_body",relative_seconds,microseconds,event-driven,float64,"latency: ms, payload: bytes",cluster_empirical_raw,EMPIRICAL_RAW,"Contains Illinois cluster hostnames (sp26-cs525-06xx), real execution microsecond timestamps, and request traces.",keep_in_data_raw,HIGH,False
data/results/ResNet50_CIFAR10_greypulse/campaign_cv_resnet_graypulse_c48.csv,campaign_cv_resnet_graypulse_c48.csv,.csv,3625498,8c3c227e1a3c05bd7fd46c2980063cb937a9b77a294e91e405e8b62110ab3406,Jisheng Jiang (jisheng3),scripts/campaign_a_orchestrator.py,ResNet50_CIFAR10,exp_resnet50_cifar10,campaign_cv_resnet_graypulse_c48,sp26-cs525-0601 (gateway),sp26-cs525-0605..0620 (triton),ResNet-50/CIFAR-10,fail-slow (tc delay 50-200ms),0.004116,N/A,N/A,37680,",",utf-8,"timestamp,req_id,payload_bytes,policy,backend_id,status_code,e2e_ms,gateway_overhead_ms,error_body",relative_seconds,microseconds,event-driven,float64,"latency: ms, payload: bytes",cluster_empirical_raw,EMPIRICAL_RAW,"Contains Illinois cluster hostnames (sp26-cs525-06xx), real execution microsecond timestamps, and request traces.",keep_in_data_raw,HIGH,False
data/results/ResNet50_CIFAR10_greypulse/campaign_cv_resnet_graypulse_c64.csv,campaign_cv_resnet_graypulse_c64.csv,.csv,3809778,8de47e0bc90d2c44ba3a50fbff05778e747a6c4b856ade10cc74eaa046e87efb,Jisheng Jiang (jisheng3),scripts/campaign_a_orchestrator.py,ResNet50_CIFAR10,exp_resnet50_cifar10,campaign_cv_resnet_graypulse_c64,sp26-cs525-0601 (gateway),sp26-cs525-0605..0620 (triton),ResNet-50/CIFAR-10,fail-slow (tc delay 50-200ms),0.025871,N/A,N/A,39600,",",utf-8,"timestamp,req_id,payload_bytes,policy,backend_id,status_code,e2e_ms,gateway_overhead_ms,error_body",relative_seconds,microseconds,event-driven,float64,"latency: ms, payload: bytes",cluster_empirical_raw,EMPIRICAL_RAW,"Contains Illinois cluster hostnames (sp26-cs525-06xx), real execution microsecond timestamps, and request traces.",keep_in_data_raw,HIGH,False
data/results/ResNet50_CIFAR10_greypulse/summary_resnet_graypulse.csv,summary_resnet_graypulse.csv,.csv,516,b92f2a6285d011d1525582cd31c01f961fb6d08473c1c5766f77b9124dc97b61,Jisheng Jiang (jisheng3),scripts/campaign_a_orchestrator.py,ResNet50_CIFAR10,exp_resnet50_cifar10,summary_resnet_graypulse,sp26-cs525-0601 (gateway),sp26-cs525-0605..0620 (triton),ResNet-50/CIFAR-10,fail-slow (tc delay 50-200ms),N/A,N/A,N/A,5,",",utf-8,"mode,concurrency,total_requests,success_rate,rps,avg_ms,p95_ms,p99_ms,error_rate,avg_gateway_overhead_ms",relative_seconds,microseconds,event-driven,float64,"latency: ms, payload: bytes",cluster_empirical_derived,EMPIRICAL_DERIVED,Summary statistics computed from raw cluster request logs.,keep_in_data_processed,HIGH,False
data/results/ResNet50_CIFAR10_p2c_pewma/benchmark_resnet_p2c.json,benchmark_resnet_p2c.json,.json,147,7485fa7738e40b1abc9a7a38f5df2c95571e0232b3760f9345ee290dd2f4fd6d,Jisheng Jiang (jisheng3),scripts/campaign_a_orchestrator.py,ResNet50_CIFAR10,exp_resnet50_cifar10,benchmark_resnet_p2c,sp26-cs525-0601 (gateway),sp26-cs525-0605..0620 (triton),ResNet-50/CIFAR-10,fail-slow (tc delay 50-200ms),N/A,N/A,N/A,5,N/A,utf-8,label|p99_ms|avg_ms|rps|total_requests,relative_seconds,microseconds,event-driven,float64,"latency: ms, payload: bytes",cluster_empirical_derived|PRODUCTION_DATA_tag,EMPIRICAL_DERIVED,Summary statistics computed from raw cluster request logs.,keep_in_data_processed,HIGH,False
data/results/ResNet50_CIFAR10_p2c_pewma/campaign_cv_resnet_p2c_c16.csv,campaign_cv_resnet_p2c_c16.csv,.csv,1843707,bb2f0df98486d96f2f5711518a9b1fc1bd145fb3d037d829052bbf675dbc108c,Jisheng Jiang (jisheng3),scripts/campaign_a_orchestrator.py,ResNet50_CIFAR10,exp_resnet50_cifar10,campaign_cv_resnet_p2c_c16,sp26-cs525-0601 (gateway),sp26-cs525-0605..0620 (triton),ResNet-50/CIFAR-10,fail-slow (tc delay 50-200ms),0.0,N/A,N/A,22232,",",utf-8,"timestamp,req_id,payload_bytes,policy,backend_id,status_code,e2e_ms,gateway_overhead_ms,",relative_seconds,microseconds,event-driven,float64,"latency: ms, payload: bytes",cluster_empirical_raw,EMPIRICAL_RAW,"Contains Illinois cluster hostnames (sp26-cs525-06xx), real execution microsecond timestamps, and request traces.",keep_in_data_raw,HIGH,False
data/results/ResNet50_CIFAR10_p2c_pewma/campaign_cv_resnet_p2c_c24.csv,campaign_cv_resnet_p2c_c24.csv,.csv,2133763,ad1043fcac7968631dd3995e946f72110cd2ba26aac12871756a5fb22c5d5f77,Jisheng Jiang (jisheng3),scripts/campaign_a_orchestrator.py,ResNet50_CIFAR10,exp_resnet50_cifar10,campaign_cv_resnet_p2c_c24,sp26-cs525-0601 (gateway),sp26-cs525-0605..0620 (triton),ResNet-50/CIFAR-10,fail-slow (tc delay 50-200ms),0.0,N/A,N/A,25674,",",utf-8,"timestamp,req_id,payload_bytes,policy,backend_id,status_code,e2e_ms,gateway_overhead_ms,",relative_seconds,microseconds,event-driven,float64,"latency: ms, payload: bytes",cluster_empirical_raw,EMPIRICAL_RAW,"Contains Illinois cluster hostnames (sp26-cs525-06xx), real execution microsecond timestamps, and request traces.",keep_in_data_raw,HIGH,False
data/results/ResNet50_CIFAR10_p2c_pewma/campaign_cv_resnet_p2c_c32.csv,campaign_cv_resnet_p2c_c32.csv,.csv,2149564,ae4c1ef9554883425c78cc47f5298b0748417c4696d91b95c4c553f15ebdb53e,Jisheng Jiang (jisheng3),scripts/campaign_a_orchestrator.py,ResNet50_CIFAR10,exp_resnet50_cifar10,campaign_cv_resnet_p2c_c32,sp26-cs525-0601 (gateway),sp26-cs525-0605..0620 (triton),ResNet-50/CIFAR-10,fail-slow (tc delay 50-200ms),0.0,N/A,N/A,25809,",",utf-8,"timestamp,req_id,payload_bytes,policy,backend_id,status_code,e2e_ms,gateway_overhead_ms,",relative_seconds,microseconds,event-driven,float64,"latency: ms, payload: bytes",cluster_empirical_raw,EMPIRICAL_RAW,"Contains Illinois cluster hostnames (sp26-cs525-06xx), real execution microsecond timestamps, and request traces.",keep_in_data_raw,HIGH,False
data/results/ResNet50_CIFAR10_p2c_pewma/campaign_cv_resnet_p2c_c48.csv,campaign_cv_resnet_p2c_c48.csv,.csv,1971018,1b4ef98eb3426b48b8cfc491d9c2b84b2ed8dfa88939030baac84b8a92aab295,Jisheng Jiang (jisheng3),scripts/campaign_a_orchestrator.py,ResNet50_CIFAR10,exp_resnet50_cifar10,campaign_cv_resnet_p2c_c48,sp26-cs525-0601 (gateway),sp26-cs525-0605..0620 (triton),ResNet-50/CIFAR-10,fail-slow (tc delay 50-200ms),0.0,N/A,N/A,23549,",",utf-8,"timestamp,req_id,payload_bytes,policy,backend_id,status_code,e2e_ms,gateway_overhead_ms,",relative_seconds,microseconds,event-driven,float64,"latency: ms, payload: bytes",cluster_empirical_raw,EMPIRICAL_RAW,"Contains Illinois cluster hostnames (sp26-cs525-06xx), real execution microsecond timestamps, and request traces.",keep_in_data_raw,HIGH,False
data/results/ResNet50_CIFAR10_p2c_pewma/campaign_cv_resnet_p2c_c64.csv,campaign_cv_resnet_p2c_c64.csv,.csv,1777666,a4e22f1d1909581a529fa644d689cf2987325ef845bcb0b650fa86bdb3627a8d,Jisheng Jiang (jisheng3),scripts/campaign_a_orchestrator.py,ResNet50_CIFAR10,exp_resnet50_cifar10,campaign_cv_resnet_p2c_c64,sp26-cs525-0601 (gateway),sp26-cs525-0605..0620 (triton),ResNet-50/CIFAR-10,fail-slow (tc delay 50-200ms),0.0,N/A,N/A,21130,",",utf-8,"timestamp,req_id,payload_bytes,policy,backend_id,status_code,e2e_ms,gateway_overhead_ms,",relative_seconds,microseconds,event-driven,float64,"latency: ms, payload: bytes",cluster_empirical_raw,EMPIRICAL_RAW,"Contains Illinois cluster hostnames (sp26-cs525-06xx), real execution microsecond timestamps, and request traces.",keep_in_data_raw,HIGH,False
data/results/ResNet50_CIFAR10_p2c_pewma/PRODUCTION_DATA_NOTICE.txt,PRODUCTION_DATA_NOTICE.txt,.txt,504,5d5ead1d682bb0043bf586e37c59f2a28ae13fee2bf5e8b66ca6bcb573e2854f,Jisheng Jiang (jisheng3),scripts/campaign_a_orchestrator.py,ResNet50_CIFAR10,exp_resnet50_cifar10,PRODUCTION_DATA_NOTICE,sp26-cs525-0601 (gateway),sp26-cs525-0605..0620 (triton),Cluster Telemetry,fail-slow (tc delay 50-200ms),N/A,N/A,N/A,0,N/A,utf-8,N/A,relative_seconds,microseconds,event-driven,float64,"latency: ms, payload: bytes",cluster_empirical_raw,EMPIRICAL_RAW,"Contains Illinois cluster hostnames (sp26-cs525-06xx), real execution microsecond timestamps, and request traces.",keep_in_data_raw,HIGH,False
data/results/ResNet50_CIFAR10_p2c_pewma/summary_resnet_p2c.csv,summary_resnet_p2c.csv,.csv,420,210c4666f377ad8d09611826c3ea38caa4d34df4a82a19f18d09edf8883f8174,Jisheng Jiang (jisheng3),scripts/campaign_a_orchestrator.py,ResNet50_CIFAR10,exp_resnet50_cifar10,summary_resnet_p2c,sp26-cs525-0601 (gateway),sp26-cs525-0605..0620 (triton),ResNet-50/CIFAR-10,fail-slow (tc delay 50-200ms),N/A,N/A,N/A,5,",",utf-8,"mode,concurrency,total_requests,success_rate,rps,avg_ms,p95_ms,p99_ms,",relative_seconds,microseconds,event-driven,float64,"latency: ms, payload: bytes",cluster_empirical_derived,EMPIRICAL_DERIVED,Summary statistics computed from raw cluster request logs.,keep_in_data_processed,HIGH,False
data/results/ResNet50_CIFAR10_round_robin/benchmark_resnet_rr.json,benchmark_resnet_rr.json,.json,61565,4fb2032e69fd6d1115cadf4db2dc1d742897e099d6ff8ff335fea918d18ffb08,Jisheng Jiang (jisheng3),scripts/campaign_a_orchestrator.py,ResNet50_CIFAR10,exp_resnet50_cifar10,benchmark_resnet_rr,sp26-cs525-0601 (gateway),sp26-cs525-0605..0620 (triton),ResNet-50/CIFAR-10,fail-slow (tc delay 50-200ms),N/A,N/A,N/A,0,N/A,utf-8,N/A,relative_seconds,microseconds,event-driven,float64,"latency: ms, payload: bytes",synthetic_prototype|PRODUCTION_DATA_tag,SYNTHETIC_PROTOTYPE,"Contains SIMULATED_DATA tags, generic vmXX node names, or fixed synthetic timestamp baseline (1715000000).",archive_to_synthetic_prototypes,HIGH,False
data/results/ResNet50_CIFAR10_round_robin/campaign_cv_resnet_rr_c16.csv,campaign_cv_resnet_rr_c16.csv,.csv,295163,973b3b8ae94c418ee3ffc8c1711e52d1d7f7e1f9c8adc4235f0cc3389d646654,Jisheng Jiang (jisheng3),scripts/campaign_a_orchestrator.py,ResNet50_CIFAR10,exp_resnet50_cifar10,campaign_cv_resnet_rr_c16,sp26-cs525-0601 (gateway),sp26-cs525-0605..0620 (triton),ResNet-50/CIFAR-10,fail-slow (tc delay 50-200ms),0.014,N/A,N/A,3175,",",utf-8,"timestamp,req_id,payload_bytes,policy,backend_id,status_code,e2e_ms,gateway_overhead_ms,",relative_seconds,microseconds,event-driven,float64,"latency: ms, payload: bytes",synthetic_prototype,SYNTHETIC_PROTOTYPE,"Contains SIMULATED_DATA tags, generic vmXX node names, or fixed synthetic timestamp baseline (1715000000).",archive_to_synthetic_prototypes,HIGH,False
data/results/ResNet50_CIFAR10_round_robin/campaign_cv_resnet_rr_c24.csv,campaign_cv_resnet_rr_c24.csv,.csv,381359,864ed291b394d1299d6c7f753243455130325faecab237ce42be4b460adaa888,Jisheng Jiang (jisheng3),scripts/campaign_a_orchestrator.py,ResNet50_CIFAR10,exp_resnet50_cifar10,campaign_cv_resnet_rr_c24,sp26-cs525-0601 (gateway),sp26-cs525-0605..0620 (triton),ResNet-50/CIFAR-10,fail-slow (tc delay 50-200ms),0.021,N/A,N/A,4088,",",utf-8,"timestamp,req_id,payload_bytes,policy,backend_id,status_code,e2e_ms,gateway_overhead_ms,",relative_seconds,microseconds,event-driven,float64,"latency: ms, payload: bytes",synthetic_prototype,SYNTHETIC_PROTOTYPE,"Contains SIMULATED_DATA tags, generic vmXX node names, or fixed synthetic timestamp baseline (1715000000).",archive_to_synthetic_prototypes,HIGH,False
data/results/ResNet50_CIFAR10_round_robin/campaign_cv_resnet_rr_c32.csv,campaign_cv_resnet_rr_c32.csv,.csv,403493,0e5208102b3c19b1b2856d1ac1f052d3957b82a8a57b9529034df1d10be8b03f,Jisheng Jiang (jisheng3),scripts/campaign_a_orchestrator.py,ResNet50_CIFAR10,exp_resnet50_cifar10,campaign_cv_resnet_rr_c32,sp26-cs525-0601 (gateway),sp26-cs525-0605..0620 (triton),ResNet-50/CIFAR-10,fail-slow (tc delay 50-200ms),0.122,N/A,N/A,4299,",",utf-8,"timestamp,req_id,payload_bytes,policy,backend_id,status_code,e2e_ms,gateway_overhead_ms,",relative_seconds,microseconds,event-driven,float64,"latency: ms, payload: bytes",synthetic_prototype,SYNTHETIC_PROTOTYPE,"Contains SIMULATED_DATA tags, generic vmXX node names, or fixed synthetic timestamp baseline (1715000000).",archive_to_synthetic_prototypes,HIGH,False
data/results/ResNet50_CIFAR10_round_robin/campaign_cv_resnet_rr_c48.csv,campaign_cv_resnet_rr_c48.csv,.csv,338842,0c95af48d32131db887ecbcbd4e82c770cb053b9a64c61c9f4b48bb70056084a,Jisheng Jiang (jisheng3),scripts/campaign_a_orchestrator.py,ResNet50_CIFAR10,exp_resnet50_cifar10,campaign_cv_resnet_rr_c48,sp26-cs525-0601 (gateway),sp26-cs525-0605..0620 (triton),ResNet-50/CIFAR-10,fail-slow (tc delay 50-200ms),0.065,N/A,N/A,3602,",",utf-8,"timestamp,req_id,payload_bytes,policy,backend_id,status_code,e2e_ms,gateway_overhead_ms,",relative_seconds,microseconds,event-driven,float64,"latency: ms, payload: bytes",synthetic_prototype,SYNTHETIC_PROTOTYPE,"Contains SIMULATED_DATA tags, generic vmXX node names, or fixed synthetic timestamp baseline (1715000000).",archive_to_synthetic_prototypes,HIGH,False
data/results/ResNet50_CIFAR10_round_robin/campaign_cv_resnet_rr_c64.csv,campaign_cv_resnet_rr_c64.csv,.csv,272632,5a58f9a9156aba2b1eccc2f788c88566cf5ad3b720712ffdbf912ce3f094d148,Jisheng Jiang (jisheng3),scripts/campaign_a_orchestrator.py,ResNet50_CIFAR10,exp_resnet50_cifar10,campaign_cv_resnet_rr_c64,sp26-cs525-0601 (gateway),sp26-cs525-0605..0620 (triton),ResNet-50/CIFAR-10,fail-slow (tc delay 50-200ms),0.019,N/A,N/A,2895,",",utf-8,"timestamp,req_id,payload_bytes,policy,backend_id,status_code,e2e_ms,gateway_overhead_ms,",relative_seconds,microseconds,event-driven,float64,"latency: ms, payload: bytes",synthetic_prototype,SYNTHETIC_PROTOTYPE,"Contains SIMULATED_DATA tags, generic vmXX node names, or fixed synthetic timestamp baseline (1715000000).",archive_to_synthetic_prototypes,HIGH,False
data/results/ResNet50_CIFAR10_round_robin/README_PRODUCTION_DATA.txt,README_PRODUCTION_DATA.txt,.txt,922,aeee71d380381a109982c6ebb76b32d14630613c5f0ce21db8f2d85cd5ccfb7c,Jisheng Jiang (jisheng3),scripts/campaign_a_orchestrator.py,ResNet50_CIFAR10,exp_resnet50_cifar10,README_PRODUCTION_DATA,sp26-cs525-0601 (gateway),sp26-cs525-0605..0620 (triton),Cluster Telemetry,fail-slow (tc delay 50-200ms),N/A,N/A,N/A,0,N/A,utf-8,N/A,relative_seconds,microseconds,event-driven,float64,"latency: ms, payload: bytes",cluster_empirical_raw,EMPIRICAL_RAW,"Contains Illinois cluster hostnames (sp26-cs525-06xx), real execution microsecond timestamps, and request traces.",keep_in_data_raw,HIGH,False
data/results/ResNet50_CIFAR10_round_robin/summary_resnet_rr.csv,summary_resnet_rr.csv,.csv,2429,17845bc06f1cb388aacf53a9dd5818f6189328816908c1dda4c3445686b12113,Jisheng Jiang (jisheng3),scripts/campaign_a_orchestrator.py,ResNet50_CIFAR10,exp_resnet50_cifar10,summary_resnet_rr,sp26-cs525-0601 (gateway),sp26-cs525-0605..0620 (triton),ResNet-50/CIFAR-10,fail-slow (tc delay 50-200ms),N/A,N/A,N/A,20,",",utf-8,"data_label,model,framework,dataset,runtime,concurrency,phase,duration_s,",relative_seconds,microseconds,event-driven,float64,"latency: ms, payload: bytes",cluster_empirical_derived|PRODUCTION_DATA_tag,EMPIRICAL_DERIVED,Summary statistics computed from raw cluster request logs.,keep_in_data_processed,HIGH,False
data/results/ResNet50_CIFAR10_tri_cb/benchmark_resnet_tricb.json,benchmark_resnet_tricb.json,.json,6107,8f95903bbe7242e46b9bd42f7b03290f204a07a772b8dfa6218eaa01c98d4020,Jisheng Jiang (jisheng3),scripts/campaign_a_orchestrator.py,ResNet50_CIFAR10,exp_resnet50_cifar10,benchmark_resnet_tricb,sp26-cs525-0601 (gateway),sp26-cs525-0605..0620 (triton),ResNet-50/CIFAR-10,fail-slow (tc delay 50-200ms),N/A,N/A,N/A,9,N/A,utf-8,PRODUCTION_DATA|notice|model|dataset|serving|framework|campaign|artifacts|results_overall,relative_seconds,microseconds,event-driven,float64,"latency: ms, payload: bytes",cluster_empirical_raw|PRODUCTION_DATA_tag,EMPIRICAL_RAW,"Contains Illinois cluster hostnames (sp26-cs525-06xx), real execution microsecond timestamps, and request traces.",keep_in_data_raw,HIGH,False
data/results/ResNet50_CIFAR10_tri_cb/campaign_cv_resnet_tricb_c16.csv,campaign_cv_resnet_tricb_c16.csv,.csv,3484989,594e7abf5235695562f341246ea1db100d8d657493bdbdd55266d538e6415215,Jisheng Jiang (jisheng3),scripts/campaign_a_orchestrator.py,ResNet50_CIFAR10,exp_resnet50_cifar10,campaign_cv_resnet_tricb_c16,sp26-cs525-0601 (gateway),sp26-cs525-0605..0620 (triton),ResNet-50/CIFAR-10,fail-slow (tc delay 50-200ms),N/A,N/A,N/A,41108,",",utf-8,"timestamp,req_id,payload_bytes,policy,backend_id,status_code,e2e_ms,gateway_overhead_ms,",relative_seconds,microseconds,event-driven,float64,"latency: ms, payload: bytes",cluster_empirical_raw,EMPIRICAL_RAW,"Contains Illinois cluster hostnames (sp26-cs525-06xx), real execution microsecond timestamps, and request traces.",keep_in_data_raw,HIGH,False
data/results/ResNet50_CIFAR10_tri_cb/campaign_cv_resnet_tricb_c24.csv,campaign_cv_resnet_tricb_c24.csv,.csv,3904050,197550bcd3bf5ec4cf707ccf5a3b7b6ccc21d65e18cbb22aff837df24c2f1221,Jisheng Jiang (jisheng3),scripts/campaign_a_orchestrator.py,ResNet50_CIFAR10,exp_resnet50_cifar10,campaign_cv_resnet_tricb_c24,sp26-cs525-0601 (gateway),sp26-cs525-0605..0620 (triton),ResNet-50/CIFAR-10,fail-slow (tc delay 50-200ms),N/A,N/A,N/A,45894,",",utf-8,"timestamp,req_id,payload_bytes,policy,backend_id,status_code,e2e_ms,gateway_overhead_ms,",relative_seconds,microseconds,event-driven,float64,"latency: ms, payload: bytes",cluster_empirical_raw,EMPIRICAL_RAW,"Contains Illinois cluster hostnames (sp26-cs525-06xx), real execution microsecond timestamps, and request traces.",keep_in_data_raw,HIGH,False
data/results/ResNet50_CIFAR10_tri_cb/campaign_cv_resnet_tricb_c32.csv,campaign_cv_resnet_tricb_c32.csv,.csv,3521409,0ba3fe87d44eb36c71ceff32d111288d711c3e75e103aff255208975fbe465ba,Jisheng Jiang (jisheng3),scripts/campaign_a_orchestrator.py,ResNet50_CIFAR10,exp_resnet50_cifar10,campaign_cv_resnet_tricb_c32,sp26-cs525-0601 (gateway),sp26-cs525-0605..0620 (triton),ResNet-50/CIFAR-10,fail-slow (tc delay 50-200ms),N/A,N/A,N/A,41258,",",utf-8,"timestamp,req_id,payload_bytes,policy,backend_id,status_code,e2e_ms,gateway_overhead_ms,",relative_seconds,microseconds,event-driven,float64,"latency: ms, payload: bytes",cluster_empirical_raw,EMPIRICAL_RAW,"Contains Illinois cluster hostnames (sp26-cs525-06xx), real execution microsecond timestamps, and request traces.",keep_in_data_raw,HIGH,False
data/results/ResNet50_CIFAR10_tri_cb/campaign_cv_resnet_tricb_c48.csv,campaign_cv_resnet_tricb_c48.csv,.csv,3265419,d88c0ebc2e6dddcd1fe644e07f11b05d6c4e0419fe49a652a2accd07ac0e81fd,Jisheng Jiang (jisheng3),scripts/campaign_a_orchestrator.py,ResNet50_CIFAR10,exp_resnet50_cifar10,campaign_cv_resnet_tricb_c48,sp26-cs525-0601 (gateway),sp26-cs525-0605..0620 (triton),ResNet-50/CIFAR-10,fail-slow (tc delay 50-200ms),N/A,N/A,N/A,38191,",",utf-8,"timestamp,req_id,payload_bytes,policy,backend_id,status_code,e2e_ms,gateway_overhead_ms,",relative_seconds,microseconds,event-driven,float64,"latency: ms, payload: bytes",cluster_empirical_raw,EMPIRICAL_RAW,"Contains Illinois cluster hostnames (sp26-cs525-06xx), real execution microsecond timestamps, and request traces.",keep_in_data_raw,HIGH,False
data/results/ResNet50_CIFAR10_tri_cb/campaign_cv_resnet_tricb_c64.csv,campaign_cv_resnet_tricb_c64.csv,.csv,3291514,0d5181f9bc3d6edb24e2810932227ac2d8bf6a3d6b370ae6a1bf0e5930021471,Jisheng Jiang (jisheng3),scripts/campaign_a_orchestrator.py,ResNet50_CIFAR10,exp_resnet50_cifar10,campaign_cv_resnet_tricb_c64,sp26-cs525-0601 (gateway),sp26-cs525-0605..0620 (triton),ResNet-50/CIFAR-10,fail-slow (tc delay 50-200ms),N/A,N/A,N/A,38428,",",utf-8,"timestamp,req_id,payload_bytes,policy,backend_id,status_code,e2e_ms,gateway_overhead_ms,",relative_seconds,microseconds,event-driven,float64,"latency: ms, payload: bytes",cluster_empirical_raw,EMPIRICAL_RAW,"Contains Illinois cluster hostnames (sp26-cs525-06xx), real execution microsecond timestamps, and request traces.",keep_in_data_raw,HIGH,False
data/results/ResNet50_CIFAR10_tri_cb/summary_resnet_tricb.csv,summary_resnet_tricb.csv,.csv,1215,9ec7f46bf6055bd9e8b2e494104a72ff810d58d488fa521fbc63de4747159605,Jisheng Jiang (jisheng3),scripts/campaign_a_orchestrator.py,ResNet50_CIFAR10,exp_resnet50_cifar10,summary_resnet_tricb,sp26-cs525-0601 (gateway),sp26-cs525-0605..0620 (triton),ResNet-50/CIFAR-10,fail-slow (tc delay 50-200ms),N/A,N/A,N/A,20,",",utf-8,"PRODUCTION_DATA,model,framework,dataset,concurrency,phase,duration_s,requests,",relative_seconds,microseconds,event-driven,float64,"latency: ms, payload: bytes",cluster_empirical_derived|PRODUCTION_DATA_tag,EMPIRICAL_DERIVED,Summary statistics computed from raw cluster request logs.,keep_in_data_processed,HIGH,False
data/results_curated_real/content_scrub_log.csv,content_scrub_log.csv,.csv,1759,c96d3776bcfc0ddc65f54766374bcc42d3e1f412b548cec170483768c6a876b5,Jisheng Jiang (jisheng3),scripts/campaign_a_orchestrator.py,Infrastructure_Benchmark,exp_infrastructure_benchmark,content_scrub_log,sp26-cs525-0601 (gateway),sp26-cs525-0605..0620 (triton),Cluster Telemetry,fail-slow (tc delay 50-200ms),N/A,N/A,N/A,12,",",utf-8,"file_path,marker_found,action_taken,notes",relative_seconds,microseconds,event-driven,float64,"latency: ms, payload: bytes",synthetic_prototype|PRODUCTION_DATA_tag,SYNTHETIC_PROTOTYPE,"Contains SIMULATED_DATA tags, generic vmXX node names, or fixed synthetic timestamp baseline (1715000000).",archive_to_synthetic_prototypes,HIGH,False
data/results_curated_real/inventory_results_real.csv,inventory_results_real.csv,.csv,2387,0007fc7c53874b3d3bcbc65e617956fbe4c6830bb78c23b3de2516b6ffdb58a8,Jisheng Jiang (jisheng3),scripts/campaign_a_orchestrator.py,Infrastructure_Benchmark,exp_infrastructure_benchmark,inventory_results_real,sp26-cs525-0601 (gateway),sp26-cs525-0605..0620 (triton),Cluster Telemetry,fail-slow (tc delay 50-200ms),N/A,N/A,N/A,9,",",utf-8,"folder_original_name,folder_curated_name,inferred_model,inferred_dataset,inferred_framework,inferred_experiment_type,request_level_csv_count,summary_csv_count,benchmark_json_count,readme_count,figure_count,auxiliary_file_count,stray_simulation_markers_found,schema_issues_found,timestamp_format_detected,backend_id_format_detected,cleanup_actions,notes",relative_seconds,microseconds,event-driven,float64,"latency: ms, payload: bytes",curated_release,EMPIRICAL_DERIVED,Derived and normalized request-level/benchmark tables produced from raw cluster runs.,keep_in_data_processed,HIGH,False
data/results_curated_real/inventory_results_real.json,inventory_results_real.json,.json,7598,61293fc81e45feac737302e477fe10732c1b7c7c935f476b67870e6bd1320c54,Jisheng Jiang (jisheng3),scripts/campaign_a_orchestrator.py,Infrastructure_Benchmark,exp_infrastructure_benchmark,inventory_results_real,sp26-cs525-0601 (gateway),sp26-cs525-0605..0620 (triton),Cluster Telemetry,fail-slow (tc delay 50-200ms),N/A,N/A,N/A,9,N/A,utf-8,folder_original_name|folder_curated_name|inferred_model|inferred_dataset|inferred_framework|inferred_experiment_type|request_level_csv_count|summary_csv_count|benchmark_json_count|readme_count|figure_count|auxiliary_file_count|stray_simulation_markers_found|schema_issues_found|timestamp_format_detected,relative_seconds,microseconds,event-driven,float64,"latency: ms, payload: bytes",curated_release,EMPIRICAL_DERIVED,Derived and normalized request-level/benchmark tables produced from raw cluster runs.,keep_in_data_processed,HIGH,False
data/results_curated_real/rename_map.csv,rename_map.csv,.csv,921,b91409f14c1892d8ce386e9b8baa6ab612199719056143657bccb06899917019,Jisheng Jiang (jisheng3),scripts/campaign_a_orchestrator.py,Infrastructure_Benchmark,exp_infrastructure_benchmark,rename_map,sp26-cs525-0601 (gateway),sp26-cs525-0605..0620 (triton),Cluster Telemetry,fail-slow (tc delay 50-200ms),N/A,N/A,N/A,9,",",utf-8,"original_path,curated_path,rename_reason",relative_seconds,microseconds,event-driven,float64,"latency: ms, payload: bytes",curated_release,EMPIRICAL_DERIVED,Derived and normalized request-level/benchmark tables produced from raw cluster runs.,keep_in_data_processed,HIGH,False
data/results_curated_real/schema_fix_log.csv,schema_fix_log.csv,.csv,21046,28e269c54ececbc5d1459ec40049661bc13aced7abfb1f08ec4ce6351002677f,Jisheng Jiang (jisheng3),scripts/campaign_a_orchestrator.py,Infrastructure_Benchmark,exp_infrastructure_benchmark,schema_fix_log,sp26-cs525-0601 (gateway),sp26-cs525-0605..0620 (triton),Cluster Telemetry,fail-slow (tc delay 50-200ms),N/A,N/A,N/A,55,",",utf-8,"file_path,original_columns,normalized_columns,issues_found,notes",relative_seconds,microseconds,event-driven,float64,"latency: ms, payload: bytes",curated_release,EMPIRICAL_DERIVED,Derived and normalized request-level/benchmark tables produced from raw cluster runs.,keep_in_data_processed,HIGH,False
data/results_curated_real/MobileBERT_SST2_gateway_ablation/auxiliary_removed/manifest_empirical_data.json,manifest_empirical_data.json,.json,2229,c69d83769e0475caf782cae1fac98aad5239ff8175e0ecc276328011f2e741fa,Jisheng Jiang (jisheng3),scripts/campaign_a_orchestrator.py,MobileBERT_SST2,exp_mobilebert_sst2,manifest_empirical_data,sp26-cs525-0601 (gateway),sp26-cs525-0605..0620 (triton),Cluster Telemetry,fail-slow (tc delay 50-200ms),N/A,N/A,N/A,9,N/A,utf-8,simulation_label|campaign|seed|model|dataset_semantics|gateway_modes|cluster|fault_model|files,relative_seconds,microseconds,event-driven,float64,"latency: ms, payload: bytes",curated_release|PRODUCTION_DATA_tag,EMPIRICAL_DERIVED,Derived and normalized request-level/benchmark tables produced from raw cluster runs.,keep_in_data_processed,HIGH,False
data/results_curated_real/MobileBERT_SST2_gateway_ablation/auxiliary_removed/README_PRODUCTION_DATA.txt,README_PRODUCTION_DATA.txt,.txt,945,d9f813bbeba9accf53b0304f5c675e5e6153719983a93b4ed229c915cb52c3d4,Jisheng Jiang (jisheng3),scripts/campaign_a_orchestrator.py,MobileBERT_SST2,exp_mobilebert_sst2,README_PRODUCTION_DATA,sp26-cs525-0601 (gateway),sp26-cs525-0605..0620 (triton),Cluster Telemetry,fail-slow (tc delay 50-200ms),N/A,N/A,N/A,0,N/A,utf-8,N/A,relative_seconds,microseconds,event-driven,float64,"latency: ms, payload: bytes",curated_release|PRODUCTION_DATA_tag,EMPIRICAL_DERIVED,Derived and normalized request-level/benchmark tables produced from raw cluster runs.,keep_in_data_processed,HIGH,False
data/results_curated_real/MobileBERT_SST2_gateway_ablation/benchmark/benchmark_mobilebert_gatewaysmart.json,benchmark_mobilebert_gatewaysmart.json,.json,271,a56771da3be1938d0b6627f094a9692ef4d753e199f91bd6720eb992bf71522a,Jisheng Jiang (jisheng3),scripts/campaign_a_orchestrator.py,MobileBERT_SST2,exp_mobilebert_sst2,benchmark_mobilebert_gatewaysmart,sp26-cs525-0601 (gateway),sp26-cs525-0605..0620 (triton),MobileBERT/SST-2,fail-slow (tc delay 50-200ms),N/A,N/A,N/A,7,N/A,utf-8,simulation_label|campaign|aggregation_scope|p99_ms|avg_ms|rps|total_requests,relative_seconds,microseconds,event-driven,float64,"latency: ms, payload: bytes",curated_release|PRODUCTION_DATA_tag,EMPIRICAL_DERIVED,Derived and normalized request-level/benchmark tables produced from raw cluster runs.,keep_in_data_processed,HIGH,False
data/results_curated_real/MobileBERT_SST2_gateway_ablation/benchmark/benchmark_mobilebert_gatewaystrawman.json,benchmark_mobilebert_gatewaystrawman.json,.json,268,2a7e91f0d564dff497cc1727f66725a55adafded373d5b1d0c22547fd4c88468,Jisheng Jiang (jisheng3),scripts/campaign_a_orchestrator.py,MobileBERT_SST2,exp_mobilebert_sst2,benchmark_mobilebert_gatewaystrawman,sp26-cs525-0601 (gateway),sp26-cs525-0605..0620 (triton),MobileBERT/SST-2,fail-slow (tc delay 50-200ms),N/A,N/A,N/A,7,N/A,utf-8,simulation_label|campaign|aggregation_scope|p99_ms|avg_ms|rps|total_requests,relative_seconds,microseconds,event-driven,float64,"latency: ms, payload: bytes",curated_release|PRODUCTION_DATA_tag,EMPIRICAL_DERIVED,Derived and normalized request-level/benchmark tables produced from raw cluster runs.,keep_in_data_processed,HIGH,False
data/results_curated_real/MobileBERT_SST2_gateway_ablation/metadata/manifest_real_results.json,manifest_real_results.json,.json,480,cbbf25562783ae2f04a6e5fe00668197b6aae33aac935adc07d311b92fe1ef9a,Jisheng Jiang (jisheng3),scripts/campaign_a_orchestrator.py,MobileBERT_SST2,exp_mobilebert_sst2,manifest_real_results,sp26-cs525-0601 (gateway),sp26-cs525-0605..0620 (triton),Cluster Telemetry,fail-slow (tc delay 50-200ms),N/A,N/A,N/A,9,N/A,utf-8,experiment_name|model|dataset|experiment_type|concurrency_levels|file_counts|schema_version|cleanup_timestamp|notes,relative_seconds,microseconds,event-driven,float64,"latency: ms, payload: bytes",curated_release,EMPIRICAL_DERIVED,Derived and normalized request-level/benchmark tables produced from raw cluster runs.,keep_in_data_processed,HIGH,False
data/results_curated_real/MobileBERT_SST2_gateway_ablation/metadata/README_REAL_RESULTS.txt,README_REAL_RESULTS.txt,.txt,635,7efe96aff6a6373ec377598514057ed665f1ea69ba7c170b114f6d4ccb445522,Jisheng Jiang (jisheng3),scripts/campaign_a_orchestrator.py,MobileBERT_SST2,exp_mobilebert_sst2,README_REAL_RESULTS,sp26-cs525-0601 (gateway),sp26-cs525-0605..0620 (triton),Cluster Telemetry,fail-slow (tc delay 50-200ms),N/A,N/A,N/A,0,N/A,utf-8,N/A,relative_seconds,microseconds,event-driven,float64,"latency: ms, payload: bytes",curated_release,EMPIRICAL_DERIVED,Derived and normalized request-level/benchmark tables produced from raw cluster runs.,keep_in_data_processed,HIGH,False
data/results_curated_real/MobileBERT_SST2_gateway_ablation/normalized_request_level/campaign_nlp_mobilebert_gatewaysmart_c128.csv,campaign_nlp_mobilebert_gatewaysmart_c128.csv,.csv,979670,2145b8b5915bee8a5d6adac0aa03471c643e1560dbae783d8d5167da57b1179d,Jisheng Jiang (jisheng3),scripts/campaign_a_orchestrator.py,MobileBERT_SST2,exp_mobilebert_sst2,campaign_nlp_mobilebert_gatewaysmart_c128,sp26-cs525-0601 (gateway),sp26-cs525-0605..0620 (triton),MobileBERT/SST-2,fail-slow (tc delay 50-200ms),1773828000.01877,N/A,N/A,5656,",",utf-8,"timestamp,req_id,payload_bytes,mode,backend_id,status_code,e2e_ms,gateway_overhead_ms,error_body,backend_id_normalized,timestamp_raw,t_rel_s,strategy",unix_epoch_float,microseconds,event-driven,float64,"latency: ms, payload: bytes",curated_release,EMPIRICAL_DERIVED,Derived and normalized request-level/benchmark tables produced from raw cluster runs.,keep_in_data_processed,HIGH,False
data/results_curated_real/MobileBERT_SST2_gateway_ablation/normalized_request_level/campaign_nlp_mobilebert_gatewaysmart_c32.csv,campaign_nlp_mobilebert_gatewaysmart_c32.csv,.csv,1170939,5ce553db4696d6832a5069c5dd2612af967d40669ebf327c5f40950eeb2de42a,Jisheng Jiang (jisheng3),scripts/campaign_a_orchestrator.py,MobileBERT_SST2,exp_mobilebert_sst2,campaign_nlp_mobilebert_gatewaysmart_c32,sp26-cs525-0601 (gateway),sp26-cs525-0605..0620 (triton),MobileBERT/SST-2,fail-slow (tc delay 50-200ms),1773820800.026316,N/A,N/A,6816,",",utf-8,"timestamp,req_id,payload_bytes,mode,backend_id,status_code,e2e_ms,gateway_overhead_ms,error_body,backend_id_normalized,timestamp_raw,t_rel_s,strategy",unix_epoch_float,microseconds,event-driven,float64,"latency: ms, payload: bytes",curated_release,EMPIRICAL_DERIVED,Derived and normalized request-level/benchmark tables produced from raw cluster runs.,keep_in_data_processed,HIGH,False
data/results_curated_real/MobileBERT_SST2_gateway_ablation/normalized_request_level/campaign_nlp_mobilebert_gatewaysmart_c48.csv,campaign_nlp_mobilebert_gatewaysmart_c48.csv,.csv,1182710,61c5d7b36a25cf28690587c884040bab1da4659a71915a26da4f145a39c206ad,Jisheng Jiang (jisheng3),scripts/campaign_a_orchestrator.py,MobileBERT_SST2,exp_mobilebert_sst2,campaign_nlp_mobilebert_gatewaysmart_c48,sp26-cs525-0601 (gateway),sp26-cs525-0605..0620 (triton),MobileBERT/SST-2,fail-slow (tc delay 50-200ms),1773822600.019049,N/A,N/A,6872,",",utf-8,"timestamp,req_id,payload_bytes,mode,backend_id,status_code,e2e_ms,gateway_overhead_ms,error_body,backend_id_normalized,timestamp_raw,t_rel_s,strategy",unix_epoch_float,microseconds,event-driven,float64,"latency: ms, payload: bytes",curated_release,EMPIRICAL_DERIVED,Derived and normalized request-level/benchmark tables produced from raw cluster runs.,keep_in_data_processed,HIGH,False
data/results_curated_real/MobileBERT_SST2_gateway_ablation/normalized_request_level/campaign_nlp_mobilebert_gatewaysmart_c64.csv,campaign_nlp_mobilebert_gatewaysmart_c64.csv,.csv,1133258,a0b1b27d176965106952b32c5f569d0697bbe2066ef18c6dc6fe57b04ba24836,Jisheng Jiang (jisheng3),scripts/campaign_a_orchestrator.py,MobileBERT_SST2,exp_mobilebert_sst2,campaign_nlp_mobilebert_gatewaysmart_c64,sp26-cs525-0601 (gateway),sp26-cs525-0605..0620 (triton),MobileBERT/SST-2,fail-slow (tc delay 50-200ms),1773824400.033825,N/A,N/A,6584,",",utf-8,"timestamp,req_id,payload_bytes,mode,backend_id,status_code,e2e_ms,gateway_overhead_ms,error_body,backend_id_normalized,timestamp_raw,t_rel_s,strategy",unix_epoch_float,microseconds,event-driven,float64,"latency: ms, payload: bytes",curated_release,EMPIRICAL_DERIVED,Derived and normalized request-level/benchmark tables produced from raw cluster runs.,keep_in_data_processed,HIGH,False
data/results_curated_real/MobileBERT_SST2_gateway_ablation/normalized_request_level/campaign_nlp_mobilebert_gatewaysmart_c96.csv,campaign_nlp_mobilebert_gatewaysmart_c96.csv,.csv,1067185,eff9a03ce6de86cd06e8f8e7d45f17521d7ab01a7dc0d9bf7d14afa839d3f93f,Jisheng Jiang (jisheng3),scripts/campaign_a_orchestrator.py,MobileBERT_SST2,exp_mobilebert_sst2,campaign_nlp_mobilebert_gatewaysmart_c96,sp26-cs525-0601 (gateway),sp26-cs525-0605..0620 (triton),MobileBERT/SST-2,fail-slow (tc delay 50-200ms),1773826200.020863,N/A,N/A,6200,",",utf-8,"timestamp,req_id,payload_bytes,mode,backend_id,status_code,e2e_ms,gateway_overhead_ms,error_body,backend_id_normalized,timestamp_raw,t_rel_s,strategy",unix_epoch_float,microseconds,event-driven,float64,"latency: ms, payload: bytes",curated_release,EMPIRICAL_DERIVED,Derived and normalized request-level/benchmark tables produced from raw cluster runs.,keep_in_data_processed,HIGH,False
data/results_curated_real/MobileBERT_SST2_gateway_ablation/normalized_request_level/campaign_nlp_mobilebert_gatewaystrawman_c128.csv,campaign_nlp_mobilebert_gatewaystrawman_c128.csv,.csv,974238,3b2998edce9297ad168a2761964b12e8af74f3557df2275faa1456c9ad50ba75,Jisheng Jiang (jisheng3),scripts/campaign_a_orchestrator.py,MobileBERT_SST2,exp_mobilebert_sst2,campaign_nlp_mobilebert_gatewaystrawman_c128,sp26-cs525-0601 (gateway),sp26-cs525-0605..0620 (triton),MobileBERT/SST-2,fail-slow (tc delay 50-200ms),1773914400.035694,N/A,N/A,5432,",",utf-8,"timestamp,req_id,payload_bytes,mode,backend_id,status_code,e2e_ms,gateway_overhead_ms,error_body,backend_id_normalized,timestamp_raw,t_rel_s,strategy",unix_epoch_float,microseconds,event-driven,float64,"latency: ms, payload: bytes",curated_release,EMPIRICAL_DERIVED,Derived and normalized request-level/benchmark tables produced from raw cluster runs.,keep_in_data_processed,HIGH,False
data/results_curated_real/MobileBERT_SST2_gateway_ablation/normalized_request_level/campaign_nlp_mobilebert_gatewaystrawman_c32.csv,campaign_nlp_mobilebert_gatewaystrawman_c32.csv,.csv,1186653,f866a77002f6293979d748b42ebe7e5631e2a78aecbcd74cb3c5612769bca789,Jisheng Jiang (jisheng3),scripts/campaign_a_orchestrator.py,MobileBERT_SST2,exp_mobilebert_sst2,campaign_nlp_mobilebert_gatewaystrawman_c32,sp26-cs525-0601 (gateway),sp26-cs525-0605..0620 (triton),MobileBERT/SST-2,fail-slow (tc delay 50-200ms),1773907200.004464,N/A,N/A,6672,",",utf-8,"timestamp,req_id,payload_bytes,mode,backend_id,status_code,e2e_ms,gateway_overhead_ms,error_body,backend_id_normalized,timestamp_raw,t_rel_s,strategy",unix_epoch_float,microseconds,event-driven,float64,"latency: ms, payload: bytes",curated_release,EMPIRICAL_DERIVED,Derived and normalized request-level/benchmark tables produced from raw cluster runs.,keep_in_data_processed,HIGH,False
data/results_curated_real/MobileBERT_SST2_gateway_ablation/normalized_request_level/campaign_nlp_mobilebert_gatewaystrawman_c48.csv,campaign_nlp_mobilebert_gatewaystrawman_c48.csv,.csv,1179903,a31545cf4d9d9f72c9469f2b3509f240f19dc09775569c1f950da31ce4f4c132,Jisheng Jiang (jisheng3),scripts/campaign_a_orchestrator.py,MobileBERT_SST2,exp_mobilebert_sst2,campaign_nlp_mobilebert_gatewaystrawman_c48,sp26-cs525-0601 (gateway),sp26-cs525-0605..0620 (triton),MobileBERT/SST-2,fail-slow (tc delay 50-200ms),1773909000.030877,N/A,N/A,6624,",",utf-8,"timestamp,req_id,payload_bytes,mode,backend_id,status_code,e2e_ms,gateway_overhead_ms,error_body,backend_id_normalized,timestamp_raw,t_rel_s,strategy",unix_epoch_float,microseconds,event-driven,float64,"latency: ms, payload: bytes",curated_release,EMPIRICAL_DERIVED,Derived and normalized request-level/benchmark tables produced from raw cluster runs.,keep_in_data_processed,HIGH,False
data/results_curated_real/MobileBERT_SST2_gateway_ablation/normalized_request_level/campaign_nlp_mobilebert_gatewaystrawman_c64.csv,campaign_nlp_mobilebert_gatewaystrawman_c64.csv,.csv,1121572,66647f9e701ef796bb90cf1266841c6b950f8eb3d038221b0ed5a0a5064327f2,Jisheng Jiang (jisheng3),scripts/campaign_a_orchestrator.py,MobileBERT_SST2,exp_mobilebert_sst2,campaign_nlp_mobilebert_gatewaystrawman_c64,sp26-cs525-0601 (gateway),sp26-cs525-0605..0620 (triton),MobileBERT/SST-2,fail-slow (tc delay 50-200ms),1773910800.030427,N/A,N/A,6296,",",utf-8,"timestamp,req_id,payload_bytes,mode,backend_id,status_code,e2e_ms,gateway_overhead_ms,error_body,backend_id_normalized,timestamp_raw,t_rel_s,strategy",unix_epoch_float,microseconds,event-driven,float64,"latency: ms, payload: bytes",curated_release,EMPIRICAL_DERIVED,Derived and normalized request-level/benchmark tables produced from raw cluster runs.,keep_in_data_processed,HIGH,False
data/results_curated_real/MobileBERT_SST2_gateway_ablation/normalized_request_level/campaign_nlp_mobilebert_gatewaystrawman_c96.csv,campaign_nlp_mobilebert_gatewaystrawman_c96.csv,.csv,1053485,4c0ba7cf4b95ad8b7449b499cdcbc8c123e2ac7627440e0aa1c1e44c47d55070,Jisheng Jiang (jisheng3),scripts/campaign_a_orchestrator.py,MobileBERT_SST2,exp_mobilebert_sst2,campaign_nlp_mobilebert_gatewaystrawman_c96,sp26-cs525-0601 (gateway),sp26-cs525-0605..0620 (triton),MobileBERT/SST-2,fail-slow (tc delay 50-200ms),1773912600.035937,N/A,N/A,5912,",",utf-8,"timestamp,req_id,payload_bytes,mode,backend_id,status_code,e2e_ms,gateway_overhead_ms,error_body,backend_id_normalized,timestamp_raw,t_rel_s,strategy",unix_epoch_float,microseconds,event-driven,float64,"latency: ms, payload: bytes",curated_release,EMPIRICAL_DERIVED,Derived and normalized request-level/benchmark tables produced from raw cluster runs.,keep_in_data_processed,HIGH,False
data/results_curated_real/MobileBERT_SST2_gateway_ablation/raw_request_level/campaign_nlp_mobilebert_gatewaysmart_c128.csv,campaign_nlp_mobilebert_gatewaysmart_c128.csv,.csv,575685,17d3d633e4aa856618816007015604f90d5367f0d174443d401c0e8a9ef015d4,Jisheng Jiang (jisheng3),scripts/campaign_a_orchestrator.py,MobileBERT_SST2,exp_mobilebert_sst2,campaign_nlp_mobilebert_gatewaysmart_c128,sp26-cs525-0601 (gateway),sp26-cs525-0605..0620 (triton),MobileBERT/SST-2,fail-slow (tc delay 50-200ms),1773828000.01877,N/A,N/A,5656,",",utf-8,"timestamp,req_id,payload_bytes,mode,backend_id,status_code,e2e_ms,gateway_overhead_ms,",unix_epoch_float,microseconds,event-driven,float64,"latency: ms, payload: bytes",curated_release,EMPIRICAL_DERIVED,Derived and normalized request-level/benchmark tables produced from raw cluster runs.,keep_in_data_processed,HIGH,False
data/results_curated_real/MobileBERT_SST2_gateway_ablation/raw_request_level/campaign_nlp_mobilebert_gatewaysmart_c32.csv,campaign_nlp_mobilebert_gatewaysmart_c32.csv,.csv,684079,43e771fae38e4c82ca858f7069fd5226cbc45f5dfe4d569751bb941364ff2010,Jisheng Jiang (jisheng3),scripts/campaign_a_orchestrator.py,MobileBERT_SST2,exp_mobilebert_sst2,campaign_nlp_mobilebert_gatewaysmart_c32,sp26-cs525-0601 (gateway),sp26-cs525-0605..0620 (triton),MobileBERT/SST-2,fail-slow (tc delay 50-200ms),1773820800.026316,N/A,N/A,6816,",",utf-8,"timestamp,req_id,payload_bytes,mode,backend_id,status_code,e2e_ms,gateway_overhead_ms,",unix_epoch_float,microseconds,event-driven,float64,"latency: ms, payload: bytes",curated_release,EMPIRICAL_DERIVED,Derived and normalized request-level/benchmark tables produced from raw cluster runs.,keep_in_data_processed,HIGH,False
data/results_curated_real/MobileBERT_SST2_gateway_ablation/raw_request_level/campaign_nlp_mobilebert_gatewaysmart_c48.csv,campaign_nlp_mobilebert_gatewaysmart_c48.csv,.csv,691810,d45294d53a0903198cee9150cbaa45a0225107af2d354b6effaf22f028aac89f,Jisheng Jiang (jisheng3),scripts/campaign_a_orchestrator.py,MobileBERT_SST2,exp_mobilebert_sst2,campaign_nlp_mobilebert_gatewaysmart_c48,sp26-cs525-0601 (gateway),sp26-cs525-0605..0620 (triton),MobileBERT/SST-2,fail-slow (tc delay 50-200ms),1773822600.019049,N/A,N/A,6872,",",utf-8,"timestamp,req_id,payload_bytes,mode,backend_id,status_code,e2e_ms,gateway_overhead_ms,",unix_epoch_float,microseconds,event-driven,float64,"latency: ms, payload: bytes",curated_release,EMPIRICAL_DERIVED,Derived and normalized request-level/benchmark tables produced from raw cluster runs.,keep_in_data_processed,HIGH,False
data/results_curated_real/MobileBERT_SST2_gateway_ablation/raw_request_level/campaign_nlp_mobilebert_gatewaysmart_c64.csv,campaign_nlp_mobilebert_gatewaysmart_c64.csv,.csv,662923,a7ef43313ab527f388e49a5ef60622327b017ba994d18c01c93293e3bfc92ff9,Jisheng Jiang (jisheng3),scripts/campaign_a_orchestrator.py,MobileBERT_SST2,exp_mobilebert_sst2,campaign_nlp_mobilebert_gatewaysmart_c64,sp26-cs525-0601 (gateway),sp26-cs525-0605..0620 (triton),MobileBERT/SST-2,fail-slow (tc delay 50-200ms),1773824400.033825,N/A,N/A,6584,",",utf-8,"timestamp,req_id,payload_bytes,mode,backend_id,status_code,e2e_ms,gateway_overhead_ms,",unix_epoch_float,microseconds,event-driven,float64,"latency: ms, payload: bytes",curated_release,EMPIRICAL_DERIVED,Derived and normalized request-level/benchmark tables produced from raw cluster runs.,keep_in_data_processed,HIGH,False
data/results_curated_real/MobileBERT_SST2_gateway_ablation/raw_request_level/campaign_nlp_mobilebert_gatewaysmart_c96.csv,campaign_nlp_mobilebert_gatewaysmart_c96.csv,.csv,624304,3199e4bed9b9e632fa5cfa87cde85fb42f91a0f16d6328fc2f9160296e2f0eb5,Jisheng Jiang (jisheng3),scripts/campaign_a_orchestrator.py,MobileBERT_SST2,exp_mobilebert_sst2,campaign_nlp_mobilebert_gatewaysmart_c96,sp26-cs525-0601 (gateway),sp26-cs525-0605..0620 (triton),MobileBERT/SST-2,fail-slow (tc delay 50-200ms),1773826200.020863,N/A,N/A,6200,",",utf-8,"timestamp,req_id,payload_bytes,mode,backend_id,status_code,e2e_ms,gateway_overhead_ms,",unix_epoch_float,microseconds,event-driven,float64,"latency: ms, payload: bytes",curated_release,EMPIRICAL_DERIVED,Derived and normalized request-level/benchmark tables produced from raw cluster runs.,keep_in_data_processed,HIGH,False
data/results_curated_real/MobileBERT_SST2_gateway_ablation/raw_request_level/campaign_nlp_mobilebert_gatewaystrawman_c128.csv,campaign_nlp_mobilebert_gatewaystrawman_c128.csv,.csv,570019,a185e4383fc143c5b52a5bfd72362f17d104ca31238571732a3816ae309c33d2,Jisheng Jiang (jisheng3),scripts/campaign_a_orchestrator.py,MobileBERT_SST2,exp_mobilebert_sst2,campaign_nlp_mobilebert_gatewaystrawman_c128,sp26-cs525-0601 (gateway),sp26-cs525-0605..0620 (triton),MobileBERT/SST-2,fail-slow (tc delay 50-200ms),1773914400.035694,N/A,N/A,5432,",",utf-8,"timestamp,req_id,payload_bytes,mode,backend_id,status_code,e2e_ms,gateway_overhead_ms,",unix_epoch_float,microseconds,event-driven,float64,"latency: ms, payload: bytes",curated_release,EMPIRICAL_DERIVED,Derived and normalized request-level/benchmark tables produced from raw cluster runs.,keep_in_data_processed,HIGH,False
data/results_curated_real/MobileBERT_SST2_gateway_ablation/raw_request_level/campaign_nlp_mobilebert_gatewaystrawman_c32.csv,campaign_nlp_mobilebert_gatewaystrawman_c32.csv,.csv,690070,4288a7732dff88e45511822cf03a6578e7db89637e66f9d13b0ee87e3d02655c,Jisheng Jiang (jisheng3),scripts/campaign_a_orchestrator.py,MobileBERT_SST2,exp_mobilebert_sst2,campaign_nlp_mobilebert_gatewaystrawman_c32,sp26-cs525-0601 (gateway),sp26-cs525-0605..0620 (triton),MobileBERT/SST-2,fail-slow (tc delay 50-200ms),1773907200.004464,N/A,N/A,6672,",",utf-8,"timestamp,req_id,payload_bytes,mode,backend_id,status_code,e2e_ms,gateway_overhead_ms,",unix_epoch_float,microseconds,event-driven,float64,"latency: ms, payload: bytes",curated_release,EMPIRICAL_DERIVED,Derived and normalized request-level/benchmark tables produced from raw cluster runs.,keep_in_data_processed,HIGH,False
data/results_curated_real/MobileBERT_SST2_gateway_ablation/raw_request_level/campaign_nlp_mobilebert_gatewaystrawman_c48.csv,campaign_nlp_mobilebert_gatewaystrawman_c48.csv,.csv,686837,57185d0ffdc7a9b9a0ba9efd7a111cbf8d0f2ecb64f0db184c4a249966ccb47f,Jisheng Jiang (jisheng3),scripts/campaign_a_orchestrator.py,MobileBERT_SST2,exp_mobilebert_sst2,campaign_nlp_mobilebert_gatewaystrawman_c48,sp26-cs525-0601 (gateway),sp26-cs525-0605..0620 (triton),MobileBERT/SST-2,fail-slow (tc delay 50-200ms),1773909000.030877,N/A,N/A,6624,",",utf-8,"timestamp,req_id,payload_bytes,mode,backend_id,status_code,e2e_ms,gateway_overhead_ms,",unix_epoch_float,microseconds,event-driven,float64,"latency: ms, payload: bytes",curated_release,EMPIRICAL_DERIVED,Derived and normalized request-level/benchmark tables produced from raw cluster runs.,keep_in_data_processed,HIGH,False
data/results_curated_real/MobileBERT_SST2_gateway_ablation/raw_request_level/campaign_nlp_mobilebert_gatewaystrawman_c64.csv,campaign_nlp_mobilebert_gatewaystrawman_c64.csv,.csv,652943,39beaed30d4beecb5ea5e731d3e72fe7ab36744476cc1ee63ee27c2276f28195,Jisheng Jiang (jisheng3),scripts/campaign_a_orchestrator.py,MobileBERT_SST2,exp_mobilebert_sst2,campaign_nlp_mobilebert_gatewaystrawman_c64,sp26-cs525-0601 (gateway),sp26-cs525-0605..0620 (triton),MobileBERT/SST-2,fail-slow (tc delay 50-200ms),1773910800.030427,N/A,N/A,6296,",",utf-8,"timestamp,req_id,payload_bytes,mode,backend_id,status_code,e2e_ms,gateway_overhead_ms,",unix_epoch_float,microseconds,event-driven,float64,"latency: ms, payload: bytes",curated_release,EMPIRICAL_DERIVED,Derived and normalized request-level/benchmark tables produced from raw cluster runs.,keep_in_data_processed,HIGH,False
data/results_curated_real/MobileBERT_SST2_gateway_ablation/raw_request_level/campaign_nlp_mobilebert_gatewaystrawman_c96.csv,campaign_nlp_mobilebert_gatewaystrawman_c96.csv,.csv,613501,d0df3daf06dfe1ba9bf9dd04ab4e10863afe5b2034c73a9c4791b6d4dc198b15,Jisheng Jiang (jisheng3),scripts/campaign_a_orchestrator.py,MobileBERT_SST2,exp_mobilebert_sst2,campaign_nlp_mobilebert_gatewaystrawman_c96,sp26-cs525-0601 (gateway),sp26-cs525-0605..0620 (triton),MobileBERT/SST-2,fail-slow (tc delay 50-200ms),1773912600.035937,N/A,N/A,5912,",",utf-8,"timestamp,req_id,payload_bytes,mode,backend_id,status_code,e2e_ms,gateway_overhead_ms,",unix_epoch_float,microseconds,event-driven,float64,"latency: ms, payload: bytes",curated_release,EMPIRICAL_DERIVED,Derived and normalized request-level/benchmark tables produced from raw cluster runs.,keep_in_data_processed,HIGH,False
data/results_curated_real/MobileBERT_SST2_gateway_ablation/summary/summary_mobilebert_gateway_ablation.csv,summary_mobilebert_gateway_ablation.csv,.csv,762,c9a6be96b085e0bbeb6ad5c45ad88b1128555da9e755990a2674d4d24fedb097,Jisheng Jiang (jisheng3),scripts/campaign_a_orchestrator.py,MobileBERT_SST2,exp_mobilebert_sst2,summary_mobilebert_gateway_ablation,sp26-cs525-0601 (gateway),sp26-cs525-0605..0620 (triton),MobileBERT/SST-2,fail-slow (tc delay 50-200ms),N/A,N/A,N/A,10,",",utf-8,"mode,concurrency,total_requests,success_rate,rps,avg_ms,p95_ms,p99_ms,",relative_seconds,microseconds,event-driven,float64,"latency: ms, payload: bytes",curated_release,EMPIRICAL_DERIVED,Derived and normalized request-level/benchmark tables produced from raw cluster runs.,keep_in_data_processed,HIGH,False
data/results_curated_real/MobileBERT_SST2_p2c_pewma/benchmark/benchmark_mobilebert_p2c.json,benchmark_mobilebert_p2c.json,.json,4071,5537fcadd94f97a4d6fd01458183241b8a016a37f57ed3b05d7230271a525128,Jisheng Jiang (jisheng3),scripts/campaign_a_orchestrator.py,MobileBERT_SST2,exp_mobilebert_sst2,benchmark_mobilebert_p2c,sp26-cs525-0601 (gateway),sp26-cs525-0605..0620 (triton),MobileBERT/SST-2,fail-slow (tc delay 50-200ms),N/A,N/A,N/A,18,N/A,utf-8,data_label|benchmark_scope|campaign_name|mode|model|routing_policy|dataset|inference_stack|execution_mode|cluster|input_tensor_spec|campaign_phases_sec|failure_model_vm05|p99_ms|avg_ms,relative_seconds,microseconds,event-driven,float64,"latency: ms, payload: bytes",curated_release|PRODUCTION_DATA_tag,EMPIRICAL_DERIVED,Derived and normalized request-level/benchmark tables produced from raw cluster runs.,keep_in_data_processed,HIGH,False
data/results_curated_real/MobileBERT_SST2_p2c_pewma/metadata/manifest_real_results.json,manifest_real_results.json,.json,472,7988b603c93f2fa9dd389d154abe770ea80b676a23fbad386352c85ef6c12eca,Jisheng Jiang (jisheng3),scripts/campaign_a_orchestrator.py,MobileBERT_SST2,exp_mobilebert_sst2,manifest_real_results,sp26-cs525-0601 (gateway),sp26-cs525-0605..0620 (triton),Cluster Telemetry,fail-slow (tc delay 50-200ms),N/A,N/A,N/A,9,N/A,utf-8,experiment_name|model|dataset|experiment_type|concurrency_levels|file_counts|schema_version|cleanup_timestamp|notes,relative_seconds,microseconds,event-driven,float64,"latency: ms, payload: bytes",curated_release,EMPIRICAL_DERIVED,Derived and normalized request-level/benchmark tables produced from raw cluster runs.,keep_in_data_processed,HIGH,False
data/results_curated_real/MobileBERT_SST2_p2c_pewma/metadata/README_REAL_RESULTS.txt,README_REAL_RESULTS.txt,.txt,627,7ed3660774977f628a3afc1d53677ecfab5aea9421bab51ec170afc47e5e3933,Jisheng Jiang (jisheng3),scripts/campaign_a_orchestrator.py,MobileBERT_SST2,exp_mobilebert_sst2,README_REAL_RESULTS,sp26-cs525-0601 (gateway),sp26-cs525-0605..0620 (triton),Cluster Telemetry,fail-slow (tc delay 50-200ms),N/A,N/A,N/A,0,N/A,utf-8,N/A,relative_seconds,microseconds,event-driven,float64,"latency: ms, payload: bytes",curated_release,EMPIRICAL_DERIVED,Derived and normalized request-level/benchmark tables produced from raw cluster runs.,keep_in_data_processed,HIGH,False
data/results_curated_real/MobileBERT_SST2_p2c_pewma/normalized_request_level/campaign_nlp_mobilebert_p2c_c128.csv,campaign_nlp_mobilebert_p2c_c128.csv,.csv,2273725,0b2fab828ce9a17fb521631cec48a34d92d8e4468d9f61755505b004da259d7b,Jisheng Jiang (jisheng3),scripts/campaign_a_orchestrator.py,MobileBERT_SST2,exp_mobilebert_sst2,campaign_nlp_mobilebert_p2c_c128,sp26-cs525-0601 (gateway),sp26-cs525-0605..0620 (triton),MobileBERT/SST-2,fail-slow (tc delay 50-200ms),2026-04-03T09:40:00.000-05:00,N/A,N/A,12682,",",utf-8,"timestamp,req_id,payload_bytes,policy,backend_id,status_code,e2e_ms,gateway_overhead_ms,error_body,backend_id_normalized,timestamp_raw,t_rel_s,strategy",iso8601,microseconds,event-driven,float64,"latency: ms, payload: bytes",curated_release,EMPIRICAL_DERIVED,Derived and normalized request-level/benchmark tables produced from raw cluster runs.,keep_in_data_processed,HIGH,False
data/results_curated_real/MobileBERT_SST2_p2c_pewma/normalized_request_level/campaign_nlp_mobilebert_p2c_c32.csv,campaign_nlp_mobilebert_p2c_c32.csv,.csv,3448065,1ded66302e1f1fe45aedb563290d61dd7da5cd5293fed302738dbd044c774b59,Jisheng Jiang (jisheng3),scripts/campaign_a_orchestrator.py,MobileBERT_SST2,exp_mobilebert_sst2,campaign_nlp_mobilebert_p2c_c32,sp26-cs525-0601 (gateway),sp26-cs525-0605..0620 (triton),MobileBERT/SST-2,fail-slow (tc delay 50-200ms),2026-04-03T09:00:00.000-05:00,N/A,N/A,19369,",",utf-8,"timestamp,req_id,payload_bytes,policy,backend_id,status_code,e2e_ms,gateway_overhead_ms,error_body,backend_id_normalized,timestamp_raw,t_rel_s,strategy",iso8601,microseconds,event-driven,float64,"latency: ms, payload: bytes",curated_release,EMPIRICAL_DERIVED,Derived and normalized request-level/benchmark tables produced from raw cluster runs.,keep_in_data_processed,HIGH,False
data/results_curated_real/MobileBERT_SST2_p2c_pewma/normalized_request_level/campaign_nlp_mobilebert_p2c_c48.csv,campaign_nlp_mobilebert_p2c_c48.csv,.csv,3493512,6a0cb355d17af01684f0f757536f611b7f2143c71b762b4b67a4c26af8ff80ff,Jisheng Jiang (jisheng3),scripts/campaign_a_orchestrator.py,MobileBERT_SST2,exp_mobilebert_sst2,campaign_nlp_mobilebert_p2c_c48,sp26-cs525-0601 (gateway),sp26-cs525-0605..0620 (triton),MobileBERT/SST-2,fail-slow (tc delay 50-200ms),2026-04-03T09:10:00.000-05:00,N/A,N/A,19603,",",utf-8,"timestamp,req_id,payload_bytes,policy,backend_id,status_code,e2e_ms,gateway_overhead_ms,error_body,backend_id_normalized,timestamp_raw,t_rel_s,strategy",iso8601,microseconds,event-driven,float64,"latency: ms, payload: bytes",curated_release,EMPIRICAL_DERIVED,Derived and normalized request-level/benchmark tables produced from raw cluster runs.,keep_in_data_processed,HIGH,False
data/results_curated_real/MobileBERT_SST2_p2c_pewma/normalized_request_level/campaign_nlp_mobilebert_p2c_c64.csv,campaign_nlp_mobilebert_p2c_c64.csv,.csv,3228721,9ec6885d4eefbdb640369c86e51decbb58a942d74b804396e184e19c56dac094,Jisheng Jiang (jisheng3),scripts/campaign_a_orchestrator.py,MobileBERT_SST2,exp_mobilebert_sst2,campaign_nlp_mobilebert_p2c_c64,sp26-cs525-0601 (gateway),sp26-cs525-0605..0620 (triton),MobileBERT/SST-2,fail-slow (tc delay 50-200ms),2026-04-03T09:20:00.000-05:00,N/A,N/A,18082,",",utf-8,"timestamp,req_id,payload_bytes,policy,backend_id,status_code,e2e_ms,gateway_overhead_ms,error_body,backend_id_normalized,timestamp_raw,t_rel_s,strategy",iso8601,microseconds,event-driven,float64,"latency: ms, payload: bytes",curated_release,EMPIRICAL_DERIVED,Derived and normalized request-level/benchmark tables produced from raw cluster runs.,keep_in_data_processed,HIGH,False
data/results_curated_real/MobileBERT_SST2_p2c_pewma/normalized_request_level/campaign_nlp_mobilebert_p2c_c96.csv,campaign_nlp_mobilebert_p2c_c96.csv,.csv,2771648,3ffed0114b68a25b53e74f19afc53ea455c414ac987053717cbf34bc0f4e037d,Jisheng Jiang (jisheng3),scripts/campaign_a_orchestrator.py,MobileBERT_SST2,exp_mobilebert_sst2,campaign_nlp_mobilebert_p2c_c96,sp26-cs525-0601 (gateway),sp26-cs525-0605..0620 (triton),MobileBERT/SST-2,fail-slow (tc delay 50-200ms),2026-04-03T09:30:00.000-05:00,N/A,N/A,15469,",",utf-8,"timestamp,req_id,payload_bytes,policy,backend_id,status_code,e2e_ms,gateway_overhead_ms,error_body,backend_id_normalized,timestamp_raw,t_rel_s,strategy",iso8601,microseconds,event-driven,float64,"latency: ms, payload: bytes",curated_release,EMPIRICAL_DERIVED,Derived and normalized request-level/benchmark tables produced from raw cluster runs.,keep_in_data_processed,HIGH,False
data/results_curated_real/MobileBERT_SST2_p2c_pewma/raw_request_level/campaign_nlp_mobilebert_p2c_c128.csv,campaign_nlp_mobilebert_p2c_c128.csv,.csv,1265286,b3d51bc701c91a9ef29efd0c8587e977031d10aebef832fe88bbf9933f994fd1,Jisheng Jiang (jisheng3),scripts/campaign_a_orchestrator.py,MobileBERT_SST2,exp_mobilebert_sst2,campaign_nlp_mobilebert_p2c_c128,sp26-cs525-0601 (gateway),sp26-cs525-0605..0620 (triton),MobileBERT/SST-2,fail-slow (tc delay 50-200ms),2026-04-03T09:40:00.000-05:00,N/A,N/A,12682,",",utf-8,"timestamp,req_id,payload_bytes,policy,backend_id,status_code,e2e_ms,gateway_overhead_ms,",iso8601,microseconds,event-driven,float64,"latency: ms, payload: bytes",curated_release,EMPIRICAL_DERIVED,Derived and normalized request-level/benchmark tables produced from raw cluster runs.,keep_in_data_processed,HIGH,False
data/results_curated_real/MobileBERT_SST2_p2c_pewma/raw_request_level/campaign_nlp_mobilebert_p2c_c32.csv,campaign_nlp_mobilebert_p2c_c32.csv,.csv,1907609,cc923fdfc3ddedb0d3214559fc636f771eabff27f3b44248f7a4151d35f5b560,Jisheng Jiang (jisheng3),scripts/campaign_a_orchestrator.py,MobileBERT_SST2,exp_mobilebert_sst2,campaign_nlp_mobilebert_p2c_c32,sp26-cs525-0601 (gateway),sp26-cs525-0605..0620 (triton),MobileBERT/SST-2,fail-slow (tc delay 50-200ms),2026-04-03T09:00:00.000-05:00,N/A,N/A,19369,",",utf-8,"timestamp,req_id,payload_bytes,policy,backend_id,status_code,e2e_ms,gateway_overhead_ms,",iso8601,microseconds,event-driven,float64,"latency: ms, payload: bytes",curated_release,EMPIRICAL_DERIVED,Derived and normalized request-level/benchmark tables produced from raw cluster runs.,keep_in_data_processed,HIGH,False
data/results_curated_real/MobileBERT_SST2_p2c_pewma/raw_request_level/campaign_nlp_mobilebert_p2c_c48.csv,campaign_nlp_mobilebert_p2c_c48.csv,.csv,1934508,39966d098c99dba35581645fdcb1ab1eddf522f7168e874bafc5522a166018db,Jisheng Jiang (jisheng3),scripts/campaign_a_orchestrator.py,MobileBERT_SST2,exp_mobilebert_sst2,campaign_nlp_mobilebert_p2c_c48,sp26-cs525-0601 (gateway),sp26-cs525-0605..0620 (triton),MobileBERT/SST-2,fail-slow (tc delay 50-200ms),2026-04-03T09:10:00.000-05:00,N/A,N/A,19603,",",utf-8,"timestamp,req_id,payload_bytes,policy,backend_id,status_code,e2e_ms,gateway_overhead_ms,",iso8601,microseconds,event-driven,float64,"latency: ms, payload: bytes",curated_release,EMPIRICAL_DERIVED,Derived and normalized request-level/benchmark tables produced from raw cluster runs.,keep_in_data_processed,HIGH,False
data/results_curated_real/MobileBERT_SST2_p2c_pewma/raw_request_level/campaign_nlp_mobilebert_p2c_c64.csv,campaign_nlp_mobilebert_p2c_c64.csv,.csv,1790703,118033263aa5675e72d68543370c19784726900d8949a1f1f1c6e788d8906b67,Jisheng Jiang (jisheng3),scripts/campaign_a_orchestrator.py,MobileBERT_SST2,exp_mobilebert_sst2,campaign_nlp_mobilebert_p2c_c64,sp26-cs525-0601 (gateway),sp26-cs525-0605..0620 (triton),MobileBERT/SST-2,fail-slow (tc delay 50-200ms),2026-04-03T09:20:00.000-05:00,N/A,N/A,18082,",",utf-8,"timestamp,req_id,payload_bytes,policy,backend_id,status_code,e2e_ms,gateway_overhead_ms,",iso8601,microseconds,event-driven,float64,"latency: ms, payload: bytes",curated_release,EMPIRICAL_DERIVED,Derived and normalized request-level/benchmark tables produced from raw cluster runs.,keep_in_data_processed,HIGH,False
data/results_curated_real/MobileBERT_SST2_p2c_pewma/raw_request_level/campaign_nlp_mobilebert_p2c_c96.csv,campaign_nlp_mobilebert_p2c_c96.csv,.csv,1541482,4bf4cd11cf4ac2d817ecb54fbda5340087e2ff394e43e6547715a654dda6d173,Jisheng Jiang (jisheng3),scripts/campaign_a_orchestrator.py,MobileBERT_SST2,exp_mobilebert_sst2,campaign_nlp_mobilebert_p2c_c96,sp26-cs525-0601 (gateway),sp26-cs525-0605..0620 (triton),MobileBERT/SST-2,fail-slow (tc delay 50-200ms),2026-04-03T09:30:00.000-05:00,N/A,N/A,15469,",",utf-8,"timestamp,req_id,payload_bytes,policy,backend_id,status_code,e2e_ms,gateway_overhead_ms,",iso8601,microseconds,event-driven,float64,"latency: ms, payload: bytes",curated_release,EMPIRICAL_DERIVED,Derived and normalized request-level/benchmark tables produced from raw cluster runs.,keep_in_data_processed,HIGH,False
data/results_curated_real/MobileBERT_SST2_p2c_pewma/summary/summary_mobilebert_p2c.csv,summary_mobilebert_p2c.csv,.csv,456,dc2750c24c1e81ff6c9e467253ee25022bfa6cc081470751ceb2369538ba9ab0,Jisheng Jiang (jisheng3),scripts/campaign_a_orchestrator.py,MobileBERT_SST2,exp_mobilebert_sst2,summary_mobilebert_p2c,sp26-cs525-0601 (gateway),sp26-cs525-0605..0620 (triton),MobileBERT/SST-2,fail-slow (tc delay 50-200ms),N/A,N/A,N/A,5,",",utf-8,"mode,concurrency,total_requests,success_rate,rps,avg_ms,p95_ms,p99_ms,",relative_seconds,microseconds,event-driven,float64,"latency: ms, payload: bytes",curated_release,EMPIRICAL_DERIVED,Derived and normalized request-level/benchmark tables produced from raw cluster runs.,keep_in_data_processed,HIGH,False
data/results_curated_real/MobileBERT_SST2_round_robin/auxiliary_removed/README_PRODUCTION_DATA.txt,README_PRODUCTION_DATA.txt,.txt,1676,7f91914ba7bf7f182aef9fe2aedc95ae837b7cf072c42ccabfc859b1e98cc5e5,Jisheng Jiang (jisheng3),scripts/campaign_a_orchestrator.py,MobileBERT_SST2,exp_mobilebert_sst2,README_PRODUCTION_DATA,sp26-cs525-0601 (gateway),sp26-cs525-0605..0620 (triton),Cluster Telemetry,fail-slow (tc delay 50-200ms),N/A,N/A,N/A,0,N/A,utf-8,N/A,relative_seconds,microseconds,event-driven,float64,"latency: ms, payload: bytes",curated_release|PRODUCTION_DATA_tag,EMPIRICAL_DERIVED,Derived and normalized request-level/benchmark tables produced from raw cluster runs.,keep_in_data_processed,HIGH,False
data/results_curated_real/MobileBERT_SST2_round_robin/benchmark/benchmark_mobilebert_rr.json,benchmark_mobilebert_rr.json,.json,234,3671a7e5df95568c9490ef12e0f3e98515c2ba6907ed225dbdac6ef3f589a4a0,Jisheng Jiang (jisheng3),scripts/campaign_a_orchestrator.py,MobileBERT_SST2,exp_mobilebert_sst2,benchmark_mobilebert_rr,sp26-cs525-0601 (gateway),sp26-cs525-0605..0620 (triton),MobileBERT/SST-2,fail-slow (tc delay 50-200ms),N/A,N/A,N/A,7,N/A,utf-8,data_label|mode|aggregation|p99_ms|avg_ms|rps|total_requests,relative_seconds,microseconds,event-driven,float64,"latency: ms, payload: bytes",curated_release|PRODUCTION_DATA_tag,EMPIRICAL_DERIVED,Derived and normalized request-level/benchmark tables produced from raw cluster runs.,keep_in_data_processed,HIGH,False
data/results_curated_real/MobileBERT_SST2_round_robin/metadata/manifest_real_results.json,manifest_real_results.json,.json,474,81c863ff275f988c5a05caa5e9761f4fe0f4f56b2c1ef39cb9d1b157259bb95d,Jisheng Jiang (jisheng3),scripts/campaign_a_orchestrator.py,MobileBERT_SST2,exp_mobilebert_sst2,manifest_real_results,sp26-cs525-0601 (gateway),sp26-cs525-0605..0620 (triton),Cluster Telemetry,fail-slow (tc delay 50-200ms),N/A,N/A,N/A,9,N/A,utf-8,experiment_name|model|dataset|experiment_type|concurrency_levels|file_counts|schema_version|cleanup_timestamp|notes,relative_seconds,microseconds,event-driven,float64,"latency: ms, payload: bytes",curated_release,EMPIRICAL_DERIVED,Derived and normalized request-level/benchmark tables produced from raw cluster runs.,keep_in_data_processed,HIGH,False
data/results_curated_real/MobileBERT_SST2_round_robin/metadata/README_REAL_RESULTS.txt,README_REAL_RESULTS.txt,.txt,629,8567a92950fdfe75424dda83656d91af46b3fe4db98607945327f17f159956ef,Jisheng Jiang (jisheng3),scripts/campaign_a_orchestrator.py,MobileBERT_SST2,exp_mobilebert_sst2,README_REAL_RESULTS,sp26-cs525-0601 (gateway),sp26-cs525-0605..0620 (triton),Cluster Telemetry,fail-slow (tc delay 50-200ms),N/A,N/A,N/A,0,N/A,utf-8,N/A,relative_seconds,microseconds,event-driven,float64,"latency: ms, payload: bytes",curated_release,EMPIRICAL_DERIVED,Derived and normalized request-level/benchmark tables produced from raw cluster runs.,keep_in_data_processed,HIGH,False
data/results_curated_real/MobileBERT_SST2_round_robin/normalized_request_level/campaign_nlp_mobilebert_rr_c128.csv,campaign_nlp_mobilebert_rr_c128.csv,.csv,2393829,becd289e4d06d531491e31b58519cceaa0c110a15220b6b9cd51f8903cc372e0,Jisheng Jiang (jisheng3),scripts/campaign_a_orchestrator.py,MobileBERT_SST2,exp_mobilebert_sst2,campaign_nlp_mobilebert_rr_c128,sp26-cs525-0601 (gateway),sp26-cs525-0605..0620 (triton),MobileBERT/SST-2,fail-slow (tc delay 50-200ms),2026-04-03T12:40:00.031,N/A,N/A,14640,",",utf-8,"timestamp,req_id,payload_bytes,policy,backend_id,status_code,e2e_ms,gateway_overhead_ms,error_body,backend_id_normalized,timestamp_raw,t_rel_s,strategy",iso8601,microseconds,event-driven,float64,"latency: ms, payload: bytes",curated_release,EMPIRICAL_DERIVED,Derived and normalized request-level/benchmark tables produced from raw cluster runs.,keep_in_data_processed,HIGH,False
data/results_curated_real/MobileBERT_SST2_round_robin/normalized_request_level/campaign_nlp_mobilebert_rr_c32.csv,campaign_nlp_mobilebert_rr_c32.csv,.csv,2035821,a92aa96788880161b437e100c2b2e791f861d0055d26d101b030bc54d26ebd05,Jisheng Jiang (jisheng3),scripts/campaign_a_orchestrator.py,MobileBERT_SST2,exp_mobilebert_sst2,campaign_nlp_mobilebert_rr_c32,sp26-cs525-0601 (gateway),sp26-cs525-0605..0620 (triton),MobileBERT/SST-2,fail-slow (tc delay 50-200ms),2026-04-03T12:00:00.012,N/A,N/A,12600,",",utf-8,"timestamp,req_id,payload_bytes,policy,backend_id,status_code,e2e_ms,gateway_overhead_ms,error_body,backend_id_normalized,timestamp_raw,t_rel_s,strategy",iso8601,microseconds,event-driven,float64,"latency: ms, payload: bytes",curated_release,EMPIRICAL_DERIVED,Derived and normalized request-level/benchmark tables produced from raw cluster runs.,keep_in_data_processed,HIGH,False
data/results_curated_real/MobileBERT_SST2_round_robin/normalized_request_level/campaign_nlp_mobilebert_rr_c48.csv,campaign_nlp_mobilebert_rr_c48.csv,.csv,2193237,70c92bda194e22f19f5b9dce498fb0dbc33b6d0176b643ebdbab2e85d765ad13,Jisheng Jiang (jisheng3),scripts/campaign_a_orchestrator.py,MobileBERT_SST2,exp_mobilebert_sst2,campaign_nlp_mobilebert_rr_c48,sp26-cs525-0601 (gateway),sp26-cs525-0605..0620 (triton),MobileBERT/SST-2,fail-slow (tc delay 50-200ms),2026-04-03T12:10:00.000,N/A,N/A,13560,",",utf-8,"timestamp,req_id,payload_bytes,policy,backend_id,status_code,e2e_ms,gateway_overhead_ms,error_body,backend_id_normalized,timestamp_raw,t_rel_s,strategy",iso8601,microseconds,event-driven,float64,"latency: ms, payload: bytes",curated_release,EMPIRICAL_DERIVED,Derived and normalized request-level/benchmark tables produced from raw cluster runs.,keep_in_data_processed,HIGH,False
data/results_curated_real/MobileBERT_SST2_round_robin/normalized_request_level/campaign_nlp_mobilebert_rr_c64.csv,campaign_nlp_mobilebert_rr_c64.csv,.csv,2261503,8efefded906e817825268d46e48215e2eb24b1a4dca8044ca284d80da47e996f,Jisheng Jiang (jisheng3),scripts/campaign_a_orchestrator.py,MobileBERT_SST2,exp_mobilebert_sst2,campaign_nlp_mobilebert_rr_c64,sp26-cs525-0601 (gateway),sp26-cs525-0605..0620 (triton),MobileBERT/SST-2,fail-slow (tc delay 50-200ms),2026-04-03T12:20:00.007,N/A,N/A,13950,",",utf-8,"timestamp,req_id,payload_bytes,policy,backend_id,status_code,e2e_ms,gateway_overhead_ms,error_body,backend_id_normalized,timestamp_raw,t_rel_s,strategy",iso8601,microseconds,event-driven,float64,"latency: ms, payload: bytes",curated_release,EMPIRICAL_DERIVED,Derived and normalized request-level/benchmark tables produced from raw cluster runs.,keep_in_data_processed,HIGH,False
data/results_curated_real/MobileBERT_SST2_round_robin/normalized_request_level/campaign_nlp_mobilebert_rr_c96.csv,campaign_nlp_mobilebert_rr_c96.csv,.csv,2329801,95bdfa0612cea7b1112355d709df84eaaccbe1d3850e4fb82c969cdc968054a6,Jisheng Jiang (jisheng3),scripts/campaign_a_orchestrator.py,MobileBERT_SST2,exp_mobilebert_sst2,campaign_nlp_mobilebert_rr_c96,sp26-cs525-0601 (gateway),sp26-cs525-0605..0620 (triton),MobileBERT/SST-2,fail-slow (tc delay 50-200ms),2026-04-03T12:30:00.011,N/A,N/A,14340,",",utf-8,"timestamp,req_id,payload_bytes,policy,backend_id,status_code,e2e_ms,gateway_overhead_ms,error_body,backend_id_normalized,timestamp_raw,t_rel_s,strategy",iso8601,microseconds,event-driven,float64,"latency: ms, payload: bytes",curated_release,EMPIRICAL_DERIVED,Derived and normalized request-level/benchmark tables produced from raw cluster runs.,keep_in_data_processed,HIGH,False
data/results_curated_real/MobileBERT_SST2_round_robin/raw_request_level/campaign_nlp_mobilebert_rr_c128.csv,campaign_nlp_mobilebert_rr_c128.csv,.csv,1288586,dc4f575b6ea573b8369fed86eb8673739b6966d00d4dacd04bde5ed32673d946,Jisheng Jiang (jisheng3),scripts/campaign_a_orchestrator.py,MobileBERT_SST2,exp_mobilebert_sst2,campaign_nlp_mobilebert_rr_c128,sp26-cs525-0601 (gateway),sp26-cs525-0605..0620 (triton),MobileBERT/SST-2,fail-slow (tc delay 50-200ms),2026-04-03T12:40:00.031,N/A,N/A,14640,",",utf-8,"timestamp,req_id,payload_bytes,policy,backend_id,status_code,e2e_ms,gateway_overhead_ms,",iso8601,microseconds,event-driven,float64,"latency: ms, payload: bytes",curated_release,EMPIRICAL_DERIVED,Derived and normalized request-level/benchmark tables produced from raw cluster runs.,keep_in_data_processed,HIGH,False
data/results_curated_real/MobileBERT_SST2_round_robin/raw_request_level/campaign_nlp_mobilebert_rr_c32.csv,campaign_nlp_mobilebert_rr_c32.csv,.csv,1084239,68a9b7df3b79285f80f7c6f9ec38359b17a2306d4a892a6372d2efb37b81c43f,Jisheng Jiang (jisheng3),scripts/campaign_a_orchestrator.py,MobileBERT_SST2,exp_mobilebert_sst2,campaign_nlp_mobilebert_rr_c32,sp26-cs525-0601 (gateway),sp26-cs525-0605..0620 (triton),MobileBERT/SST-2,fail-slow (tc delay 50-200ms),2026-04-03T12:00:00.012,N/A,N/A,12600,",",utf-8,"timestamp,req_id,payload_bytes,policy,backend_id,status_code,e2e_ms,gateway_overhead_ms,",iso8601,microseconds,event-driven,float64,"latency: ms, payload: bytes",curated_release,EMPIRICAL_DERIVED,Derived and normalized request-level/benchmark tables produced from raw cluster runs.,keep_in_data_processed,HIGH,False
data/results_curated_real/MobileBERT_SST2_round_robin/raw_request_level/campaign_nlp_mobilebert_rr_c48.csv,campaign_nlp_mobilebert_rr_c48.csv,.csv,1169156,6ac1b3a0c65cb58dc120d8335287fa4f8e48ba981c8c19df5cbe1c320f978c0b,Jisheng Jiang (jisheng3),scripts/campaign_a_orchestrator.py,MobileBERT_SST2,exp_mobilebert_sst2,campaign_nlp_mobilebert_rr_c48,sp26-cs525-0601 (gateway),sp26-cs525-0605..0620 (triton),MobileBERT/SST-2,fail-slow (tc delay 50-200ms),2026-04-03T12:10:00.000,N/A,N/A,13560,",",utf-8,"timestamp,req_id,payload_bytes,policy,backend_id,status_code,e2e_ms,gateway_overhead_ms,",iso8601,microseconds,event-driven,float64,"latency: ms, payload: bytes",curated_release,EMPIRICAL_DERIVED,Derived and normalized request-level/benchmark tables produced from raw cluster runs.,keep_in_data_processed,HIGH,False
data/results_curated_real/MobileBERT_SST2_round_robin/raw_request_level/campaign_nlp_mobilebert_rr_c64.csv,campaign_nlp_mobilebert_rr_c64.csv,.csv,1208038,a65c1e3196d6e7ba6ab56b9576c25ccbe0533eef67f2772c0ef3592295ca8141,Jisheng Jiang (jisheng3),scripts/campaign_a_orchestrator.py,MobileBERT_SST2,exp_mobilebert_sst2,campaign_nlp_mobilebert_rr_c64,sp26-cs525-0601 (gateway),sp26-cs525-0605..0620 (triton),MobileBERT/SST-2,fail-slow (tc delay 50-200ms),2026-04-03T12:20:00.007,N/A,N/A,13950,",",utf-8,"timestamp,req_id,payload_bytes,policy,backend_id,status_code,e2e_ms,gateway_overhead_ms,",iso8601,microseconds,event-driven,float64,"latency: ms, payload: bytes",curated_release,EMPIRICAL_DERIVED,Derived and normalized request-level/benchmark tables produced from raw cluster runs.,keep_in_data_processed,HIGH,False
data/results_curated_real/MobileBERT_SST2_round_robin/raw_request_level/campaign_nlp_mobilebert_rr_c96.csv,campaign_nlp_mobilebert_rr_c96.csv,.csv,1247043,358c92cfdf7f5890a9448e45ecb33a0d09359030503e26de53b9ec1848e80e35,Jisheng Jiang (jisheng3),scripts/campaign_a_orchestrator.py,MobileBERT_SST2,exp_mobilebert_sst2,campaign_nlp_mobilebert_rr_c96,sp26-cs525-0601 (gateway),sp26-cs525-0605..0620 (triton),MobileBERT/SST-2,fail-slow (tc delay 50-200ms),2026-04-03T12:30:00.011,N/A,N/A,14340,",",utf-8,"timestamp,req_id,payload_bytes,policy,backend_id,status_code,e2e_ms,gateway_overhead_ms,",iso8601,microseconds,event-driven,float64,"latency: ms, payload: bytes",curated_release,EMPIRICAL_DERIVED,Derived and normalized request-level/benchmark tables produced from raw cluster runs.,keep_in_data_processed,HIGH,False
data/results_curated_real/MobileBERT_SST2_round_robin/summary/summary_mobilebert_rr.csv,summary_mobilebert_rr.csv,.csv,417,4478624d26cc1b1ece5dc5d45ba27c3837620132478963938bd6602038ce5366,Jisheng Jiang (jisheng3),scripts/campaign_a_orchestrator.py,MobileBERT_SST2,exp_mobilebert_sst2,summary_mobilebert_rr,sp26-cs525-0601 (gateway),sp26-cs525-0605..0620 (triton),MobileBERT/SST-2,fail-slow (tc delay 50-200ms),N/A,N/A,N/A,5,",",utf-8,"mode,concurrency,total_requests,success_rate,rps,avg_ms,p95_ms,p99_ms,",relative_seconds,microseconds,event-driven,float64,"latency: ms, payload: bytes",curated_release,EMPIRICAL_DERIVED,Derived and normalized request-level/benchmark tables produced from raw cluster runs.,keep_in_data_processed,HIGH,False
data/results_curated_real/MobileBERT_SST2_tri_cb/benchmark/benchmark_mobilebert_tricb.json,benchmark_mobilebert_tricb.json,.json,99,ed259b34e7031e1268bfa5667b1480e34958c628a474921c33e643c12249d0cf,Jisheng Jiang (jisheng3),scripts/campaign_a_orchestrator.py,MobileBERT_SST2,exp_mobilebert_sst2,benchmark_mobilebert_tricb,sp26-cs525-0601 (gateway),sp26-cs525-0605..0620 (triton),MobileBERT/SST-2,fail-slow (tc delay 50-200ms),N/A,N/A,N/A,4,N/A,utf-8,p99_ms|avg_ms|rps|total_requests,relative_seconds,microseconds,event-driven,float64,"latency: ms, payload: bytes",curated_release,EMPIRICAL_DERIVED,Derived and normalized request-level/benchmark tables produced from raw cluster runs.,keep_in_data_processed,HIGH,False
data/results_curated_real/MobileBERT_SST2_tri_cb/metadata/manifest_real_results.json,manifest_real_results.json,.json,469,b006c17a30b6ddea68dbf0dcfc78e1e0dbf8bb5c0d6f9e1fa3c08663ba6cf5f5,Jisheng Jiang (jisheng3),scripts/campaign_a_orchestrator.py,MobileBERT_SST2,exp_mobilebert_sst2,manifest_real_results,sp26-cs525-0601 (gateway),sp26-cs525-0605..0620 (triton),Cluster Telemetry,fail-slow (tc delay 50-200ms),N/A,N/A,N/A,9,N/A,utf-8,experiment_name|model|dataset|experiment_type|concurrency_levels|file_counts|schema_version|cleanup_timestamp|notes,relative_seconds,microseconds,event-driven,float64,"latency: ms, payload: bytes",curated_release,EMPIRICAL_DERIVED,Derived and normalized request-level/benchmark tables produced from raw cluster runs.,keep_in_data_processed,HIGH,False
data/results_curated_real/MobileBERT_SST2_tri_cb/metadata/README_REAL_RESULTS.txt,README_REAL_RESULTS.txt,.txt,624,45fad7a2db21a957841749fc1f7dcb4608103ef6192786d2f2ed4ecf64fbeb1e,Jisheng Jiang (jisheng3),scripts/campaign_a_orchestrator.py,MobileBERT_SST2,exp_mobilebert_sst2,README_REAL_RESULTS,sp26-cs525-0601 (gateway),sp26-cs525-0605..0620 (triton),Cluster Telemetry,fail-slow (tc delay 50-200ms),N/A,N/A,N/A,0,N/A,utf-8,N/A,relative_seconds,microseconds,event-driven,float64,"latency: ms, payload: bytes",curated_release,EMPIRICAL_DERIVED,Derived and normalized request-level/benchmark tables produced from raw cluster runs.,keep_in_data_processed,HIGH,False
data/results_curated_real/MobileBERT_SST2_tri_cb/normalized_request_level/campaign_nlp_mobilebert_tricb_c128.csv,campaign_nlp_mobilebert_tricb_c128.csv,.csv,17848991,a7a54beb0777c8de273430ebefe4386c466a4cf5f3829cede572753ad43fdf1c,Jisheng Jiang (jisheng3),scripts/campaign_a_orchestrator.py,MobileBERT_SST2,exp_mobilebert_sst2,campaign_nlp_mobilebert_tricb_c128,sp26-cs525-0601 (gateway),sp26-cs525-0605..0620 (triton),MobileBERT/SST-2,fail-slow (tc delay 50-200ms),2026-04-04T12:24:00Z,N/A,N/A,105744,",",utf-8,"timestamp,req_id,payload_bytes,policy,backend_id,status_code,e2e_ms,gateway_overhead_ms,error_body,backend_id_normalized,timestamp_raw,t_rel_s,strategy",iso8601,microseconds,event-driven,float64,"latency: ms, payload: bytes",curated_release,EMPIRICAL_DERIVED,Derived and normalized request-level/benchmark tables produced from raw cluster runs.,keep_in_data_processed,HIGH,False
data/results_curated_real/MobileBERT_SST2_tri_cb/normalized_request_level/campaign_nlp_mobilebert_tricb_c32.csv,campaign_nlp_mobilebert_tricb_c32.csv,.csv,10252755,29f776cf94b329ad78a7160263c6c7204a0c51a9a897af93ec05e4f35c8958f9,Jisheng Jiang (jisheng3),scripts/campaign_a_orchestrator.py,MobileBERT_SST2,exp_mobilebert_sst2,campaign_nlp_mobilebert_tricb_c32,sp26-cs525-0601 (gateway),sp26-cs525-0605..0620 (triton),MobileBERT/SST-2,fail-slow (tc delay 50-200ms),2026-04-04T12:00:00Z,N/A,N/A,61391,",",utf-8,"timestamp,req_id,payload_bytes,policy,backend_id,status_code,e2e_ms,gateway_overhead_ms,error_body,backend_id_normalized,timestamp_raw,t_rel_s,strategy",iso8601,microseconds,event-driven,float64,"latency: ms, payload: bytes",curated_release,EMPIRICAL_DERIVED,Derived and normalized request-level/benchmark tables produced from raw cluster runs.,keep_in_data_processed,HIGH,False
data/results_curated_real/MobileBERT_SST2_tri_cb/normalized_request_level/campaign_nlp_mobilebert_tricb_c48.csv,campaign_nlp_mobilebert_tricb_c48.csv,.csv,13436704,79df0a7da00e4048cbf4014abeecfb5660866df87f03269dfa01d3c298fd67f0,Jisheng Jiang (jisheng3),scripts/campaign_a_orchestrator.py,MobileBERT_SST2,exp_mobilebert_sst2,campaign_nlp_mobilebert_tricb_c48,sp26-cs525-0601 (gateway),sp26-cs525-0605..0620 (triton),MobileBERT/SST-2,fail-slow (tc delay 50-200ms),2026-04-04T12:06:00Z,N/A,N/A,80382,",",utf-8,"timestamp,req_id,payload_bytes,policy,backend_id,status_code,e2e_ms,gateway_overhead_ms,error_body,backend_id_normalized,timestamp_raw,t_rel_s,strategy",iso8601,microseconds,event-driven,float64,"latency: ms, payload: bytes",curated_release,EMPIRICAL_DERIVED,Derived and normalized request-level/benchmark tables produced from raw cluster runs.,keep_in_data_processed,HIGH,False
data/results_curated_real/MobileBERT_SST2_tri_cb/normalized_request_level/campaign_nlp_mobilebert_tricb_c64.csv,campaign_nlp_mobilebert_tricb_c64.csv,.csv,15321314,60f87f011886d2eeeb08697830c06670b1219947d886e946835c98a740a99304,Jisheng Jiang (jisheng3),scripts/campaign_a_orchestrator.py,MobileBERT_SST2,exp_mobilebert_sst2,campaign_nlp_mobilebert_tricb_c64,sp26-cs525-0601 (gateway),sp26-cs525-0605..0620 (triton),MobileBERT/SST-2,fail-slow (tc delay 50-200ms),2026-04-04T12:12:00Z,N/A,N/A,91581,",",utf-8,"timestamp,req_id,payload_bytes,policy,backend_id,status_code,e2e_ms,gateway_overhead_ms,error_body,backend_id_normalized,timestamp_raw,t_rel_s,strategy",iso8601,microseconds,event-driven,float64,"latency: ms, payload: bytes",curated_release,EMPIRICAL_DERIVED,Derived and normalized request-level/benchmark tables produced from raw cluster runs.,keep_in_data_processed,HIGH,False
data/results_curated_real/MobileBERT_SST2_tri_cb/normalized_request_level/campaign_nlp_mobilebert_tricb_c96.csv,campaign_nlp_mobilebert_tricb_c96.csv,.csv,16733564,52f71e2b14e43e9545523dc8ebb573da0f3d2000aeb8e7006f4a052a4485c3be,Jisheng Jiang (jisheng3),scripts/campaign_a_orchestrator.py,MobileBERT_SST2,exp_mobilebert_sst2,campaign_nlp_mobilebert_tricb_c96,sp26-cs525-0601 (gateway),sp26-cs525-0605..0620 (triton),MobileBERT/SST-2,fail-slow (tc delay 50-200ms),2026-04-04T12:18:00Z,N/A,N/A,99860,",",utf-8,"timestamp,req_id,payload_bytes,policy,backend_id,status_code,e2e_ms,gateway_overhead_ms,error_body,backend_id_normalized,timestamp_raw,t_rel_s,strategy",iso8601,microseconds,event-driven,float64,"latency: ms, payload: bytes",curated_release,EMPIRICAL_DERIVED,Derived and normalized request-level/benchmark tables produced from raw cluster runs.,keep_in_data_processed,HIGH,False
data/results_curated_real/MobileBERT_SST2_tri_cb/raw_request_level/campaign_nlp_mobilebert_tricb_c128.csv,campaign_nlp_mobilebert_tricb_c128.csv,.csv,9976064,a7ac0758e689d0e3caa1741b11529e1cf626e825cdc63f58ba1c72da91cdbb5c,Jisheng Jiang (jisheng3),scripts/campaign_a_orchestrator.py,MobileBERT_SST2,exp_mobilebert_sst2,campaign_nlp_mobilebert_tricb_c128,sp26-cs525-0601 (gateway),sp26-cs525-0605..0620 (triton),MobileBERT/SST-2,fail-slow (tc delay 50-200ms),2026-04-04T12:24:00Z,N/A,N/A,105744,",",utf-8,"timestamp,req_id,payload_bytes,policy,backend_id,status_code,e2e_ms,gateway_overhead_ms,",iso8601,microseconds,event-driven,float64,"latency: ms, payload: bytes",curated_release,EMPIRICAL_DERIVED,Derived and normalized request-level/benchmark tables produced from raw cluster runs.,keep_in_data_processed,HIGH,False
data/results_curated_real/MobileBERT_SST2_tri_cb/raw_request_level/campaign_nlp_mobilebert_tricb_c32.csv,campaign_nlp_mobilebert_tricb_c32.csv,.csv,5678535,9e932cbd41421ea8009a67dd8a34895e156f8d840447d7674b35f50a3ccd704e,Jisheng Jiang (jisheng3),scripts/campaign_a_orchestrator.py,MobileBERT_SST2,exp_mobilebert_sst2,campaign_nlp_mobilebert_tricb_c32,sp26-cs525-0601 (gateway),sp26-cs525-0605..0620 (triton),MobileBERT/SST-2,fail-slow (tc delay 50-200ms),2026-04-04T12:00:00Z,N/A,N/A,61391,",",utf-8,"timestamp,req_id,payload_bytes,policy,backend_id,status_code,e2e_ms,gateway_overhead_ms,",iso8601,microseconds,event-driven,float64,"latency: ms, payload: bytes",curated_release,EMPIRICAL_DERIVED,Derived and normalized request-level/benchmark tables produced from raw cluster runs.,keep_in_data_processed,HIGH,False
data/results_curated_real/MobileBERT_SST2_tri_cb/raw_request_level/campaign_nlp_mobilebert_tricb_c48.csv,campaign_nlp_mobilebert_tricb_c48.csv,.csv,7448112,bbf05af76f86e82d53251a446b05f1b6dca36ef24679d87d7ab0a4bea116516c,Jisheng Jiang (jisheng3),scripts/campaign_a_orchestrator.py,MobileBERT_SST2,exp_mobilebert_sst2,campaign_nlp_mobilebert_tricb_c48,sp26-cs525-0601 (gateway),sp26-cs525-0605..0620 (triton),MobileBERT/SST-2,fail-slow (tc delay 50-200ms),2026-04-04T12:06:00Z,N/A,N/A,80382,",",utf-8,"timestamp,req_id,payload_bytes,policy,backend_id,status_code,e2e_ms,gateway_overhead_ms,",iso8601,microseconds,event-driven,float64,"latency: ms, payload: bytes",curated_release,EMPIRICAL_DERIVED,Derived and normalized request-level/benchmark tables produced from raw cluster runs.,keep_in_data_processed,HIGH,False
data/results_curated_real/MobileBERT_SST2_tri_cb/raw_request_level/campaign_nlp_mobilebert_tricb_c64.csv,campaign_nlp_mobilebert_tricb_c64.csv,.csv,8498919,961668ae0c070b0080faf5bd70adbaff448434f0d7949cf58cbaa615f5e85628,Jisheng Jiang (jisheng3),scripts/campaign_a_orchestrator.py,MobileBERT_SST2,exp_mobilebert_sst2,campaign_nlp_mobilebert_tricb_c64,sp26-cs525-0601 (gateway),sp26-cs525-0605..0620 (triton),MobileBERT/SST-2,fail-slow (tc delay 50-200ms),2026-04-04T12:12:00Z,N/A,N/A,91581,",",utf-8,"timestamp,req_id,payload_bytes,policy,backend_id,status_code,e2e_ms,gateway_overhead_ms,",iso8601,microseconds,event-driven,float64,"latency: ms, payload: bytes",curated_release,EMPIRICAL_DERIVED,Derived and normalized request-level/benchmark tables produced from raw cluster runs.,keep_in_data_processed,HIGH,False
data/results_curated_real/MobileBERT_SST2_tri_cb/raw_request_level/campaign_nlp_mobilebert_tricb_c96.csv,campaign_nlp_mobilebert_tricb_c96.csv,.csv,9297809,8bdc05be2925c0811fc994e7f0c3b2dc04119ec9836d54525dbe7a2d440ef250,Jisheng Jiang (jisheng3),scripts/campaign_a_orchestrator.py,MobileBERT_SST2,exp_mobilebert_sst2,campaign_nlp_mobilebert_tricb_c96,sp26-cs525-0601 (gateway),sp26-cs525-0605..0620 (triton),MobileBERT/SST-2,fail-slow (tc delay 50-200ms),2026-04-04T12:18:00Z,N/A,N/A,99860,",",utf-8,"timestamp,req_id,payload_bytes,policy,backend_id,status_code,e2e_ms,gateway_overhead_ms,",iso8601,microseconds,event-driven,float64,"latency: ms, payload: bytes",curated_release,EMPIRICAL_DERIVED,Derived and normalized request-level/benchmark tables produced from raw cluster runs.,keep_in_data_processed,HIGH,False
data/results_curated_real/MobileBERT_SST2_tri_cb/summary/summary_mobilebert_tricb.csv,summary_mobilebert_tricb.csv,.csv,391,fa1f5009241d7b91b0586f852161d8ff68eeb2b8070b4a3e3ab99cb9814b9dcd,Jisheng Jiang (jisheng3),scripts/campaign_a_orchestrator.py,MobileBERT_SST2,exp_mobilebert_sst2,summary_mobilebert_tricb,sp26-cs525-0601 (gateway),sp26-cs525-0605..0620 (triton),MobileBERT/SST-2,fail-slow (tc delay 50-200ms),N/A,N/A,N/A,5,",",utf-8,"mode,concurrency,total_requests,success_rate,rps,avg_ms,p95_ms,p99_ms,",relative_seconds,microseconds,event-driven,float64,"latency: ms, payload: bytes",curated_release,EMPIRICAL_DERIVED,Derived and normalized request-level/benchmark tables produced from raw cluster runs.,keep_in_data_processed,HIGH,False
data/results_curated_real/ResNet50_CIFAR10_campaign_a_smart/auxiliary_removed/README_PRODUCTION.txt,README_PRODUCTION.txt,.txt,1003,003ed3acdb33c5ff736266f19825b11bccb70949156b074557928290685129eb,Jisheng Jiang (jisheng3),scripts/campaign_a_orchestrator.py,ResNet50_CIFAR10,exp_resnet50_cifar10,README_PRODUCTION,sp26-cs525-0601 (gateway),sp26-cs525-0605..0620 (triton),Cluster Telemetry,fail-slow (tc delay 50-200ms),N/A,N/A,N/A,0,N/A,utf-8,N/A,relative_seconds,microseconds,event-driven,float64,"latency: ms, payload: bytes",curated_release,EMPIRICAL_DERIVED,Derived and normalized request-level/benchmark tables produced from raw cluster runs.,keep_in_data_processed,HIGH,False
data/results_curated_real/ResNet50_CIFAR10_campaign_a_smart/benchmark/benchmark_smart.json,benchmark_smart.json,.json,125,cf459e237203dbf73c3bfc7c2aa240bf527f9e429bb34db7a31f3625464f6e96,Jisheng Jiang (jisheng3),scripts/campaign_a_orchestrator.py,ResNet50_CIFAR10,exp_resnet50_cifar10,benchmark_smart,sp26-cs525-0601 (gateway),sp26-cs525-0605..0620 (triton),Cluster Telemetry,fail-slow (tc delay 50-200ms),N/A,N/A,N/A,5,N/A,utf-8,model|p99_ms|avg_ms|rps|total_requests,relative_seconds,microseconds,event-driven,float64,"latency: ms, payload: bytes",curated_release,EMPIRICAL_DERIVED,Derived and normalized request-level/benchmark tables produced from raw cluster runs.,keep_in_data_processed,HIGH,False
data/results_curated_real/ResNet50_CIFAR10_campaign_a_smart/metadata/manifest_real_results.json,manifest_real_results.json,.json,524,772033e43012b20b761459ced87fe74c25614d61b09920b04f85122c05ddbfd6,Jisheng Jiang (jisheng3),scripts/campaign_a_orchestrator.py,ResNet50_CIFAR10,exp_resnet50_cifar10,manifest_real_results,sp26-cs525-0601 (gateway),sp26-cs525-0605..0620 (triton),Cluster Telemetry,fail-slow (tc delay 50-200ms),N/A,N/A,N/A,9,N/A,utf-8,experiment_name|model|dataset|experiment_type|concurrency_levels|file_counts|schema_version|cleanup_timestamp|notes,relative_seconds,microseconds,event-driven,float64,"latency: ms, payload: bytes",curated_release,EMPIRICAL_DERIVED,Derived and normalized request-level/benchmark tables produced from raw cluster runs.,keep_in_data_processed,HIGH,False
data/results_curated_real/ResNet50_CIFAR10_campaign_a_smart/metadata/README_REAL_RESULTS.txt,README_REAL_RESULTS.txt,.txt,638,86c7a8b5e6f5e100a169a087985466acc3ce34f041b6bc8c64a31feee3ec5f90,Jisheng Jiang (jisheng3),scripts/campaign_a_orchestrator.py,ResNet50_CIFAR10,exp_resnet50_cifar10,README_REAL_RESULTS,sp26-cs525-0601 (gateway),sp26-cs525-0605..0620 (triton),Cluster Telemetry,fail-slow (tc delay 50-200ms),N/A,N/A,N/A,0,N/A,utf-8,N/A,relative_seconds,microseconds,event-driven,float64,"latency: ms, payload: bytes",curated_release,EMPIRICAL_DERIVED,Derived and normalized request-level/benchmark tables produced from raw cluster runs.,keep_in_data_processed,HIGH,False
data/results_curated_real/ResNet50_CIFAR10_campaign_a_smart/normalized_request_level/campaign_a_cv_c16.csv,campaign_a_cv_c16.csv,.csv,1185930,fa0fd9326e9ebbd25000a7ab6f95fc83d7cfac144cee88c6c863ff6c1bbea0ea,Maojie Xu (maojiex2),archive/legacy_scripts/generate_telemetry_sim.py,ResNet50_CIFAR10,exp_resnet50_cifar10,campaign_a_cv_c16,localhost,vm05..vm20,ResNet-50/CIFAR-10,fail-slow (tc delay 50-200ms),1715000000.001482,N/A,N/A,8880,",",utf-8,"timestamp,req_id,payload_bytes,policy,backend_id,status_code,e2e_ms,gateway_overhead_ms,error_body,backend_id_normalized,timestamp_raw,t_rel_s,strategy",unix_epoch_float,microseconds,event-driven,float64,"latency: ms, payload: bytes",synthetic_prototype,SYNTHETIC_PROTOTYPE,"Contains SIMULATED_DATA tags, generic vmXX node names, or fixed synthetic timestamp baseline (1715000000).",archive_to_synthetic_prototypes,HIGH,False
data/results_curated_real/ResNet50_CIFAR10_campaign_a_smart/normalized_request_level/campaign_a_cv_c24.csv,campaign_a_cv_c24.csv,.csv,1570613,631c32c930294b0dffe169431c670a03b185d2e0177a93a68dcc1dc1eb43b0a8,Maojie Xu (maojiex2),archive/legacy_scripts/generate_telemetry_sim.py,ResNet50_CIFAR10,exp_resnet50_cifar10,campaign_a_cv_c24,localhost,vm05..vm20,ResNet-50/CIFAR-10,fail-slow (tc delay 50-200ms),1715001000.006569,N/A,N/A,11760,",",utf-8,"timestamp,req_id,payload_bytes,policy,backend_id,status_code,e2e_ms,gateway_overhead_ms,error_body,backend_id_normalized,timestamp_raw,t_rel_s,strategy",unix_epoch_float,microseconds,event-driven,float64,"latency: ms, payload: bytes",synthetic_prototype,SYNTHETIC_PROTOTYPE,"Contains SIMULATED_DATA tags, generic vmXX node names, or fixed synthetic timestamp baseline (1715000000).",archive_to_synthetic_prototypes,HIGH,False
data/results_curated_real/ResNet50_CIFAR10_campaign_a_smart/normalized_request_level/campaign_a_cv_c32.csv,campaign_a_cv_c32.csv,.csv,1827488,d664b447a184105629c2a9facbccb732f06a2b684c4e938460fc10e5b2597181,Jisheng Jiang (jisheng3),scripts/campaign_a_orchestrator.py,ResNet50_CIFAR10,exp_resnet50_cifar10,campaign_a_cv_c32,sp26-cs525-0601 (gateway),sp26-cs525-0605..0620 (triton),ResNet-50/CIFAR-10,fail-slow (tc delay 50-200ms),1715002000.0,N/A,N/A,13680,",",utf-8,"timestamp,req_id,payload_bytes,policy,backend_id,status_code,e2e_ms,gateway_overhead_ms,error_body,backend_id_normalized,timestamp_raw,t_rel_s,strategy",unix_epoch_float,microseconds,event-driven,float64,"latency: ms, payload: bytes",curated_release,EMPIRICAL_DERIVED,Derived and normalized request-level/benchmark tables produced from raw cluster runs.,keep_in_data_processed,HIGH,False
data/results_curated_real/ResNet50_CIFAR10_campaign_a_smart/normalized_request_level/campaign_a_cv_c48.csv,campaign_a_cv_c48.csv,.csv,1942624,5abea67f34ac33d587cd805e1cf7229975b82343a6ca083bf8a0d53e354e1fba,Jisheng Jiang (jisheng3),scripts/campaign_a_orchestrator.py,ResNet50_CIFAR10,exp_resnet50_cifar10,campaign_a_cv_c48,sp26-cs525-0601 (gateway),sp26-cs525-0605..0620 (triton),ResNet-50/CIFAR-10,fail-slow (tc delay 50-200ms),1715003000.0,N/A,N/A,14520,",",utf-8,"timestamp,req_id,payload_bytes,policy,backend_id,status_code,e2e_ms,gateway_overhead_ms,error_body,backend_id_normalized,timestamp_raw,t_rel_s,strategy",unix_epoch_float,microseconds,event-driven,float64,"latency: ms, payload: bytes",curated_release,EMPIRICAL_DERIVED,Derived and normalized request-level/benchmark tables produced from raw cluster runs.,keep_in_data_processed,HIGH,False
data/results_curated_real/ResNet50_CIFAR10_campaign_a_smart/normalized_request_level/campaign_a_cv_c64.csv,campaign_a_cv_c64.csv,.csv,1931050,d351f4ccd8455783c8cc3e9ab98d917d73e781593c5997e307abbdcf5a28f03d,Jisheng Jiang (jisheng3),scripts/campaign_a_orchestrator.py,ResNet50_CIFAR10,exp_resnet50_cifar10,campaign_a_cv_c64,sp26-cs525-0601 (gateway),sp26-cs525-0605..0620 (triton),ResNet-50/CIFAR-10,fail-slow (tc delay 50-200ms),1715004000.0,N/A,N/A,14400,",",utf-8,"timestamp,req_id,payload_bytes,policy,backend_id,status_code,e2e_ms,gateway_overhead_ms,error_body,backend_id_normalized,timestamp_raw,t_rel_s,strategy",unix_epoch_float,microseconds,event-driven,float64,"latency: ms, payload: bytes",curated_release,EMPIRICAL_DERIVED,Derived and normalized request-level/benchmark tables produced from raw cluster runs.,keep_in_data_processed,HIGH,False
data/results_curated_real/ResNet50_CIFAR10_campaign_a_smart/raw_request_level/campaign_a_cv_c16.csv,campaign_a_cv_c16.csv,.csv,639379,fefb8a7149aec131c98758cfd23c38f14ebd337458a262d4fb2d1b5b4ae977a3,Maojie Xu (maojiex2),archive/legacy_scripts/generate_telemetry_sim.py,ResNet50_CIFAR10,exp_resnet50_cifar10,campaign_a_cv_c16,localhost,vm05..vm20,ResNet-50/CIFAR-10,fail-slow (tc delay 50-200ms),1715000000.001482,N/A,N/A,8880,",",utf-8,"timestamp,req_id,payload_bytes,policy,backend_id,status_code,e2e_ms,gateway_overhead_ms,",unix_epoch_float,microseconds,event-driven,float64,"latency: ms, payload: bytes",synthetic_prototype,SYNTHETIC_PROTOTYPE,"Contains SIMULATED_DATA tags, generic vmXX node names, or fixed synthetic timestamp baseline (1715000000).",archive_to_synthetic_prototypes,HIGH,False
data/results_curated_real/ResNet50_CIFAR10_campaign_a_smart/raw_request_level/campaign_a_cv_c24.csv,campaign_a_cv_c24.csv,.csv,846822,fd18fe03f4ffb7f464784b4e613379209d6e188c75219667eae2c7065a7a59ef,Maojie Xu (maojiex2),archive/legacy_scripts/generate_telemetry_sim.py,ResNet50_CIFAR10,exp_resnet50_cifar10,campaign_a_cv_c24,localhost,vm05..vm20,ResNet-50/CIFAR-10,fail-slow (tc delay 50-200ms),1715001000.006569,N/A,N/A,11760,",",utf-8,"timestamp,req_id,payload_bytes,policy,backend_id,status_code,e2e_ms,gateway_overhead_ms,",unix_epoch_float,microseconds,event-driven,float64,"latency: ms, payload: bytes",synthetic_prototype,SYNTHETIC_PROTOTYPE,"Contains SIMULATED_DATA tags, generic vmXX node names, or fixed synthetic timestamp baseline (1715000000).",archive_to_synthetic_prototypes,HIGH,False
data/results_curated_real/ResNet50_CIFAR10_campaign_a_smart/raw_request_level/campaign_a_cv_c32.csv,campaign_a_cv_c32.csv,.csv,985536,8359e0a92174e23c566f473621312fc272dea10634b7960120f42ff6ade556b7,Jisheng Jiang (jisheng3),scripts/campaign_a_orchestrator.py,ResNet50_CIFAR10,exp_resnet50_cifar10,campaign_a_cv_c32,sp26-cs525-0601 (gateway),sp26-cs525-0605..0620 (triton),ResNet-50/CIFAR-10,fail-slow (tc delay 50-200ms),1715002000.0,N/A,N/A,13680,",",utf-8,"timestamp,req_id,payload_bytes,policy,backend_id,status_code,e2e_ms,gateway_overhead_ms,",unix_epoch_float,microseconds,event-driven,float64,"latency: ms, payload: bytes",curated_release,EMPIRICAL_DERIVED,Derived and normalized request-level/benchmark tables produced from raw cluster runs.,keep_in_data_processed,HIGH,False
data/results_curated_real/ResNet50_CIFAR10_campaign_a_smart/raw_request_level/campaign_a_cv_c48.csv,campaign_a_cv_c48.csv,.csv,1048976,55a1a329d47b40d9a43ef793ec6944451ba70bd111fb2aad5c977d287c02de2c,Jisheng Jiang (jisheng3),scripts/campaign_a_orchestrator.py,ResNet50_CIFAR10,exp_resnet50_cifar10,campaign_a_cv_c48,sp26-cs525-0601 (gateway),sp26-cs525-0605..0620 (triton),ResNet-50/CIFAR-10,fail-slow (tc delay 50-200ms),1715003000.0,N/A,N/A,14520,",",utf-8,"timestamp,req_id,payload_bytes,policy,backend_id,status_code,e2e_ms,gateway_overhead_ms,",unix_epoch_float,microseconds,event-driven,float64,"latency: ms, payload: bytes",curated_release,EMPIRICAL_DERIVED,Derived and normalized request-level/benchmark tables produced from raw cluster runs.,keep_in_data_processed,HIGH,False
data/results_curated_real/ResNet50_CIFAR10_campaign_a_smart/raw_request_level/campaign_a_cv_c64.csv,campaign_a_cv_c64.csv,.csv,1044787,ed908ee85db497ee3c4d6aa50e075de3a69311506c458586ce51ce973a4f1d0b,Jisheng Jiang (jisheng3),scripts/campaign_a_orchestrator.py,ResNet50_CIFAR10,exp_resnet50_cifar10,campaign_a_cv_c64,sp26-cs525-0601 (gateway),sp26-cs525-0605..0620 (triton),ResNet-50/CIFAR-10,fail-slow (tc delay 50-200ms),1715004000.0,N/A,N/A,14400,",",utf-8,"timestamp,req_id,payload_bytes,policy,backend_id,status_code,e2e_ms,gateway_overhead_ms,",unix_epoch_float,microseconds,event-driven,float64,"latency: ms, payload: bytes",curated_release,EMPIRICAL_DERIVED,Derived and normalized request-level/benchmark tables produced from raw cluster runs.,keep_in_data_processed,HIGH,False
data/results_curated_real/ResNet50_CIFAR10_campaign_a_smart/summary/summary_results.csv,summary_results.csv,.csv,347,9d74e1869ba2017f234d982109090130390358997ec3d16acaf519b539503708,Jisheng Jiang (jisheng3),scripts/campaign_a_orchestrator.py,ResNet50_CIFAR10,exp_resnet50_cifar10,summary_results,sp26-cs525-0601 (gateway),sp26-cs525-0605..0620 (triton),Cluster Telemetry,fail-slow (tc delay 50-200ms),N/A,N/A,N/A,5,",",utf-8,"mode,concurrency,total_requests,success_rate,rps,avg_ms,p95_ms,p99_ms,",relative_seconds,microseconds,event-driven,float64,"latency: ms, payload: bytes",curated_release,EMPIRICAL_DERIVED,Derived and normalized request-level/benchmark tables produced from raw cluster runs.,keep_in_data_processed,HIGH,False
data/results_curated_real/ResNet50_CIFAR10_gateway_ablation/auxiliary_removed/README_PRODUCTION.txt,README_PRODUCTION.txt,.txt,4411,4daf58e071662199bd69c0047ba883e21a9b81619d014e8aed6612cbd3419496,Jisheng Jiang (jisheng3),scripts/campaign_a_orchestrator.py,ResNet50_CIFAR10,exp_resnet50_cifar10,README_PRODUCTION,sp26-cs525-0601 (gateway),sp26-cs525-0605..0620 (triton),Cluster Telemetry,fail-slow (tc delay 50-200ms),N/A,N/A,N/A,0,N/A,utf-8,N/A,relative_seconds,microseconds,event-driven,float64,"latency: ms, payload: bytes",curated_release|PRODUCTION_DATA_tag,EMPIRICAL_DERIVED,Derived and normalized request-level/benchmark tables produced from raw cluster runs.,keep_in_data_processed,HIGH,False
data/results_curated_real/ResNet50_CIFAR10_gateway_ablation/auxiliary_removed/representative_slices_PRODUCTION.txt,representative_slices_PRODUCTION.txt,.txt,3685,0dad3983b39f4c28cf378016af97df02fe6b35d6ab6f3a4834d3b83936f43c6e,Jisheng Jiang (jisheng3),scripts/campaign_a_orchestrator.py,ResNet50_CIFAR10,exp_resnet50_cifar10,representative_slices_PRODUCTION,sp26-cs525-0601 (gateway),sp26-cs525-0605..0620 (triton),Cluster Telemetry,fail-slow (tc delay 50-200ms),N/A,N/A,N/A,0,N/A,utf-8,N/A,relative_seconds,microseconds,event-driven,float64,"latency: ms, payload: bytes",curated_release,EMPIRICAL_DERIVED,Derived and normalized request-level/benchmark tables produced from raw cluster runs.,keep_in_data_processed,HIGH,False
data/results_curated_real/ResNet50_CIFAR10_gateway_ablation/benchmark/benchmark_resnet_gatewaysmart.json,benchmark_resnet_gatewaysmart.json,.json,299,f04a955961d800759a9c06d64f463edf70361a44369aa4f5767efefc5ec80ee1,Jisheng Jiang (jisheng3),scripts/campaign_a_orchestrator.py,ResNet50_CIFAR10,exp_resnet50_cifar10,benchmark_resnet_gatewaysmart,sp26-cs525-0601 (gateway),sp26-cs525-0605..0620 (triton),ResNet-50/CIFAR-10,fail-slow (tc delay 50-200ms),N/A,N/A,N/A,8,N/A,utf-8,label|campaign|aggregation_scope|mode|p99_ms|avg_ms|rps|total_requests,relative_seconds,microseconds,event-driven,float64,"latency: ms, payload: bytes",curated_release|PRODUCTION_DATA_tag,EMPIRICAL_DERIVED,Derived and normalized request-level/benchmark tables produced from raw cluster runs.,keep_in_data_processed,HIGH,False
data/results_curated_real/ResNet50_CIFAR10_gateway_ablation/benchmark/benchmark_resnet_gatewaystrawman.json,benchmark_resnet_gatewaystrawman.json,.json,304,b204bb9a7d7baf5222dac6eedb83214082b67f0a1dc1925d23d36fc6993c19ac,Jisheng Jiang (jisheng3),scripts/campaign_a_orchestrator.py,ResNet50_CIFAR10,exp_resnet50_cifar10,benchmark_resnet_gatewaystrawman,sp26-cs525-0601 (gateway),sp26-cs525-0605..0620 (triton),ResNet-50/CIFAR-10,fail-slow (tc delay 50-200ms),N/A,N/A,N/A,8,N/A,utf-8,label|campaign|aggregation_scope|mode|p99_ms|avg_ms|rps|total_requests,relative_seconds,microseconds,event-driven,float64,"latency: ms, payload: bytes",curated_release|PRODUCTION_DATA_tag,EMPIRICAL_DERIVED,Derived and normalized request-level/benchmark tables produced from raw cluster runs.,keep_in_data_processed,HIGH,False
data/results_curated_real/ResNet50_CIFAR10_gateway_ablation/metadata/manifest_real_results.json,manifest_real_results.json,.json,481,e5d3ccf0df3f4021d12c5307adcff3b86112e10ebcd66b43155371d0c3d6bc72,Jisheng Jiang (jisheng3),scripts/campaign_a_orchestrator.py,ResNet50_CIFAR10,exp_resnet50_cifar10,manifest_real_results,sp26-cs525-0601 (gateway),sp26-cs525-0605..0620 (triton),Cluster Telemetry,fail-slow (tc delay 50-200ms),N/A,N/A,N/A,9,N/A,utf-8,experiment_name|model|dataset|experiment_type|concurrency_levels|file_counts|schema_version|cleanup_timestamp|notes,relative_seconds,microseconds,event-driven,float64,"latency: ms, payload: bytes",curated_release,EMPIRICAL_DERIVED,Derived and normalized request-level/benchmark tables produced from raw cluster runs.,keep_in_data_processed,HIGH,False
data/results_curated_real/ResNet50_CIFAR10_gateway_ablation/metadata/README_REAL_RESULTS.txt,README_REAL_RESULTS.txt,.txt,636,ac7a704da2b6243a4e0c4e24ef73369dc314a846a16af2fbea8f96a0d5890436,Jisheng Jiang (jisheng3),scripts/campaign_a_orchestrator.py,ResNet50_CIFAR10,exp_resnet50_cifar10,README_REAL_RESULTS,sp26-cs525-0601 (gateway),sp26-cs525-0605..0620 (triton),Cluster Telemetry,fail-slow (tc delay 50-200ms),N/A,N/A,N/A,0,N/A,utf-8,N/A,relative_seconds,microseconds,event-driven,float64,"latency: ms, payload: bytes",curated_release,EMPIRICAL_DERIVED,Derived and normalized request-level/benchmark tables produced from raw cluster runs.,keep_in_data_processed,HIGH,False
data/results_curated_real/ResNet50_CIFAR10_gateway_ablation/normalized_request_level/campaign_cv_resnet_gatewaysmart_c16.csv,campaign_cv_resnet_gatewaysmart_c16.csv,.csv,1761875,379f9dae7a6c8b391be9b590b3016853336bb4783324cc5416cd90b6b6164cc8,Jisheng Jiang (jisheng3),scripts/campaign_a_orchestrator.py,ResNet50_CIFAR10,exp_resnet50_cifar10,campaign_cv_resnet_gatewaysmart_c16,sp26-cs525-0601 (gateway),sp26-cs525-0605..0620 (triton),ResNet-50/CIFAR-10,fail-slow (tc delay 50-200ms),1775203200.0,N/A,N/A,10121,",",utf-8,"timestamp,req_id,payload_bytes,mode,backend_id,status_code,e2e_ms,gateway_overhead_ms,error_body,backend_id_normalized,timestamp_raw,t_rel_s,strategy",unix_epoch_float,microseconds,event-driven,float64,"latency: ms, payload: bytes",curated_release,EMPIRICAL_DERIVED,Derived and normalized request-level/benchmark tables produced from raw cluster runs.,keep_in_data_processed,HIGH,False
data/results_curated_real/ResNet50_CIFAR10_gateway_ablation/normalized_request_level/campaign_cv_resnet_gatewaysmart_c24.csv,campaign_cv_resnet_gatewaysmart_c24.csv,.csv,1981971,8a64f083cebb8a923a93f9648fa1e51f6cfca27bdfa0ba421b17439046b1a0e2,Jisheng Jiang (jisheng3),scripts/campaign_a_orchestrator.py,ResNet50_CIFAR10,exp_resnet50_cifar10,campaign_cv_resnet_gatewaysmart_c24,sp26-cs525-0601 (gateway),sp26-cs525-0605..0620 (triton),ResNet-50/CIFAR-10,fail-slow (tc delay 50-200ms),1775206800.0,N/A,N/A,11386,",",utf-8,"timestamp,req_id,payload_bytes,mode,backend_id,status_code,e2e_ms,gateway_overhead_ms,error_body,backend_id_normalized,timestamp_raw,t_rel_s,strategy",unix_epoch_float,microseconds,event-driven,float64,"latency: ms, payload: bytes",curated_release,EMPIRICAL_DERIVED,Derived and normalized request-level/benchmark tables produced from raw cluster runs.,keep_in_data_processed,HIGH,False
data/results_curated_real/ResNet50_CIFAR10_gateway_ablation/normalized_request_level/campaign_cv_resnet_gatewaysmart_c32.csv,campaign_cv_resnet_gatewaysmart_c32.csv,.csv,2094858,118380a38052cca3243fc052a802cca5205f0f1c73d9603cc51c026fd201a4de,Jisheng Jiang (jisheng3),scripts/campaign_a_orchestrator.py,ResNet50_CIFAR10,exp_resnet50_cifar10,campaign_cv_resnet_gatewaysmart_c32,sp26-cs525-0601 (gateway),sp26-cs525-0605..0620 (triton),ResNet-50/CIFAR-10,fail-slow (tc delay 50-200ms),1775210400.0,N/A,N/A,12027,",",utf-8,"timestamp,req_id,payload_bytes,mode,backend_id,status_code,e2e_ms,gateway_overhead_ms,error_body,backend_id_normalized,timestamp_raw,t_rel_s,strategy",unix_epoch_float,microseconds,event-driven,float64,"latency: ms, payload: bytes",curated_release,EMPIRICAL_DERIVED,Derived and normalized request-level/benchmark tables produced from raw cluster runs.,keep_in_data_processed,HIGH,False
data/results_curated_real/ResNet50_CIFAR10_gateway_ablation/normalized_request_level/campaign_cv_resnet_gatewaysmart_c48.csv,campaign_cv_resnet_gatewaysmart_c48.csv,.csv,2141539,6ecfd3366383f96fa9ef32e74b25a32af23d33fabc74e088a722e6e3a2b9e319,Jisheng Jiang (jisheng3),scripts/campaign_a_orchestrator.py,ResNet50_CIFAR10,exp_resnet50_cifar10,campaign_cv_resnet_gatewaysmart_c48,sp26-cs525-0601 (gateway),sp26-cs525-0605..0620 (triton),ResNet-50/CIFAR-10,fail-slow (tc delay 50-200ms),1775214000.0,N/A,N/A,12249,",",utf-8,"timestamp,req_id,payload_bytes,mode,backend_id,status_code,e2e_ms,gateway_overhead_ms,error_body,backend_id_normalized,timestamp_raw,t_rel_s,strategy",unix_epoch_float,microseconds,event-driven,float64,"latency: ms, payload: bytes",curated_release,EMPIRICAL_DERIVED,Derived and normalized request-level/benchmark tables produced from raw cluster runs.,keep_in_data_processed,HIGH,False
data/results_curated_real/ResNet50_CIFAR10_gateway_ablation/normalized_request_level/campaign_cv_resnet_gatewaysmart_c64.csv,campaign_cv_resnet_gatewaysmart_c64.csv,.csv,2100603,4503cb01edb0e71a569fbef4386648f1cfea35185284c55109162a756af02495,Jisheng Jiang (jisheng3),scripts/campaign_a_orchestrator.py,ResNet50_CIFAR10,exp_resnet50_cifar10,campaign_cv_resnet_gatewaysmart_c64,sp26-cs525-0601 (gateway),sp26-cs525-0605..0620 (triton),ResNet-50/CIFAR-10,fail-slow (tc delay 50-200ms),1775217600.0,N/A,N/A,11977,",",utf-8,"timestamp,req_id,payload_bytes,mode,backend_id,status_code,e2e_ms,gateway_overhead_ms,error_body,backend_id_normalized,timestamp_raw,t_rel_s,strategy",unix_epoch_float,microseconds,event-driven,float64,"latency: ms, payload: bytes",curated_release,EMPIRICAL_DERIVED,Derived and normalized request-level/benchmark tables produced from raw cluster runs.,keep_in_data_processed,HIGH,False
data/results_curated_real/ResNet50_CIFAR10_gateway_ablation/normalized_request_level/campaign_cv_resnet_gatewaystrawman_c16.csv,campaign_cv_resnet_gatewaystrawman_c16.csv,.csv,1786096,94935c5f7fc0ef9cff9fcf4ffb45155feb102fdc07dc18d6ee17934020a6716a,Jisheng Jiang (jisheng3),scripts/campaign_a_orchestrator.py,ResNet50_CIFAR10,exp_resnet50_cifar10,campaign_cv_resnet_gatewaystrawman_c16,sp26-cs525-0601 (gateway),sp26-cs525-0605..0620 (triton),ResNet-50/CIFAR-10,fail-slow (tc delay 50-200ms),1775205000.0,N/A,N/A,9883,",",utf-8,"timestamp,req_id,payload_bytes,mode,backend_id,status_code,e2e_ms,gateway_overhead_ms,error_body,backend_id_normalized,timestamp_raw,t_rel_s,strategy",unix_epoch_float,microseconds,event-driven,float64,"latency: ms, payload: bytes",curated_release,EMPIRICAL_DERIVED,Derived and normalized request-level/benchmark tables produced from raw cluster runs.,keep_in_data_processed,HIGH,False
data/results_curated_real/ResNet50_CIFAR10_gateway_ablation/normalized_request_level/campaign_cv_resnet_gatewaystrawman_c24.csv,campaign_cv_resnet_gatewaystrawman_c24.csv,.csv,2008735,f9763293183e64636b960c915fd39e96a4d94e769fe9fc9101dc8502fe6cee17,Jisheng Jiang (jisheng3),scripts/campaign_a_orchestrator.py,ResNet50_CIFAR10,exp_resnet50_cifar10,campaign_cv_resnet_gatewaystrawman_c24,sp26-cs525-0601 (gateway),sp26-cs525-0605..0620 (triton),ResNet-50/CIFAR-10,fail-slow (tc delay 50-200ms),1775208600.0,N/A,N/A,11099,",",utf-8,"timestamp,req_id,payload_bytes,mode,backend_id,status_code,e2e_ms,gateway_overhead_ms,error_body,backend_id_normalized,timestamp_raw,t_rel_s,strategy",unix_epoch_float,microseconds,event-driven,float64,"latency: ms, payload: bytes",curated_release,EMPIRICAL_DERIVED,Derived and normalized request-level/benchmark tables produced from raw cluster runs.,keep_in_data_processed,HIGH,False
data/results_curated_real/ResNet50_CIFAR10_gateway_ablation/normalized_request_level/campaign_cv_resnet_gatewaystrawman_c32.csv,campaign_cv_resnet_gatewaystrawman_c32.csv,.csv,2072247,70c77bb811324d974a7b21ff87fab2bce739c4b6c3dcd3d042c67e870c7186f4,Jisheng Jiang (jisheng3),scripts/campaign_a_orchestrator.py,ResNet50_CIFAR10,exp_resnet50_cifar10,campaign_cv_resnet_gatewaystrawman_c32,sp26-cs525-0601 (gateway),sp26-cs525-0605..0620 (triton),ResNet-50/CIFAR-10,fail-slow (tc delay 50-200ms),1775212200.0,N/A,N/A,11438,",",utf-8,"timestamp,req_id,payload_bytes,mode,backend_id,status_code,e2e_ms,gateway_overhead_ms,error_body,backend_id_normalized,timestamp_raw,t_rel_s,strategy",unix_epoch_float,microseconds,event-driven,float64,"latency: ms, payload: bytes",curated_release,EMPIRICAL_DERIVED,Derived and normalized request-level/benchmark tables produced from raw cluster runs.,keep_in_data_processed,HIGH,False
data/results_curated_real/ResNet50_CIFAR10_gateway_ablation/normalized_request_level/campaign_cv_resnet_gatewaystrawman_c48.csv,campaign_cv_resnet_gatewaystrawman_c48.csv,.csv,2067335,6635e27b83f37fd18ee272b4fe0c83147f68e32ca10797c515530683b0c15c56,Jisheng Jiang (jisheng3),scripts/campaign_a_orchestrator.py,ResNet50_CIFAR10,exp_resnet50_cifar10,campaign_cv_resnet_gatewaystrawman_c48,sp26-cs525-0601 (gateway),sp26-cs525-0605..0620 (triton),ResNet-50/CIFAR-10,fail-slow (tc delay 50-200ms),1775215800.0,N/A,N/A,11380,",",utf-8,"timestamp,req_id,payload_bytes,mode,backend_id,status_code,e2e_ms,gateway_overhead_ms,error_body,backend_id_normalized,timestamp_raw,t_rel_s,strategy",unix_epoch_float,microseconds,event-driven,float64,"latency: ms, payload: bytes",curated_release,EMPIRICAL_DERIVED,Derived and normalized request-level/benchmark tables produced from raw cluster runs.,keep_in_data_processed,HIGH,False
data/results_curated_real/ResNet50_CIFAR10_gateway_ablation/normalized_request_level/campaign_cv_resnet_gatewaystrawman_c64.csv,campaign_cv_resnet_gatewaystrawman_c64.csv,.csv,1990546,3c91877a50f85300ab148e18fe5d5e94535742ad9b1315a99cc97e93701fa43a,Jisheng Jiang (jisheng3),scripts/campaign_a_orchestrator.py,ResNet50_CIFAR10,exp_resnet50_cifar10,campaign_cv_resnet_gatewaystrawman_c64,sp26-cs525-0601 (gateway),sp26-cs525-0605..0620 (triton),ResNet-50/CIFAR-10,fail-slow (tc delay 50-200ms),1775219400.0,N/A,N/A,10921,",",utf-8,"timestamp,req_id,payload_bytes,mode,backend_id,status_code,e2e_ms,gateway_overhead_ms,error_body,backend_id_normalized,timestamp_raw,t_rel_s,strategy",unix_epoch_float,microseconds,event-driven,float64,"latency: ms, payload: bytes",curated_release,EMPIRICAL_DERIVED,Derived and normalized request-level/benchmark tables produced from raw cluster runs.,keep_in_data_processed,HIGH,False
data/results_curated_real/ResNet50_CIFAR10_gateway_ablation/raw_request_level/campaign_cv_resnet_gatewaysmart_c16.csv,campaign_cv_resnet_gatewaysmart_c16.csv,.csv,1039118,8af0cb9b0afe869315a66a82dd1f5a0c292908765a021c9ed55531619667a925,Jisheng Jiang (jisheng3),scripts/campaign_a_orchestrator.py,ResNet50_CIFAR10,exp_resnet50_cifar10,campaign_cv_resnet_gatewaysmart_c16,sp26-cs525-0601 (gateway),sp26-cs525-0605..0620 (triton),ResNet-50/CIFAR-10,fail-slow (tc delay 50-200ms),1775203200.0,N/A,N/A,10121,",",utf-8,"timestamp,req_id,payload_bytes,mode,backend_id,status_code,e2e_ms,gateway_overhead_ms,",unix_epoch_float,microseconds,event-driven,float64,"latency: ms, payload: bytes",curated_release,EMPIRICAL_DERIVED,Derived and normalized request-level/benchmark tables produced from raw cluster runs.,keep_in_data_processed,HIGH,False
data/results_curated_real/ResNet50_CIFAR10_gateway_ablation/raw_request_level/campaign_cv_resnet_gatewaysmart_c24.csv,campaign_cv_resnet_gatewaysmart_c24.csv,.csv,1169024,6835203d7bb9e6b2bcbab6322503be79b2a8940ea9cc9bfef08d3d9b037be685,Jisheng Jiang (jisheng3),scripts/campaign_a_orchestrator.py,ResNet50_CIFAR10,exp_resnet50_cifar10,campaign_cv_resnet_gatewaysmart_c24,sp26-cs525-0601 (gateway),sp26-cs525-0605..0620 (triton),ResNet-50/CIFAR-10,fail-slow (tc delay 50-200ms),1775206800.0,N/A,N/A,11386,",",utf-8,"timestamp,req_id,payload_bytes,mode,backend_id,status_code,e2e_ms,gateway_overhead_ms,",unix_epoch_float,microseconds,event-driven,float64,"latency: ms, payload: bytes",curated_release,EMPIRICAL_DERIVED,Derived and normalized request-level/benchmark tables produced from raw cluster runs.,keep_in_data_processed,HIGH,False
data/results_curated_real/ResNet50_CIFAR10_gateway_ablation/raw_request_level/campaign_cv_resnet_gatewaysmart_c32.csv,campaign_cv_resnet_gatewaysmart_c32.csv,.csv,1236172,054a52b6eea2c803a867668bdbebf07b82ea2f119acb9956fad0a4046f9c09af,Jisheng Jiang (jisheng3),scripts/campaign_a_orchestrator.py,ResNet50_CIFAR10,exp_resnet50_cifar10,campaign_cv_resnet_gatewaysmart_c32,sp26-cs525-0601 (gateway),sp26-cs525-0605..0620 (triton),ResNet-50/CIFAR-10,fail-slow (tc delay 50-200ms),1775210400.0,N/A,N/A,12027,",",utf-8,"timestamp,req_id,payload_bytes,mode,backend_id,status_code,e2e_ms,gateway_overhead_ms,",unix_epoch_float,microseconds,event-driven,float64,"latency: ms, payload: bytes",curated_release,EMPIRICAL_DERIVED,Derived and normalized request-level/benchmark tables produced from raw cluster runs.,keep_in_data_processed,HIGH,False
data/results_curated_real/ResNet50_CIFAR10_gateway_ablation/raw_request_level/campaign_cv_resnet_gatewaysmart_c48.csv,campaign_cv_resnet_gatewaysmart_c48.csv,.csv,1267274,76efbb98739d8a23ef000458729b1815aef2f98e3ba68826479b53e4060d202b,Jisheng Jiang (jisheng3),scripts/campaign_a_orchestrator.py,ResNet50_CIFAR10,exp_resnet50_cifar10,campaign_cv_resnet_gatewaysmart_c48,sp26-cs525-0601 (gateway),sp26-cs525-0605..0620 (triton),ResNet-50/CIFAR-10,fail-slow (tc delay 50-200ms),1775214000.0,N/A,N/A,12249,",",utf-8,"timestamp,req_id,payload_bytes,mode,backend_id,status_code,e2e_ms,gateway_overhead_ms,",unix_epoch_float,microseconds,event-driven,float64,"latency: ms, payload: bytes",curated_release,EMPIRICAL_DERIVED,Derived and normalized request-level/benchmark tables produced from raw cluster runs.,keep_in_data_processed,HIGH,False
data/results_curated_real/ResNet50_CIFAR10_gateway_ablation/raw_request_level/campaign_cv_resnet_gatewaysmart_c64.csv,campaign_cv_resnet_gatewaysmart_c64.csv,.csv,1245945,07901ef3882ce2c97f26a4a6db58ef640cc97e8bc91285fe6acdcfba2db22e78,Jisheng Jiang (jisheng3),scripts/campaign_a_orchestrator.py,ResNet50_CIFAR10,exp_resnet50_cifar10,campaign_cv_resnet_gatewaysmart_c64,sp26-cs525-0601 (gateway),sp26-cs525-0605..0620 (triton),ResNet-50/CIFAR-10,fail-slow (tc delay 50-200ms),1775217600.0,N/A,N/A,11977,",",utf-8,"timestamp,req_id,payload_bytes,mode,backend_id,status_code,e2e_ms,gateway_overhead_ms,",unix_epoch_float,microseconds,event-driven,float64,"latency: ms, payload: bytes",curated_release,EMPIRICAL_DERIVED,Derived and normalized request-level/benchmark tables produced from raw cluster runs.,keep_in_data_processed,HIGH,False
data/results_curated_real/ResNet50_CIFAR10_gateway_ablation/raw_request_level/campaign_cv_resnet_gatewaystrawman_c16.csv,campaign_cv_resnet_gatewaystrawman_c16.csv,.csv,1050667,8ebb993bf3b4b9a5c5172bf1d461a01f37cbc415f2c449b9bafc83f350c5b21f,Jisheng Jiang (jisheng3),scripts/campaign_a_orchestrator.py,ResNet50_CIFAR10,exp_resnet50_cifar10,campaign_cv_resnet_gatewaystrawman_c16,sp26-cs525-0601 (gateway),sp26-cs525-0605..0620 (triton),ResNet-50/CIFAR-10,fail-slow (tc delay 50-200ms),1775205000.0,N/A,N/A,9883,",",utf-8,"timestamp,req_id,payload_bytes,mode,backend_id,status_code,e2e_ms,gateway_overhead_ms,",unix_epoch_float,microseconds,event-driven,float64,"latency: ms, payload: bytes",curated_release,EMPIRICAL_DERIVED,Derived and normalized request-level/benchmark tables produced from raw cluster runs.,keep_in_data_processed,HIGH,False
data/results_curated_real/ResNet50_CIFAR10_gateway_ablation/raw_request_level/campaign_cv_resnet_gatewaystrawman_c24.csv,campaign_cv_resnet_gatewaystrawman_c24.csv,.csv,1182891,338b6cdec7d87e5736aab8d70ad8a243cbc4e66fb95fea7b04ade5202f618ff4,Jisheng Jiang (jisheng3),scripts/campaign_a_orchestrator.py,ResNet50_CIFAR10,exp_resnet50_cifar10,campaign_cv_resnet_gatewaystrawman_c24,sp26-cs525-0601 (gateway),sp26-cs525-0605..0620 (triton),ResNet-50/CIFAR-10,fail-slow (tc delay 50-200ms),1775208600.0,N/A,N/A,11099,",",utf-8,"timestamp,req_id,payload_bytes,mode,backend_id,status_code,e2e_ms,gateway_overhead_ms,",unix_epoch_float,microseconds,event-driven,float64,"latency: ms, payload: bytes",curated_release,EMPIRICAL_DERIVED,Derived and normalized request-level/benchmark tables produced from raw cluster runs.,keep_in_data_processed,HIGH,False
data/results_curated_real/ResNet50_CIFAR10_gateway_ablation/raw_request_level/campaign_cv_resnet_gatewaystrawman_c32.csv,campaign_cv_resnet_gatewaystrawman_c32.csv,.csv,1221303,291a9fed29656193258d19b606a82030c251e3fde50a7ca6b28b71e51f82e662,Jisheng Jiang (jisheng3),scripts/campaign_a_orchestrator.py,ResNet50_CIFAR10,exp_resnet50_cifar10,campaign_cv_resnet_gatewaystrawman_c32,sp26-cs525-0601 (gateway),sp26-cs525-0605..0620 (triton),ResNet-50/CIFAR-10,fail-slow (tc delay 50-200ms),1775212200.0,N/A,N/A,11438,",",utf-8,"timestamp,req_id,payload_bytes,mode,backend_id,status_code,e2e_ms,gateway_overhead_ms,",unix_epoch_float,microseconds,event-driven,float64,"latency: ms, payload: bytes",curated_release,EMPIRICAL_DERIVED,Derived and normalized request-level/benchmark tables produced from raw cluster runs.,keep_in_data_processed,HIGH,False
data/results_curated_real/ResNet50_CIFAR10_gateway_ablation/raw_request_level/campaign_cv_resnet_gatewaystrawman_c48.csv,campaign_cv_resnet_gatewaystrawman_c48.csv,.csv,1220889,1ac0b3171f336732e6040e1245016ec640376962f7d7f358d69fc7dfcd17fdda,Jisheng Jiang (jisheng3),scripts/campaign_a_orchestrator.py,ResNet50_CIFAR10,exp_resnet50_cifar10,campaign_cv_resnet_gatewaystrawman_c48,sp26-cs525-0601 (gateway),sp26-cs525-0605..0620 (triton),ResNet-50/CIFAR-10,fail-slow (tc delay 50-200ms),1775215800.0,N/A,N/A,11380,",",utf-8,"timestamp,req_id,payload_bytes,mode,backend_id,status_code,e2e_ms,gateway_overhead_ms,",unix_epoch_float,microseconds,event-driven,float64,"latency: ms, payload: bytes",curated_release,EMPIRICAL_DERIVED,Derived and normalized request-level/benchmark tables produced from raw cluster runs.,keep_in_data_processed,HIGH,False
data/results_curated_real/ResNet50_CIFAR10_gateway_ablation/raw_request_level/campaign_cv_resnet_gatewaystrawman_c64.csv,campaign_cv_resnet_gatewaystrawman_c64.csv,.csv,1178420,4603292d43627eb939c7c1d1038612dc767658372bf099704251a73191f93807,Jisheng Jiang (jisheng3),scripts/campaign_a_orchestrator.py,ResNet50_CIFAR10,exp_resnet50_cifar10,campaign_cv_resnet_gatewaystrawman_c64,sp26-cs525-0601 (gateway),sp26-cs525-0605..0620 (triton),ResNet-50/CIFAR-10,fail-slow (tc delay 50-200ms),1775219400.0,N/A,N/A,10921,",",utf-8,"timestamp,req_id,payload_bytes,mode,backend_id,status_code,e2e_ms,gateway_overhead_ms,",unix_epoch_float,microseconds,event-driven,float64,"latency: ms, payload: bytes",curated_release,EMPIRICAL_DERIVED,Derived and normalized request-level/benchmark tables produced from raw cluster runs.,keep_in_data_processed,HIGH,False
data/results_curated_real/ResNet50_CIFAR10_gateway_ablation/summary/summary_resnet_gateway_ablation.csv,summary_resnet_gateway_ablation.csv,.csv,763,524a7d487dc539da8826302759ce45980ed794c4173fd826a7da1f341cb0bf2d,Jisheng Jiang (jisheng3),scripts/campaign_a_orchestrator.py,ResNet50_CIFAR10,exp_resnet50_cifar10,summary_resnet_gateway_ablation,sp26-cs525-0601 (gateway),sp26-cs525-0605..0620 (triton),ResNet-50/CIFAR-10,fail-slow (tc delay 50-200ms),N/A,N/A,N/A,10,",",utf-8,"mode,concurrency,total_requests,success_rate,rps,avg_ms,p95_ms,p99_ms,",relative_seconds,microseconds,event-driven,float64,"latency: ms, payload: bytes",curated_release,EMPIRICAL_DERIVED,Derived and normalized request-level/benchmark tables produced from raw cluster runs.,keep_in_data_processed,HIGH,False
data/results_curated_real/ResNet50_CIFAR10_p2c_pewma/auxiliary_removed/PRODUCTION_DATA_NOTICE.txt,PRODUCTION_DATA_NOTICE.txt,.txt,504,5d5ead1d682bb0043bf586e37c59f2a28ae13fee2bf5e8b66ca6bcb573e2854f,Jisheng Jiang (jisheng3),scripts/campaign_a_orchestrator.py,ResNet50_CIFAR10,exp_resnet50_cifar10,PRODUCTION_DATA_NOTICE,sp26-cs525-0601 (gateway),sp26-cs525-0605..0620 (triton),Cluster Telemetry,fail-slow (tc delay 50-200ms),N/A,N/A,N/A,0,N/A,utf-8,N/A,relative_seconds,microseconds,event-driven,float64,"latency: ms, payload: bytes",curated_release,EMPIRICAL_DERIVED,Derived and normalized request-level/benchmark tables produced from raw cluster runs.,keep_in_data_processed,HIGH,False
data/results_curated_real/ResNet50_CIFAR10_p2c_pewma/benchmark/benchmark_resnet_p2c.json,benchmark_resnet_p2c.json,.json,157,8aa64e20db6ad761d0b86dac659a36451cc75734521db42ca7dc48fcddd2fb94,Jisheng Jiang (jisheng3),scripts/campaign_a_orchestrator.py,ResNet50_CIFAR10,exp_resnet50_cifar10,benchmark_resnet_p2c,sp26-cs525-0601 (gateway),sp26-cs525-0605..0620 (triton),ResNet-50/CIFAR-10,fail-slow (tc delay 50-200ms),N/A,N/A,N/A,5,N/A,utf-8,label|p99_ms|avg_ms|rps|total_requests,relative_seconds,microseconds,event-driven,float64,"latency: ms, payload: bytes",curated_release|PRODUCTION_DATA_tag,EMPIRICAL_DERIVED,Derived and normalized request-level/benchmark tables produced from raw cluster runs.,keep_in_data_processed,HIGH,False
data/results_curated_real/ResNet50_CIFAR10_p2c_pewma/metadata/manifest_real_results.json,manifest_real_results.json,.json,473,bd27ab1ed66a3b669a3bf1d857b6cef1082d919727ecbce055cf526f71dbd268,Jisheng Jiang (jisheng3),scripts/campaign_a_orchestrator.py,ResNet50_CIFAR10,exp_resnet50_cifar10,manifest_real_results,sp26-cs525-0601 (gateway),sp26-cs525-0605..0620 (triton),Cluster Telemetry,fail-slow (tc delay 50-200ms),N/A,N/A,N/A,9,N/A,utf-8,experiment_name|model|dataset|experiment_type|concurrency_levels|file_counts|schema_version|cleanup_timestamp|notes,relative_seconds,microseconds,event-driven,float64,"latency: ms, payload: bytes",curated_release,EMPIRICAL_DERIVED,Derived and normalized request-level/benchmark tables produced from raw cluster runs.,keep_in_data_processed,HIGH,False
data/results_curated_real/ResNet50_CIFAR10_p2c_pewma/metadata/README_REAL_RESULTS.txt,README_REAL_RESULTS.txt,.txt,628,c294e81693b546051f355b13221f26ecefc48041f4e037d89bb4ad367c48e925,Jisheng Jiang (jisheng3),scripts/campaign_a_orchestrator.py,ResNet50_CIFAR10,exp_resnet50_cifar10,README_REAL_RESULTS,sp26-cs525-0601 (gateway),sp26-cs525-0605..0620 (triton),Cluster Telemetry,fail-slow (tc delay 50-200ms),N/A,N/A,N/A,0,N/A,utf-8,N/A,relative_seconds,microseconds,event-driven,float64,"latency: ms, payload: bytes",curated_release,EMPIRICAL_DERIVED,Derived and normalized request-level/benchmark tables produced from raw cluster runs.,keep_in_data_processed,HIGH,False
data/results_curated_real/ResNet50_CIFAR10_p2c_pewma/normalized_request_level/campaign_cv_resnet_p2c_c16.csv,campaign_cv_resnet_p2c_c16.csv,.csv,3109490,6d7003aa0f992e40e85f9d14f55be0a04a8ea2e9cb31716e432c3b7ed2f787d3,Jisheng Jiang (jisheng3),scripts/campaign_a_orchestrator.py,ResNet50_CIFAR10,exp_resnet50_cifar10,campaign_cv_resnet_p2c_c16,sp26-cs525-0601 (gateway),sp26-cs525-0605..0620 (triton),ResNet-50/CIFAR-10,fail-slow (tc delay 50-200ms),0.0,N/A,N/A,22232,",",utf-8,"timestamp,req_id,payload_bytes,policy,backend_id,status_code,e2e_ms,gateway_overhead_ms,error_body,backend_id_normalized,timestamp_raw,t_rel_s,strategy",relative_seconds,microseconds,event-driven,float64,"latency: ms, payload: bytes",curated_release,EMPIRICAL_DERIVED,Derived and normalized request-level/benchmark tables produced from raw cluster runs.,keep_in_data_processed,HIGH,False
data/results_curated_real/ResNet50_CIFAR10_p2c_pewma/normalized_request_level/campaign_cv_resnet_p2c_c24.csv,campaign_cv_resnet_p2c_c24.csv,.csv,3595846,0b21d563c93c4623e7a4965ab3193f8f412697fa201f70d3ea1ee82a390de647,Jisheng Jiang (jisheng3),scripts/campaign_a_orchestrator.py,ResNet50_CIFAR10,exp_resnet50_cifar10,campaign_cv_resnet_p2c_c24,sp26-cs525-0601 (gateway),sp26-cs525-0605..0620 (triton),ResNet-50/CIFAR-10,fail-slow (tc delay 50-200ms),0.0,N/A,N/A,25674,",",utf-8,"timestamp,req_id,payload_bytes,policy,backend_id,status_code,e2e_ms,gateway_overhead_ms,error_body,backend_id_normalized,timestamp_raw,t_rel_s,strategy",relative_seconds,microseconds,event-driven,float64,"latency: ms, payload: bytes",curated_release,EMPIRICAL_DERIVED,Derived and normalized request-level/benchmark tables produced from raw cluster runs.,keep_in_data_processed,HIGH,False
data/results_curated_real/ResNet50_CIFAR10_p2c_pewma/normalized_request_level/campaign_cv_resnet_p2c_c32.csv,campaign_cv_resnet_p2c_c32.csv,.csv,3619241,bc241f8428c00f026f1ef7f143ce58c3565a26c558e0398d62da52942569fbae,Jisheng Jiang (jisheng3),scripts/campaign_a_orchestrator.py,ResNet50_CIFAR10,exp_resnet50_cifar10,campaign_cv_resnet_p2c_c32,sp26-cs525-0601 (gateway),sp26-cs525-0605..0620 (triton),ResNet-50/CIFAR-10,fail-slow (tc delay 50-200ms),0.0,N/A,N/A,25809,",",utf-8,"timestamp,req_id,payload_bytes,policy,backend_id,status_code,e2e_ms,gateway_overhead_ms,error_body,backend_id_normalized,timestamp_raw,t_rel_s,strategy",relative_seconds,microseconds,event-driven,float64,"latency: ms, payload: bytes",curated_release,EMPIRICAL_DERIVED,Derived and normalized request-level/benchmark tables produced from raw cluster runs.,keep_in_data_processed,HIGH,False
data/results_curated_real/ResNet50_CIFAR10_p2c_pewma/normalized_request_level/campaign_cv_resnet_p2c_c48.csv,campaign_cv_resnet_p2c_c48.csv,.csv,3312148,e41d476119c118a51fa856176f90e87752c271f9e364e8dbe39b3083adb6de25,Jisheng Jiang (jisheng3),scripts/campaign_a_orchestrator.py,ResNet50_CIFAR10,exp_resnet50_cifar10,campaign_cv_resnet_p2c_c48,sp26-cs525-0601 (gateway),sp26-cs525-0605..0620 (triton),ResNet-50/CIFAR-10,fail-slow (tc delay 50-200ms),0.0,N/A,N/A,23549,",",utf-8,"timestamp,req_id,payload_bytes,policy,backend_id,status_code,e2e_ms,gateway_overhead_ms,error_body,backend_id_normalized,timestamp_raw,t_rel_s,strategy",relative_seconds,microseconds,event-driven,float64,"latency: ms, payload: bytes",curated_release,EMPIRICAL_DERIVED,Derived and normalized request-level/benchmark tables produced from raw cluster runs.,keep_in_data_processed,HIGH,False
data/results_curated_real/ResNet50_CIFAR10_p2c_pewma/normalized_request_level/campaign_cv_resnet_p2c_c64.csv,campaign_cv_resnet_p2c_c64.csv,.csv,2980587,76144eedc5ccd72d70207aae6d0784656cf22dd39b70e04a52858493c6c8e6b5,Jisheng Jiang (jisheng3),scripts/campaign_a_orchestrator.py,ResNet50_CIFAR10,exp_resnet50_cifar10,campaign_cv_resnet_p2c_c64,sp26-cs525-0601 (gateway),sp26-cs525-0605..0620 (triton),ResNet-50/CIFAR-10,fail-slow (tc delay 50-200ms),0.0,N/A,N/A,21130,",",utf-8,"timestamp,req_id,payload_bytes,policy,backend_id,status_code,e2e_ms,gateway_overhead_ms,error_body,backend_id_normalized,timestamp_raw,t_rel_s,strategy",relative_seconds,microseconds,event-driven,float64,"latency: ms, payload: bytes",curated_release,EMPIRICAL_DERIVED,Derived and normalized request-level/benchmark tables produced from raw cluster runs.,keep_in_data_processed,HIGH,False
data/results_curated_real/ResNet50_CIFAR10_p2c_pewma/raw_request_level/campaign_cv_resnet_p2c_c16.csv,campaign_cv_resnet_p2c_c16.csv,.csv,1843707,bb2f0df98486d96f2f5711518a9b1fc1bd145fb3d037d829052bbf675dbc108c,Jisheng Jiang (jisheng3),scripts/campaign_a_orchestrator.py,ResNet50_CIFAR10,exp_resnet50_cifar10,campaign_cv_resnet_p2c_c16,sp26-cs525-0601 (gateway),sp26-cs525-0605..0620 (triton),ResNet-50/CIFAR-10,fail-slow (tc delay 50-200ms),0.0,N/A,N/A,22232,",",utf-8,"timestamp,req_id,payload_bytes,policy,backend_id,status_code,e2e_ms,gateway_overhead_ms,",relative_seconds,microseconds,event-driven,float64,"latency: ms, payload: bytes",curated_release,EMPIRICAL_DERIVED,Derived and normalized request-level/benchmark tables produced from raw cluster runs.,keep_in_data_processed,HIGH,False
data/results_curated_real/ResNet50_CIFAR10_p2c_pewma/raw_request_level/campaign_cv_resnet_p2c_c24.csv,campaign_cv_resnet_p2c_c24.csv,.csv,2133763,ad1043fcac7968631dd3995e946f72110cd2ba26aac12871756a5fb22c5d5f77,Jisheng Jiang (jisheng3),scripts/campaign_a_orchestrator.py,ResNet50_CIFAR10,exp_resnet50_cifar10,campaign_cv_resnet_p2c_c24,sp26-cs525-0601 (gateway),sp26-cs525-0605..0620 (triton),ResNet-50/CIFAR-10,fail-slow (tc delay 50-200ms),0.0,N/A,N/A,25674,",",utf-8,"timestamp,req_id,payload_bytes,policy,backend_id,status_code,e2e_ms,gateway_overhead_ms,",relative_seconds,microseconds,event-driven,float64,"latency: ms, payload: bytes",curated_release,EMPIRICAL_DERIVED,Derived and normalized request-level/benchmark tables produced from raw cluster runs.,keep_in_data_processed,HIGH,False
data/results_curated_real/ResNet50_CIFAR10_p2c_pewma/raw_request_level/campaign_cv_resnet_p2c_c32.csv,campaign_cv_resnet_p2c_c32.csv,.csv,2149564,ae4c1ef9554883425c78cc47f5298b0748417c4696d91b95c4c553f15ebdb53e,Jisheng Jiang (jisheng3),scripts/campaign_a_orchestrator.py,ResNet50_CIFAR10,exp_resnet50_cifar10,campaign_cv_resnet_p2c_c32,sp26-cs525-0601 (gateway),sp26-cs525-0605..0620 (triton),ResNet-50/CIFAR-10,fail-slow (tc delay 50-200ms),0.0,N/A,N/A,25809,",",utf-8,"timestamp,req_id,payload_bytes,policy,backend_id,status_code,e2e_ms,gateway_overhead_ms,",relative_seconds,microseconds,event-driven,float64,"latency: ms, payload: bytes",curated_release,EMPIRICAL_DERIVED,Derived and normalized request-level/benchmark tables produced from raw cluster runs.,keep_in_data_processed,HIGH,False
data/results_curated_real/ResNet50_CIFAR10_p2c_pewma/raw_request_level/campaign_cv_resnet_p2c_c48.csv,campaign_cv_resnet_p2c_c48.csv,.csv,1971018,1b4ef98eb3426b48b8cfc491d9c2b84b2ed8dfa88939030baac84b8a92aab295,Jisheng Jiang (jisheng3),scripts/campaign_a_orchestrator.py,ResNet50_CIFAR10,exp_resnet50_cifar10,campaign_cv_resnet_p2c_c48,sp26-cs525-0601 (gateway),sp26-cs525-0605..0620 (triton),ResNet-50/CIFAR-10,fail-slow (tc delay 50-200ms),0.0,N/A,N/A,23549,",",utf-8,"timestamp,req_id,payload_bytes,policy,backend_id,status_code,e2e_ms,gateway_overhead_ms,",relative_seconds,microseconds,event-driven,float64,"latency: ms, payload: bytes",curated_release,EMPIRICAL_DERIVED,Derived and normalized request-level/benchmark tables produced from raw cluster runs.,keep_in_data_processed,HIGH,False
data/results_curated_real/ResNet50_CIFAR10_p2c_pewma/raw_request_level/campaign_cv_resnet_p2c_c64.csv,campaign_cv_resnet_p2c_c64.csv,.csv,1777666,a4e22f1d1909581a529fa644d689cf2987325ef845bcb0b650fa86bdb3627a8d,Jisheng Jiang (jisheng3),scripts/campaign_a_orchestrator.py,ResNet50_CIFAR10,exp_resnet50_cifar10,campaign_cv_resnet_p2c_c64,sp26-cs525-0601 (gateway),sp26-cs525-0605..0620 (triton),ResNet-50/CIFAR-10,fail-slow (tc delay 50-200ms),0.0,N/A,N/A,21130,",",utf-8,"timestamp,req_id,payload_bytes,policy,backend_id,status_code,e2e_ms,gateway_overhead_ms,",relative_seconds,microseconds,event-driven,float64,"latency: ms, payload: bytes",curated_release,EMPIRICAL_DERIVED,Derived and normalized request-level/benchmark tables produced from raw cluster runs.,keep_in_data_processed,HIGH,False
data/results_curated_real/ResNet50_CIFAR10_p2c_pewma/summary/summary_resnet_p2c.csv,summary_resnet_p2c.csv,.csv,420,210c4666f377ad8d09611826c3ea38caa4d34df4a82a19f18d09edf8883f8174,Jisheng Jiang (jisheng3),scripts/campaign_a_orchestrator.py,ResNet50_CIFAR10,exp_resnet50_cifar10,summary_resnet_p2c,sp26-cs525-0601 (gateway),sp26-cs525-0605..0620 (triton),ResNet-50/CIFAR-10,fail-slow (tc delay 50-200ms),N/A,N/A,N/A,5,",",utf-8,"mode,concurrency,total_requests,success_rate,rps,avg_ms,p95_ms,p99_ms,",relative_seconds,microseconds,event-driven,float64,"latency: ms, payload: bytes",curated_release,EMPIRICAL_DERIVED,Derived and normalized request-level/benchmark tables produced from raw cluster runs.,keep_in_data_processed,HIGH,False
data/results_curated_real/ResNet50_CIFAR10_round_robin/auxiliary_removed/README_PRODUCTION_DATA.txt,README_PRODUCTION_DATA.txt,.txt,922,aeee71d380381a109982c6ebb76b32d14630613c5f0ce21db8f2d85cd5ccfb7c,Jisheng Jiang (jisheng3),scripts/campaign_a_orchestrator.py,ResNet50_CIFAR10,exp_resnet50_cifar10,README_PRODUCTION_DATA,sp26-cs525-0601 (gateway),sp26-cs525-0605..0620 (triton),Cluster Telemetry,fail-slow (tc delay 50-200ms),N/A,N/A,N/A,0,N/A,utf-8,N/A,relative_seconds,microseconds,event-driven,float64,"latency: ms, payload: bytes",curated_release,EMPIRICAL_DERIVED,Derived and normalized request-level/benchmark tables produced from raw cluster runs.,keep_in_data_processed,HIGH,False
data/results_curated_real/ResNet50_CIFAR10_round_robin/benchmark/benchmark_resnet_rr.json,benchmark_resnet_rr.json,.json,83059,222ad59ae442463cf92848f178057c7518e3418ef28af634b3bf9b7db90e5635,Jisheng Jiang (jisheng3),scripts/campaign_a_orchestrator.py,ResNet50_CIFAR10,exp_resnet50_cifar10,benchmark_resnet_rr,sp26-cs525-0601 (gateway),sp26-cs525-0605..0620 (triton),ResNet-50/CIFAR-10,fail-slow (tc delay 50-200ms),N/A,N/A,N/A,0,N/A,utf-8,N/A,relative_seconds,microseconds,event-driven,float64,"latency: ms, payload: bytes",synthetic_prototype|PRODUCTION_DATA_tag,SYNTHETIC_PROTOTYPE,"Contains SIMULATED_DATA tags, generic vmXX node names, or fixed synthetic timestamp baseline (1715000000).",archive_to_synthetic_prototypes,HIGH,False
data/results_curated_real/ResNet50_CIFAR10_round_robin/metadata/manifest_real_results.json,manifest_real_results.json,.json,475,cb6e87349c014a6c7af5f9aad8cd04d81e8003bf3469fbadf93780d0819f94da,Jisheng Jiang (jisheng3),scripts/campaign_a_orchestrator.py,ResNet50_CIFAR10,exp_resnet50_cifar10,manifest_real_results,sp26-cs525-0601 (gateway),sp26-cs525-0605..0620 (triton),Cluster Telemetry,fail-slow (tc delay 50-200ms),N/A,N/A,N/A,9,N/A,utf-8,experiment_name|model|dataset|experiment_type|concurrency_levels|file_counts|schema_version|cleanup_timestamp|notes,relative_seconds,microseconds,event-driven,float64,"latency: ms, payload: bytes",curated_release,EMPIRICAL_DERIVED,Derived and normalized request-level/benchmark tables produced from raw cluster runs.,keep_in_data_processed,HIGH,False
data/results_curated_real/ResNet50_CIFAR10_round_robin/metadata/README_REAL_RESULTS.txt,README_REAL_RESULTS.txt,.txt,630,e8c3e222fb6b7673c730af46c3c4eb61349e64203def4450f260f48a7cd00cf9,Jisheng Jiang (jisheng3),scripts/campaign_a_orchestrator.py,ResNet50_CIFAR10,exp_resnet50_cifar10,README_REAL_RESULTS,sp26-cs525-0601 (gateway),sp26-cs525-0605..0620 (triton),Cluster Telemetry,fail-slow (tc delay 50-200ms),N/A,N/A,N/A,0,N/A,utf-8,N/A,relative_seconds,microseconds,event-driven,float64,"latency: ms, payload: bytes",curated_release,EMPIRICAL_DERIVED,Derived and normalized request-level/benchmark tables produced from raw cluster runs.,keep_in_data_processed,HIGH,False
data/results_curated_real/ResNet50_CIFAR10_round_robin/normalized_request_level/campaign_cv_resnet_rr_c16.csv,campaign_cv_resnet_rr_c16.csv,.csv,482392,969c023020bf085f6169f139e0e84056c6a55ea24350e76e4ba064c0eadb2b54,Jisheng Jiang (jisheng3),scripts/campaign_a_orchestrator.py,ResNet50_CIFAR10,exp_resnet50_cifar10,campaign_cv_resnet_rr_c16,sp26-cs525-0601 (gateway),sp26-cs525-0605..0620 (triton),ResNet-50/CIFAR-10,fail-slow (tc delay 50-200ms),0.014,N/A,N/A,3175,",",utf-8,"timestamp,req_id,payload_bytes,policy,backend_id,status_code,e2e_ms,gateway_overhead_ms,error_body,backend_id_normalized,timestamp_raw,t_rel_s,strategy",relative_seconds,microseconds,event-driven,float64,"latency: ms, payload: bytes",synthetic_prototype,SYNTHETIC_PROTOTYPE,"Contains SIMULATED_DATA tags, generic vmXX node names, or fixed synthetic timestamp baseline (1715000000).",archive_to_synthetic_prototypes,HIGH,False
data/results_curated_real/ResNet50_CIFAR10_round_robin/normalized_request_level/campaign_cv_resnet_rr_c24.csv,campaign_cv_resnet_rr_c24.csv,.csv,622138,f1d393567e65de87fca8d1d0000108a4408fd6c9fc139992f63c145f2aa89bc6,Jisheng Jiang (jisheng3),scripts/campaign_a_orchestrator.py,ResNet50_CIFAR10,exp_resnet50_cifar10,campaign_cv_resnet_rr_c24,sp26-cs525-0601 (gateway),sp26-cs525-0605..0620 (triton),ResNet-50/CIFAR-10,fail-slow (tc delay 50-200ms),0.021,N/A,N/A,4088,",",utf-8,"timestamp,req_id,payload_bytes,policy,backend_id,status_code,e2e_ms,gateway_overhead_ms,error_body,backend_id_normalized,timestamp_raw,t_rel_s,strategy",relative_seconds,microseconds,event-driven,float64,"latency: ms, payload: bytes",synthetic_prototype,SYNTHETIC_PROTOTYPE,"Contains SIMULATED_DATA tags, generic vmXX node names, or fixed synthetic timestamp baseline (1715000000).",archive_to_synthetic_prototypes,HIGH,False
data/results_curated_real/ResNet50_CIFAR10_round_robin/normalized_request_level/campaign_cv_resnet_rr_c32.csv,campaign_cv_resnet_rr_c32.csv,.csv,656641,6e41ac7b32068e3bc26592064766feeda4440492bf123abd5d6cd63f9208c037,Jisheng Jiang (jisheng3),scripts/campaign_a_orchestrator.py,ResNet50_CIFAR10,exp_resnet50_cifar10,campaign_cv_resnet_rr_c32,sp26-cs525-0601 (gateway),sp26-cs525-0605..0620 (triton),ResNet-50/CIFAR-10,fail-slow (tc delay 50-200ms),0.122,N/A,N/A,4299,",",utf-8,"timestamp,req_id,payload_bytes,policy,backend_id,status_code,e2e_ms,gateway_overhead_ms,error_body,backend_id_normalized,timestamp_raw,t_rel_s,strategy",relative_seconds,microseconds,event-driven,float64,"latency: ms, payload: bytes",synthetic_prototype,SYNTHETIC_PROTOTYPE,"Contains SIMULATED_DATA tags, generic vmXX node names, or fixed synthetic timestamp baseline (1715000000).",archive_to_synthetic_prototypes,HIGH,False
data/results_curated_real/ResNet50_CIFAR10_round_robin/normalized_request_level/campaign_cv_resnet_rr_c48.csv,campaign_cv_resnet_rr_c48.csv,.csv,550500,941f5af39ece6c604d911f3ad4b5bc2d3f608b4a6152da53402d9eb13ad13796,Jisheng Jiang (jisheng3),scripts/campaign_a_orchestrator.py,ResNet50_CIFAR10,exp_resnet50_cifar10,campaign_cv_resnet_rr_c48,sp26-cs525-0601 (gateway),sp26-cs525-0605..0620 (triton),ResNet-50/CIFAR-10,fail-slow (tc delay 50-200ms),0.065,N/A,N/A,3602,",",utf-8,"timestamp,req_id,payload_bytes,policy,backend_id,status_code,e2e_ms,gateway_overhead_ms,error_body,backend_id_normalized,timestamp_raw,t_rel_s,strategy",relative_seconds,microseconds,event-driven,float64,"latency: ms, payload: bytes",synthetic_prototype,SYNTHETIC_PROTOTYPE,"Contains SIMULATED_DATA tags, generic vmXX node names, or fixed synthetic timestamp baseline (1715000000).",archive_to_synthetic_prototypes,HIGH,False
data/results_curated_real/ResNet50_CIFAR10_round_robin/normalized_request_level/campaign_cv_resnet_rr_c64.csv,campaign_cv_resnet_rr_c64.csv,.csv,442672,56f779db770bd709ec4c0fce86ecec78d0b39a3f8d0d8353dbde1886343739d8,Jisheng Jiang (jisheng3),scripts/campaign_a_orchestrator.py,ResNet50_CIFAR10,exp_resnet50_cifar10,campaign_cv_resnet_rr_c64,sp26-cs525-0601 (gateway),sp26-cs525-0605..0620 (triton),ResNet-50/CIFAR-10,fail-slow (tc delay 50-200ms),0.019,N/A,N/A,2895,",",utf-8,"timestamp,req_id,payload_bytes,policy,backend_id,status_code,e2e_ms,gateway_overhead_ms,error_body,backend_id_normalized,timestamp_raw,t_rel_s,strategy",relative_seconds,microseconds,event-driven,float64,"latency: ms, payload: bytes",synthetic_prototype,SYNTHETIC_PROTOTYPE,"Contains SIMULATED_DATA tags, generic vmXX node names, or fixed synthetic timestamp baseline (1715000000).",archive_to_synthetic_prototypes,HIGH,False
data/results_curated_real/ResNet50_CIFAR10_round_robin/raw_request_level/campaign_cv_resnet_rr_c16.csv,campaign_cv_resnet_rr_c16.csv,.csv,295163,973b3b8ae94c418ee3ffc8c1711e52d1d7f7e1f9c8adc4235f0cc3389d646654,Jisheng Jiang (jisheng3),scripts/campaign_a_orchestrator.py,ResNet50_CIFAR10,exp_resnet50_cifar10,campaign_cv_resnet_rr_c16,sp26-cs525-0601 (gateway),sp26-cs525-0605..0620 (triton),ResNet-50/CIFAR-10,fail-slow (tc delay 50-200ms),0.014,N/A,N/A,3175,",",utf-8,"timestamp,req_id,payload_bytes,policy,backend_id,status_code,e2e_ms,gateway_overhead_ms,",relative_seconds,microseconds,event-driven,float64,"latency: ms, payload: bytes",synthetic_prototype,SYNTHETIC_PROTOTYPE,"Contains SIMULATED_DATA tags, generic vmXX node names, or fixed synthetic timestamp baseline (1715000000).",archive_to_synthetic_prototypes,HIGH,False
data/results_curated_real/ResNet50_CIFAR10_round_robin/raw_request_level/campaign_cv_resnet_rr_c24.csv,campaign_cv_resnet_rr_c24.csv,.csv,381359,864ed291b394d1299d6c7f753243455130325faecab237ce42be4b460adaa888,Jisheng Jiang (jisheng3),scripts/campaign_a_orchestrator.py,ResNet50_CIFAR10,exp_resnet50_cifar10,campaign_cv_resnet_rr_c24,sp26-cs525-0601 (gateway),sp26-cs525-0605..0620 (triton),ResNet-50/CIFAR-10,fail-slow (tc delay 50-200ms),0.021,N/A,N/A,4088,",",utf-8,"timestamp,req_id,payload_bytes,policy,backend_id,status_code,e2e_ms,gateway_overhead_ms,",relative_seconds,microseconds,event-driven,float64,"latency: ms, payload: bytes",synthetic_prototype,SYNTHETIC_PROTOTYPE,"Contains SIMULATED_DATA tags, generic vmXX node names, or fixed synthetic timestamp baseline (1715000000).",archive_to_synthetic_prototypes,HIGH,False
data/results_curated_real/ResNet50_CIFAR10_round_robin/raw_request_level/campaign_cv_resnet_rr_c32.csv,campaign_cv_resnet_rr_c32.csv,.csv,403493,0e5208102b3c19b1b2856d1ac1f052d3957b82a8a57b9529034df1d10be8b03f,Jisheng Jiang (jisheng3),scripts/campaign_a_orchestrator.py,ResNet50_CIFAR10,exp_resnet50_cifar10,campaign_cv_resnet_rr_c32,sp26-cs525-0601 (gateway),sp26-cs525-0605..0620 (triton),ResNet-50/CIFAR-10,fail-slow (tc delay 50-200ms),0.122,N/A,N/A,4299,",",utf-8,"timestamp,req_id,payload_bytes,policy,backend_id,status_code,e2e_ms,gateway_overhead_ms,",relative_seconds,microseconds,event-driven,float64,"latency: ms, payload: bytes",synthetic_prototype,SYNTHETIC_PROTOTYPE,"Contains SIMULATED_DATA tags, generic vmXX node names, or fixed synthetic timestamp baseline (1715000000).",archive_to_synthetic_prototypes,HIGH,False
data/results_curated_real/ResNet50_CIFAR10_round_robin/raw_request_level/campaign_cv_resnet_rr_c48.csv,campaign_cv_resnet_rr_c48.csv,.csv,338842,0c95af48d32131db887ecbcbd4e82c770cb053b9a64c61c9f4b48bb70056084a,Jisheng Jiang (jisheng3),scripts/campaign_a_orchestrator.py,ResNet50_CIFAR10,exp_resnet50_cifar10,campaign_cv_resnet_rr_c48,sp26-cs525-0601 (gateway),sp26-cs525-0605..0620 (triton),ResNet-50/CIFAR-10,fail-slow (tc delay 50-200ms),0.065,N/A,N/A,3602,",",utf-8,"timestamp,req_id,payload_bytes,policy,backend_id,status_code,e2e_ms,gateway_overhead_ms,",relative_seconds,microseconds,event-driven,float64,"latency: ms, payload: bytes",synthetic_prototype,SYNTHETIC_PROTOTYPE,"Contains SIMULATED_DATA tags, generic vmXX node names, or fixed synthetic timestamp baseline (1715000000).",archive_to_synthetic_prototypes,HIGH,False
data/results_curated_real/ResNet50_CIFAR10_round_robin/raw_request_level/campaign_cv_resnet_rr_c64.csv,campaign_cv_resnet_rr_c64.csv,.csv,272632,5a58f9a9156aba2b1eccc2f788c88566cf5ad3b720712ffdbf912ce3f094d148,Jisheng Jiang (jisheng3),scripts/campaign_a_orchestrator.py,ResNet50_CIFAR10,exp_resnet50_cifar10,campaign_cv_resnet_rr_c64,sp26-cs525-0601 (gateway),sp26-cs525-0605..0620 (triton),ResNet-50/CIFAR-10,fail-slow (tc delay 50-200ms),0.019,N/A,N/A,2895,",",utf-8,"timestamp,req_id,payload_bytes,policy,backend_id,status_code,e2e_ms,gateway_overhead_ms,",relative_seconds,microseconds,event-driven,float64,"latency: ms, payload: bytes",synthetic_prototype,SYNTHETIC_PROTOTYPE,"Contains SIMULATED_DATA tags, generic vmXX node names, or fixed synthetic timestamp baseline (1715000000).",archive_to_synthetic_prototypes,HIGH,False
data/results_curated_real/ResNet50_CIFAR10_round_robin/summary/summary_resnet_rr.csv,summary_resnet_rr.csv,.csv,2429,17845bc06f1cb388aacf53a9dd5818f6189328816908c1dda4c3445686b12113,Jisheng Jiang (jisheng3),scripts/campaign_a_orchestrator.py,ResNet50_CIFAR10,exp_resnet50_cifar10,summary_resnet_rr,sp26-cs525-0601 (gateway),sp26-cs525-0605..0620 (triton),ResNet-50/CIFAR-10,fail-slow (tc delay 50-200ms),N/A,N/A,N/A,20,",",utf-8,"data_label,model,framework,dataset,runtime,concurrency,phase,duration_s,",relative_seconds,microseconds,event-driven,float64,"latency: ms, payload: bytes",curated_release|PRODUCTION_DATA_tag,EMPIRICAL_DERIVED,Derived and normalized request-level/benchmark tables produced from raw cluster runs.,keep_in_data_processed,HIGH,False
data/results_curated_real/ResNet50_CIFAR10_tri_cb/benchmark/benchmark_resnet_tricb.json,benchmark_resnet_tricb.json,.json,7379,bff16255ce1240f56790a4e08db27e47d7d73fb7830c7ada24d4d176ebcde88a,Jisheng Jiang (jisheng3),scripts/campaign_a_orchestrator.py,ResNet50_CIFAR10,exp_resnet50_cifar10,benchmark_resnet_tricb,sp26-cs525-0601 (gateway),sp26-cs525-0605..0620 (triton),ResNet-50/CIFAR-10,fail-slow (tc delay 50-200ms),N/A,N/A,N/A,8,N/A,utf-8,notice|model|dataset|serving|framework|campaign|artifacts|results_overall,relative_seconds,microseconds,event-driven,float64,"latency: ms, payload: bytes",curated_release|PRODUCTION_DATA_tag,EMPIRICAL_DERIVED,Derived and normalized request-level/benchmark tables produced from raw cluster runs.,keep_in_data_processed,HIGH,False
data/results_curated_real/ResNet50_CIFAR10_tri_cb/metadata/manifest_real_results.json,manifest_real_results.json,.json,470,a185327a1e37da89f4e694bcf7e302a9a7524910c7bf19a06f1f4527e143e310,Jisheng Jiang (jisheng3),scripts/campaign_a_orchestrator.py,ResNet50_CIFAR10,exp_resnet50_cifar10,manifest_real_results,sp26-cs525-0601 (gateway),sp26-cs525-0605..0620 (triton),Cluster Telemetry,fail-slow (tc delay 50-200ms),N/A,N/A,N/A,9,N/A,utf-8,experiment_name|model|dataset|experiment_type|concurrency_levels|file_counts|schema_version|cleanup_timestamp|notes,relative_seconds,microseconds,event-driven,float64,"latency: ms, payload: bytes",curated_release,EMPIRICAL_DERIVED,Derived and normalized request-level/benchmark tables produced from raw cluster runs.,keep_in_data_processed,HIGH,False
data/results_curated_real/ResNet50_CIFAR10_tri_cb/metadata/README_REAL_RESULTS.txt,README_REAL_RESULTS.txt,.txt,625,79a8524ae2e58c8e3a2b7678bd96472cae3e07cd905ee993497c1f6bd1a236e3,Jisheng Jiang (jisheng3),scripts/campaign_a_orchestrator.py,ResNet50_CIFAR10,exp_resnet50_cifar10,README_REAL_RESULTS,sp26-cs525-0601 (gateway),sp26-cs525-0605..0620 (triton),Cluster Telemetry,fail-slow (tc delay 50-200ms),N/A,N/A,N/A,0,N/A,utf-8,N/A,relative_seconds,microseconds,event-driven,float64,"latency: ms, payload: bytes",curated_release,EMPIRICAL_DERIVED,Derived and normalized request-level/benchmark tables produced from raw cluster runs.,keep_in_data_processed,HIGH,False
data/results_curated_real/ResNet50_CIFAR10_tri_cb/normalized_request_level/campaign_cv_resnet_tricb_c16.csv,campaign_cv_resnet_tricb_c16.csv,.csv,5784445,1bb14cd4e7bddefe63bd3aaf88bf542d433559984d56ee8fa69e1e43f2fd9c5d,Jisheng Jiang (jisheng3),scripts/campaign_a_orchestrator.py,ResNet50_CIFAR10,exp_resnet50_cifar10,campaign_cv_resnet_tricb_c16,sp26-cs525-0601 (gateway),sp26-cs525-0605..0620 (triton),ResNet-50/CIFAR-10,fail-slow (tc delay 50-200ms),N/A,N/A,N/A,41108,",",utf-8,"timestamp,req_id,payload_bytes,policy,backend_id,status_code,e2e_ms,gateway_overhead_ms,error_body,backend_id_normalized,timestamp_raw,t_rel_s,strategy",relative_seconds,microseconds,event-driven,float64,"latency: ms, payload: bytes",curated_release,EMPIRICAL_DERIVED,Derived and normalized request-level/benchmark tables produced from raw cluster runs.,keep_in_data_processed,HIGH,False
data/results_curated_real/ResNet50_CIFAR10_tri_cb/normalized_request_level/campaign_cv_resnet_tricb_c24.csv,campaign_cv_resnet_tricb_c24.csv,.csv,6471052,52ed3ef126297ea0ea8e1a9e18e0d836679a55f1c692ba456102ba35728b7c63,Jisheng Jiang (jisheng3),scripts/campaign_a_orchestrator.py,ResNet50_CIFAR10,exp_resnet50_cifar10,campaign_cv_resnet_tricb_c24,sp26-cs525-0601 (gateway),sp26-cs525-0605..0620 (triton),ResNet-50/CIFAR-10,fail-slow (tc delay 50-200ms),N/A,N/A,N/A,45894,",",utf-8,"timestamp,req_id,payload_bytes,policy,backend_id,status_code,e2e_ms,gateway_overhead_ms,error_body,backend_id_normalized,timestamp_raw,t_rel_s,strategy",relative_seconds,microseconds,event-driven,float64,"latency: ms, payload: bytes",curated_release,EMPIRICAL_DERIVED,Derived and normalized request-level/benchmark tables produced from raw cluster runs.,keep_in_data_processed,HIGH,False
data/results_curated_real/ResNet50_CIFAR10_tri_cb/normalized_request_level/campaign_cv_resnet_tricb_c32.csv,campaign_cv_resnet_tricb_c32.csv,.csv,5829273,9478fd93209473de55fccc2fbe5b1f8321aebfa0d377b7a8f742e4d94e641697,Jisheng Jiang (jisheng3),scripts/campaign_a_orchestrator.py,ResNet50_CIFAR10,exp_resnet50_cifar10,campaign_cv_resnet_tricb_c32,sp26-cs525-0601 (gateway),sp26-cs525-0605..0620 (triton),ResNet-50/CIFAR-10,fail-slow (tc delay 50-200ms),N/A,N/A,N/A,41258,",",utf-8,"timestamp,req_id,payload_bytes,policy,backend_id,status_code,e2e_ms,gateway_overhead_ms,error_body,backend_id_normalized,timestamp_raw,t_rel_s,strategy",relative_seconds,microseconds,event-driven,float64,"latency: ms, payload: bytes",curated_release,EMPIRICAL_DERIVED,Derived and normalized request-level/benchmark tables produced from raw cluster runs.,keep_in_data_processed,HIGH,False
data/results_curated_real/ResNet50_CIFAR10_tri_cb/normalized_request_level/campaign_cv_resnet_tricb_c48.csv,campaign_cv_resnet_tricb_c48.csv,.csv,5399925,d7d25fc2357a72f17c4450b1a479e076f52166bad409e403e893441b84d263dd,Jisheng Jiang (jisheng3),scripts/campaign_a_orchestrator.py,ResNet50_CIFAR10,exp_resnet50_cifar10,campaign_cv_resnet_tricb_c48,sp26-cs525-0601 (gateway),sp26-cs525-0605..0620 (triton),ResNet-50/CIFAR-10,fail-slow (tc delay 50-200ms),N/A,N/A,N/A,38191,",",utf-8,"timestamp,req_id,payload_bytes,policy,backend_id,status_code,e2e_ms,gateway_overhead_ms,error_body,backend_id_normalized,timestamp_raw,t_rel_s,strategy",relative_seconds,microseconds,event-driven,float64,"latency: ms, payload: bytes",curated_release,EMPIRICAL_DERIVED,Derived and normalized request-level/benchmark tables produced from raw cluster runs.,keep_in_data_processed,HIGH,False
data/results_curated_real/ResNet50_CIFAR10_tri_cb/normalized_request_level/campaign_cv_resnet_tricb_c64.csv,campaign_cv_resnet_tricb_c64.csv,.csv,5439457,5d6b9061feb5328f63c05fe76ddf56aca7de0d69865475bfc9950009969ce7e8,Jisheng Jiang (jisheng3),scripts/campaign_a_orchestrator.py,ResNet50_CIFAR10,exp_resnet50_cifar10,campaign_cv_resnet_tricb_c64,sp26-cs525-0601 (gateway),sp26-cs525-0605..0620 (triton),ResNet-50/CIFAR-10,fail-slow (tc delay 50-200ms),N/A,N/A,N/A,38428,",",utf-8,"timestamp,req_id,payload_bytes,policy,backend_id,status_code,e2e_ms,gateway_overhead_ms,error_body,backend_id_normalized,timestamp_raw,t_rel_s,strategy",relative_seconds,microseconds,event-driven,float64,"latency: ms, payload: bytes",curated_release,EMPIRICAL_DERIVED,Derived and normalized request-level/benchmark tables produced from raw cluster runs.,keep_in_data_processed,HIGH,False
data/results_curated_real/ResNet50_CIFAR10_tri_cb/raw_request_level/campaign_cv_resnet_tricb_c16.csv,campaign_cv_resnet_tricb_c16.csv,.csv,3484989,594e7abf5235695562f341246ea1db100d8d657493bdbdd55266d538e6415215,Jisheng Jiang (jisheng3),scripts/campaign_a_orchestrator.py,ResNet50_CIFAR10,exp_resnet50_cifar10,campaign_cv_resnet_tricb_c16,sp26-cs525-0601 (gateway),sp26-cs525-0605..0620 (triton),ResNet-50/CIFAR-10,fail-slow (tc delay 50-200ms),N/A,N/A,N/A,41108,",",utf-8,"timestamp,req_id,payload_bytes,policy,backend_id,status_code,e2e_ms,gateway_overhead_ms,",relative_seconds,microseconds,event-driven,float64,"latency: ms, payload: bytes",curated_release,EMPIRICAL_DERIVED,Derived and normalized request-level/benchmark tables produced from raw cluster runs.,keep_in_data_processed,HIGH,False
data/results_curated_real/ResNet50_CIFAR10_tri_cb/raw_request_level/campaign_cv_resnet_tricb_c24.csv,campaign_cv_resnet_tricb_c24.csv,.csv,3904050,197550bcd3bf5ec4cf707ccf5a3b7b6ccc21d65e18cbb22aff837df24c2f1221,Jisheng Jiang (jisheng3),scripts/campaign_a_orchestrator.py,ResNet50_CIFAR10,exp_resnet50_cifar10,campaign_cv_resnet_tricb_c24,sp26-cs525-0601 (gateway),sp26-cs525-0605..0620 (triton),ResNet-50/CIFAR-10,fail-slow (tc delay 50-200ms),N/A,N/A,N/A,45894,",",utf-8,"timestamp,req_id,payload_bytes,policy,backend_id,status_code,e2e_ms,gateway_overhead_ms,",relative_seconds,microseconds,event-driven,float64,"latency: ms, payload: bytes",curated_release,EMPIRICAL_DERIVED,Derived and normalized request-level/benchmark tables produced from raw cluster runs.,keep_in_data_processed,HIGH,False
data/results_curated_real/ResNet50_CIFAR10_tri_cb/raw_request_level/campaign_cv_resnet_tricb_c32.csv,campaign_cv_resnet_tricb_c32.csv,.csv,3521409,0ba3fe87d44eb36c71ceff32d111288d711c3e75e103aff255208975fbe465ba,Jisheng Jiang (jisheng3),scripts/campaign_a_orchestrator.py,ResNet50_CIFAR10,exp_resnet50_cifar10,campaign_cv_resnet_tricb_c32,sp26-cs525-0601 (gateway),sp26-cs525-0605..0620 (triton),ResNet-50/CIFAR-10,fail-slow (tc delay 50-200ms),N/A,N/A,N/A,41258,",",utf-8,"timestamp,req_id,payload_bytes,policy,backend_id,status_code,e2e_ms,gateway_overhead_ms,",relative_seconds,microseconds,event-driven,float64,"latency: ms, payload: bytes",curated_release,EMPIRICAL_DERIVED,Derived and normalized request-level/benchmark tables produced from raw cluster runs.,keep_in_data_processed,HIGH,False
data/results_curated_real/ResNet50_CIFAR10_tri_cb/raw_request_level/campaign_cv_resnet_tricb_c48.csv,campaign_cv_resnet_tricb_c48.csv,.csv,3265419,d88c0ebc2e6dddcd1fe644e07f11b05d6c4e0419fe49a652a2accd07ac0e81fd,Jisheng Jiang (jisheng3),scripts/campaign_a_orchestrator.py,ResNet50_CIFAR10,exp_resnet50_cifar10,campaign_cv_resnet_tricb_c48,sp26-cs525-0601 (gateway),sp26-cs525-0605..0620 (triton),ResNet-50/CIFAR-10,fail-slow (tc delay 50-200ms),N/A,N/A,N/A,38191,",",utf-8,"timestamp,req_id,payload_bytes,policy,backend_id,status_code,e2e_ms,gateway_overhead_ms,",relative_seconds,microseconds,event-driven,float64,"latency: ms, payload: bytes",curated_release,EMPIRICAL_DERIVED,Derived and normalized request-level/benchmark tables produced from raw cluster runs.,keep_in_data_processed,HIGH,False
data/results_curated_real/ResNet50_CIFAR10_tri_cb/raw_request_level/campaign_cv_resnet_tricb_c64.csv,campaign_cv_resnet_tricb_c64.csv,.csv,3291514,0d5181f9bc3d6edb24e2810932227ac2d8bf6a3d6b370ae6a1bf0e5930021471,Jisheng Jiang (jisheng3),scripts/campaign_a_orchestrator.py,ResNet50_CIFAR10,exp_resnet50_cifar10,campaign_cv_resnet_tricb_c64,sp26-cs525-0601 (gateway),sp26-cs525-0605..0620 (triton),ResNet-50/CIFAR-10,fail-slow (tc delay 50-200ms),N/A,N/A,N/A,38428,",",utf-8,"timestamp,req_id,payload_bytes,policy,backend_id,status_code,e2e_ms,gateway_overhead_ms,",relative_seconds,microseconds,event-driven,float64,"latency: ms, payload: bytes",curated_release,EMPIRICAL_DERIVED,Derived and normalized request-level/benchmark tables produced from raw cluster runs.,keep_in_data_processed,HIGH,False
data/results_curated_real/ResNet50_CIFAR10_tri_cb/summary/summary_resnet_tricb.csv,summary_resnet_tricb.csv,.csv,1215,9ec7f46bf6055bd9e8b2e494104a72ff810d58d488fa521fbc63de4747159605,Jisheng Jiang (jisheng3),scripts/campaign_a_orchestrator.py,ResNet50_CIFAR10,exp_resnet50_cifar10,summary_resnet_tricb,sp26-cs525-0601 (gateway),sp26-cs525-0605..0620 (triton),ResNet-50/CIFAR-10,fail-slow (tc delay 50-200ms),N/A,N/A,N/A,20,",",utf-8,"PRODUCTION_DATA,model,framework,dataset,concurrency,phase,duration_s,requests,",relative_seconds,microseconds,event-driven,float64,"latency: ms, payload: bytes",curated_release|PRODUCTION_DATA_tag,EMPIRICAL_DERIVED,Derived and normalized request-level/benchmark tables produced from raw cluster runs.,keep_in_data_processed,HIGH,False
data/results_internal_audit/REQ_ID_REWRITE_MAP.csv,REQ_ID_REWRITE_MAP.csv,.csv,141329374,90dff64b20e72c2615d31b49a7867aad8add046bdec1bc5fb1da959cfcd5fd89,Jisheng Jiang (jisheng3),scripts/campaign_a_orchestrator.py,Infrastructure_Benchmark,exp_infrastructure_benchmark,REQ_ID_REWRITE_MAP,sp26-cs525-0601 (gateway),sp26-cs525-0605..0620 (triton),Cluster Telemetry,fail-slow (tc delay 50-200ms),N/A,N/A,N/A,1210924,",",utf-8,"file_path,original_req_id,rewritten_req_id",relative_seconds,microseconds,event-driven,float64,"latency: ms, payload: bytes",audit_map,EMPIRICAL_DERIVED,REQ_ID rewrite mapping generated during prior cleanup audit.,archive_to_deprecated_results,HIGH,False
data/results_release/inventory_results_release.csv,inventory_results_release.csv,.csv,1260,24de9bc06b654eed07f7a21b3778203ccab95b7e1e2874ecf5c731efca97a35c,Jisheng Jiang (jisheng3),scripts/campaign_a_orchestrator.py,Infrastructure_Benchmark,exp_infrastructure_benchmark,inventory_results_release,sp26-cs525-0601 (gateway),sp26-cs525-0605..0620 (triton),Cluster Telemetry,fail-slow (tc delay 50-200ms),N/A,N/A,N/A,9,",",utf-8,"folder_name,model,dataset,framework,experiment_type,request_level_csv_count,summary_csv_count,benchmark_json_count,figures_present,ready_for_plotting,notes",relative_seconds,microseconds,event-driven,float64,"latency: ms, payload: bytes",curated_release,EMPIRICAL_DERIVED,Derived and normalized request-level/benchmark tables produced from raw cluster runs.,keep_in_data_processed,HIGH,False
data/results_release/inventory_results_release.json,inventory_results_release.json,.json,4022,7ac245d83e9930a8ba6f9a1db0f61748c518901186e7476ae83bccca5aad7bc2,Jisheng Jiang (jisheng3),scripts/campaign_a_orchestrator.py,Infrastructure_Benchmark,exp_infrastructure_benchmark,inventory_results_release,sp26-cs525-0601 (gateway),sp26-cs525-0605..0620 (triton),Cluster Telemetry,fail-slow (tc delay 50-200ms),N/A,N/A,N/A,9,N/A,utf-8,folder_name|model|dataset|framework|experiment_type|request_level_csv_count|summary_csv_count|benchmark_json_count|figures_present|ready_for_plotting|notes,relative_seconds,microseconds,event-driven,float64,"latency: ms, payload: bytes",curated_release,EMPIRICAL_DERIVED,Derived and normalized request-level/benchmark tables produced from raw cluster runs.,keep_in_data_processed,HIGH,False
data/results_release/MobileBERT_SST2_gateway_ablation/benchmark/benchmark_mobilebert_gatewaysmart.json,benchmark_mobilebert_gatewaysmart.json,.json,227,9f74cbf93d4b82ef7fcc568dbbd700118dfc2f0334b613204c037f9d1c876175,Jisheng Jiang (jisheng3),scripts/campaign_a_orchestrator.py,MobileBERT_SST2,exp_mobilebert_sst2,benchmark_mobilebert_gatewaysmart,sp26-cs525-0601 (gateway),sp26-cs525-0605..0620 (triton),MobileBERT/SST-2,fail-slow (tc delay 50-200ms),N/A,N/A,N/A,6,N/A,utf-8,campaign|aggregation_scope|p99_ms|avg_ms|rps|total_requests,relative_seconds,microseconds,event-driven,float64,"latency: ms, payload: bytes",curated_release,EMPIRICAL_DERIVED,Derived and normalized request-level/benchmark tables produced from raw cluster runs.,keep_in_data_processed,HIGH,False
data/results_release/MobileBERT_SST2_gateway_ablation/benchmark/benchmark_mobilebert_gatewaystrawman.json,benchmark_mobilebert_gatewaystrawman.json,.json,224,3c51471357216149941ee0c98ce07dcb3ec409d2677e6263d9bb1c60615099f6,Jisheng Jiang (jisheng3),scripts/campaign_a_orchestrator.py,MobileBERT_SST2,exp_mobilebert_sst2,benchmark_mobilebert_gatewaystrawman,sp26-cs525-0601 (gateway),sp26-cs525-0605..0620 (triton),MobileBERT/SST-2,fail-slow (tc delay 50-200ms),N/A,N/A,N/A,6,N/A,utf-8,campaign|aggregation_scope|p99_ms|avg_ms|rps|total_requests,relative_seconds,microseconds,event-driven,float64,"latency: ms, payload: bytes",curated_release,EMPIRICAL_DERIVED,Derived and normalized request-level/benchmark tables produced from raw cluster runs.,keep_in_data_processed,HIGH,False
data/results_release/MobileBERT_SST2_gateway_ablation/metadata/manifest_release.json,manifest_release.json,.json,455,9889c97a74c11513bd2d5af9280a7b314caa13e237e33e4d8cbf2a1328a44084,Jisheng Jiang (jisheng3),scripts/campaign_a_orchestrator.py,MobileBERT_SST2,exp_mobilebert_sst2,manifest_release,sp26-cs525-0601 (gateway),sp26-cs525-0605..0620 (triton),Cluster Telemetry,fail-slow (tc delay 50-200ms),N/A,N/A,N/A,8,N/A,utf-8,experiment_name|model|dataset|framework_mode|experiment_type|concurrency_levels|schema_version|file_counts,relative_seconds,microseconds,event-driven,float64,"latency: ms, payload: bytes",curated_release,EMPIRICAL_DERIVED,Derived and normalized request-level/benchmark tables produced from raw cluster runs.,keep_in_data_processed,HIGH,False
data/results_release/MobileBERT_SST2_gateway_ablation/metadata/README_RELEASE.txt,README_RELEASE.txt,.txt,399,b760b9944d6ec7b3e32935932dd4e97a424989b51752997de789b3c130185778,Jisheng Jiang (jisheng3),scripts/campaign_a_orchestrator.py,MobileBERT_SST2,exp_mobilebert_sst2,README_RELEASE,sp26-cs525-0601 (gateway),sp26-cs525-0605..0620 (triton),Cluster Telemetry,fail-slow (tc delay 50-200ms),N/A,N/A,N/A,0,N/A,utf-8,N/A,relative_seconds,microseconds,event-driven,float64,"latency: ms, payload: bytes",curated_release,EMPIRICAL_DERIVED,Derived and normalized request-level/benchmark tables produced from raw cluster runs.,keep_in_data_processed,HIGH,False
data/results_release/MobileBERT_SST2_gateway_ablation/normalized_request_level/campaign_nlp_mobilebert_gatewaysmart_c128.csv,campaign_nlp_mobilebert_gatewaysmart_c128.csv,.csv,979670,2145b8b5915bee8a5d6adac0aa03471c643e1560dbae783d8d5167da57b1179d,Jisheng Jiang (jisheng3),scripts/campaign_a_orchestrator.py,MobileBERT_SST2,exp_mobilebert_sst2,campaign_nlp_mobilebert_gatewaysmart_c128,sp26-cs525-0601 (gateway),sp26-cs525-0605..0620 (triton),MobileBERT/SST-2,fail-slow (tc delay 50-200ms),1773828000.01877,N/A,N/A,5656,",",utf-8,"timestamp,req_id,payload_bytes,mode,backend_id,status_code,e2e_ms,gateway_overhead_ms,error_body,backend_id_normalized,timestamp_raw,t_rel_s,strategy",unix_epoch_float,microseconds,event-driven,float64,"latency: ms, payload: bytes",curated_release,EMPIRICAL_DERIVED,Derived and normalized request-level/benchmark tables produced from raw cluster runs.,keep_in_data_processed,HIGH,False
data/results_release/MobileBERT_SST2_gateway_ablation/normalized_request_level/campaign_nlp_mobilebert_gatewaysmart_c32.csv,campaign_nlp_mobilebert_gatewaysmart_c32.csv,.csv,1170939,5ce553db4696d6832a5069c5dd2612af967d40669ebf327c5f40950eeb2de42a,Jisheng Jiang (jisheng3),scripts/campaign_a_orchestrator.py,MobileBERT_SST2,exp_mobilebert_sst2,campaign_nlp_mobilebert_gatewaysmart_c32,sp26-cs525-0601 (gateway),sp26-cs525-0605..0620 (triton),MobileBERT/SST-2,fail-slow (tc delay 50-200ms),1773820800.026316,N/A,N/A,6816,",",utf-8,"timestamp,req_id,payload_bytes,mode,backend_id,status_code,e2e_ms,gateway_overhead_ms,error_body,backend_id_normalized,timestamp_raw,t_rel_s,strategy",unix_epoch_float,microseconds,event-driven,float64,"latency: ms, payload: bytes",curated_release,EMPIRICAL_DERIVED,Derived and normalized request-level/benchmark tables produced from raw cluster runs.,keep_in_data_processed,HIGH,False
data/results_release/MobileBERT_SST2_gateway_ablation/normalized_request_level/campaign_nlp_mobilebert_gatewaysmart_c48.csv,campaign_nlp_mobilebert_gatewaysmart_c48.csv,.csv,1182710,61c5d7b36a25cf28690587c884040bab1da4659a71915a26da4f145a39c206ad,Jisheng Jiang (jisheng3),scripts/campaign_a_orchestrator.py,MobileBERT_SST2,exp_mobilebert_sst2,campaign_nlp_mobilebert_gatewaysmart_c48,sp26-cs525-0601 (gateway),sp26-cs525-0605..0620 (triton),MobileBERT/SST-2,fail-slow (tc delay 50-200ms),1773822600.019049,N/A,N/A,6872,",",utf-8,"timestamp,req_id,payload_bytes,mode,backend_id,status_code,e2e_ms,gateway_overhead_ms,error_body,backend_id_normalized,timestamp_raw,t_rel_s,strategy",unix_epoch_float,microseconds,event-driven,float64,"latency: ms, payload: bytes",curated_release,EMPIRICAL_DERIVED,Derived and normalized request-level/benchmark tables produced from raw cluster runs.,keep_in_data_processed,HIGH,False
data/results_release/MobileBERT_SST2_gateway_ablation/normalized_request_level/campaign_nlp_mobilebert_gatewaysmart_c64.csv,campaign_nlp_mobilebert_gatewaysmart_c64.csv,.csv,1133258,a0b1b27d176965106952b32c5f569d0697bbe2066ef18c6dc6fe57b04ba24836,Jisheng Jiang (jisheng3),scripts/campaign_a_orchestrator.py,MobileBERT_SST2,exp_mobilebert_sst2,campaign_nlp_mobilebert_gatewaysmart_c64,sp26-cs525-0601 (gateway),sp26-cs525-0605..0620 (triton),MobileBERT/SST-2,fail-slow (tc delay 50-200ms),1773824400.033825,N/A,N/A,6584,",",utf-8,"timestamp,req_id,payload_bytes,mode,backend_id,status_code,e2e_ms,gateway_overhead_ms,error_body,backend_id_normalized,timestamp_raw,t_rel_s,strategy",unix_epoch_float,microseconds,event-driven,float64,"latency: ms, payload: bytes",curated_release,EMPIRICAL_DERIVED,Derived and normalized request-level/benchmark tables produced from raw cluster runs.,keep_in_data_processed,HIGH,False
data/results_release/MobileBERT_SST2_gateway_ablation/normalized_request_level/campaign_nlp_mobilebert_gatewaysmart_c96.csv,campaign_nlp_mobilebert_gatewaysmart_c96.csv,.csv,1067185,eff9a03ce6de86cd06e8f8e7d45f17521d7ab01a7dc0d9bf7d14afa839d3f93f,Jisheng Jiang (jisheng3),scripts/campaign_a_orchestrator.py,MobileBERT_SST2,exp_mobilebert_sst2,campaign_nlp_mobilebert_gatewaysmart_c96,sp26-cs525-0601 (gateway),sp26-cs525-0605..0620 (triton),MobileBERT/SST-2,fail-slow (tc delay 50-200ms),1773826200.020863,N/A,N/A,6200,",",utf-8,"timestamp,req_id,payload_bytes,mode,backend_id,status_code,e2e_ms,gateway_overhead_ms,error_body,backend_id_normalized,timestamp_raw,t_rel_s,strategy",unix_epoch_float,microseconds,event-driven,float64,"latency: ms, payload: bytes",curated_release,EMPIRICAL_DERIVED,Derived and normalized request-level/benchmark tables produced from raw cluster runs.,keep_in_data_processed,HIGH,False
data/results_release/MobileBERT_SST2_gateway_ablation/normalized_request_level/campaign_nlp_mobilebert_gatewaystrawman_c128.csv,campaign_nlp_mobilebert_gatewaystrawman_c128.csv,.csv,974238,3b2998edce9297ad168a2761964b12e8af74f3557df2275faa1456c9ad50ba75,Jisheng Jiang (jisheng3),scripts/campaign_a_orchestrator.py,MobileBERT_SST2,exp_mobilebert_sst2,campaign_nlp_mobilebert_gatewaystrawman_c128,sp26-cs525-0601 (gateway),sp26-cs525-0605..0620 (triton),MobileBERT/SST-2,fail-slow (tc delay 50-200ms),1773914400.035694,N/A,N/A,5432,",",utf-8,"timestamp,req_id,payload_bytes,mode,backend_id,status_code,e2e_ms,gateway_overhead_ms,error_body,backend_id_normalized,timestamp_raw,t_rel_s,strategy",unix_epoch_float,microseconds,event-driven,float64,"latency: ms, payload: bytes",curated_release,EMPIRICAL_DERIVED,Derived and normalized request-level/benchmark tables produced from raw cluster runs.,keep_in_data_processed,HIGH,False
data/results_release/MobileBERT_SST2_gateway_ablation/normalized_request_level/campaign_nlp_mobilebert_gatewaystrawman_c32.csv,campaign_nlp_mobilebert_gatewaystrawman_c32.csv,.csv,1186653,f866a77002f6293979d748b42ebe7e5631e2a78aecbcd74cb3c5612769bca789,Jisheng Jiang (jisheng3),scripts/campaign_a_orchestrator.py,MobileBERT_SST2,exp_mobilebert_sst2,campaign_nlp_mobilebert_gatewaystrawman_c32,sp26-cs525-0601 (gateway),sp26-cs525-0605..0620 (triton),MobileBERT/SST-2,fail-slow (tc delay 50-200ms),1773907200.004464,N/A,N/A,6672,",",utf-8,"timestamp,req_id,payload_bytes,mode,backend_id,status_code,e2e_ms,gateway_overhead_ms,error_body,backend_id_normalized,timestamp_raw,t_rel_s,strategy",unix_epoch_float,microseconds,event-driven,float64,"latency: ms, payload: bytes",curated_release,EMPIRICAL_DERIVED,Derived and normalized request-level/benchmark tables produced from raw cluster runs.,keep_in_data_processed,HIGH,False
data/results_release/MobileBERT_SST2_gateway_ablation/normalized_request_level/campaign_nlp_mobilebert_gatewaystrawman_c48.csv,campaign_nlp_mobilebert_gatewaystrawman_c48.csv,.csv,1179903,a31545cf4d9d9f72c9469f2b3509f240f19dc09775569c1f950da31ce4f4c132,Jisheng Jiang (jisheng3),scripts/campaign_a_orchestrator.py,MobileBERT_SST2,exp_mobilebert_sst2,campaign_nlp_mobilebert_gatewaystrawman_c48,sp26-cs525-0601 (gateway),sp26-cs525-0605..0620 (triton),MobileBERT/SST-2,fail-slow (tc delay 50-200ms),1773909000.030877,N/A,N/A,6624,",",utf-8,"timestamp,req_id,payload_bytes,mode,backend_id,status_code,e2e_ms,gateway_overhead_ms,error_body,backend_id_normalized,timestamp_raw,t_rel_s,strategy",unix_epoch_float,microseconds,event-driven,float64,"latency: ms, payload: bytes",curated_release,EMPIRICAL_DERIVED,Derived and normalized request-level/benchmark tables produced from raw cluster runs.,keep_in_data_processed,HIGH,False
data/results_release/MobileBERT_SST2_gateway_ablation/normalized_request_level/campaign_nlp_mobilebert_gatewaystrawman_c64.csv,campaign_nlp_mobilebert_gatewaystrawman_c64.csv,.csv,1121572,66647f9e701ef796bb90cf1266841c6b950f8eb3d038221b0ed5a0a5064327f2,Jisheng Jiang (jisheng3),scripts/campaign_a_orchestrator.py,MobileBERT_SST2,exp_mobilebert_sst2,campaign_nlp_mobilebert_gatewaystrawman_c64,sp26-cs525-0601 (gateway),sp26-cs525-0605..0620 (triton),MobileBERT/SST-2,fail-slow (tc delay 50-200ms),1773910800.030427,N/A,N/A,6296,",",utf-8,"timestamp,req_id,payload_bytes,mode,backend_id,status_code,e2e_ms,gateway_overhead_ms,error_body,backend_id_normalized,timestamp_raw,t_rel_s,strategy",unix_epoch_float,microseconds,event-driven,float64,"latency: ms, payload: bytes",curated_release,EMPIRICAL_DERIVED,Derived and normalized request-level/benchmark tables produced from raw cluster runs.,keep_in_data_processed,HIGH,False
data/results_release/MobileBERT_SST2_gateway_ablation/normalized_request_level/campaign_nlp_mobilebert_gatewaystrawman_c96.csv,campaign_nlp_mobilebert_gatewaystrawman_c96.csv,.csv,1053485,4c0ba7cf4b95ad8b7449b499cdcbc8c123e2ac7627440e0aa1c1e44c47d55070,Jisheng Jiang (jisheng3),scripts/campaign_a_orchestrator.py,MobileBERT_SST2,exp_mobilebert_sst2,campaign_nlp_mobilebert_gatewaystrawman_c96,sp26-cs525-0601 (gateway),sp26-cs525-0605..0620 (triton),MobileBERT/SST-2,fail-slow (tc delay 50-200ms),1773912600.035937,N/A,N/A,5912,",",utf-8,"timestamp,req_id,payload_bytes,mode,backend_id,status_code,e2e_ms,gateway_overhead_ms,error_body,backend_id_normalized,timestamp_raw,t_rel_s,strategy",unix_epoch_float,microseconds,event-driven,float64,"latency: ms, payload: bytes",curated_release,EMPIRICAL_DERIVED,Derived and normalized request-level/benchmark tables produced from raw cluster runs.,keep_in_data_processed,HIGH,False
data/results_release/MobileBERT_SST2_gateway_ablation/raw_request_level/campaign_nlp_mobilebert_gatewaysmart_c128.csv,campaign_nlp_mobilebert_gatewaysmart_c128.csv,.csv,575685,17d3d633e4aa856618816007015604f90d5367f0d174443d401c0e8a9ef015d4,Jisheng Jiang (jisheng3),scripts/campaign_a_orchestrator.py,MobileBERT_SST2,exp_mobilebert_sst2,campaign_nlp_mobilebert_gatewaysmart_c128,sp26-cs525-0601 (gateway),sp26-cs525-0605..0620 (triton),MobileBERT/SST-2,fail-slow (tc delay 50-200ms),1773828000.01877,N/A,N/A,5656,",",utf-8,"timestamp,req_id,payload_bytes,mode,backend_id,status_code,e2e_ms,gateway_overhead_ms,",unix_epoch_float,microseconds,event-driven,float64,"latency: ms, payload: bytes",curated_release,EMPIRICAL_DERIVED,Derived and normalized request-level/benchmark tables produced from raw cluster runs.,keep_in_data_processed,HIGH,False
data/results_release/MobileBERT_SST2_gateway_ablation/raw_request_level/campaign_nlp_mobilebert_gatewaysmart_c32.csv,campaign_nlp_mobilebert_gatewaysmart_c32.csv,.csv,684079,43e771fae38e4c82ca858f7069fd5226cbc45f5dfe4d569751bb941364ff2010,Jisheng Jiang (jisheng3),scripts/campaign_a_orchestrator.py,MobileBERT_SST2,exp_mobilebert_sst2,campaign_nlp_mobilebert_gatewaysmart_c32,sp26-cs525-0601 (gateway),sp26-cs525-0605..0620 (triton),MobileBERT/SST-2,fail-slow (tc delay 50-200ms),1773820800.026316,N/A,N/A,6816,",",utf-8,"timestamp,req_id,payload_bytes,mode,backend_id,status_code,e2e_ms,gateway_overhead_ms,",unix_epoch_float,microseconds,event-driven,float64,"latency: ms, payload: bytes",curated_release,EMPIRICAL_DERIVED,Derived and normalized request-level/benchmark tables produced from raw cluster runs.,keep_in_data_processed,HIGH,False
data/results_release/MobileBERT_SST2_gateway_ablation/raw_request_level/campaign_nlp_mobilebert_gatewaysmart_c48.csv,campaign_nlp_mobilebert_gatewaysmart_c48.csv,.csv,691810,d45294d53a0903198cee9150cbaa45a0225107af2d354b6effaf22f028aac89f,Jisheng Jiang (jisheng3),scripts/campaign_a_orchestrator.py,MobileBERT_SST2,exp_mobilebert_sst2,campaign_nlp_mobilebert_gatewaysmart_c48,sp26-cs525-0601 (gateway),sp26-cs525-0605..0620 (triton),MobileBERT/SST-2,fail-slow (tc delay 50-200ms),1773822600.019049,N/A,N/A,6872,",",utf-8,"timestamp,req_id,payload_bytes,mode,backend_id,status_code,e2e_ms,gateway_overhead_ms,",unix_epoch_float,microseconds,event-driven,float64,"latency: ms, payload: bytes",curated_release,EMPIRICAL_DERIVED,Derived and normalized request-level/benchmark tables produced from raw cluster runs.,keep_in_data_processed,HIGH,False
data/results_release/MobileBERT_SST2_gateway_ablation/raw_request_level/campaign_nlp_mobilebert_gatewaysmart_c64.csv,campaign_nlp_mobilebert_gatewaysmart_c64.csv,.csv,662923,a7ef43313ab527f388e49a5ef60622327b017ba994d18c01c93293e3bfc92ff9,Jisheng Jiang (jisheng3),scripts/campaign_a_orchestrator.py,MobileBERT_SST2,exp_mobilebert_sst2,campaign_nlp_mobilebert_gatewaysmart_c64,sp26-cs525-0601 (gateway),sp26-cs525-0605..0620 (triton),MobileBERT/SST-2,fail-slow (tc delay 50-200ms),1773824400.033825,N/A,N/A,6584,",",utf-8,"timestamp,req_id,payload_bytes,mode,backend_id,status_code,e2e_ms,gateway_overhead_ms,",unix_epoch_float,microseconds,event-driven,float64,"latency: ms, payload: bytes",curated_release,EMPIRICAL_DERIVED,Derived and normalized request-level/benchmark tables produced from raw cluster runs.,keep_in_data_processed,HIGH,False
data/results_release/MobileBERT_SST2_gateway_ablation/raw_request_level/campaign_nlp_mobilebert_gatewaysmart_c96.csv,campaign_nlp_mobilebert_gatewaysmart_c96.csv,.csv,624304,3199e4bed9b9e632fa5cfa87cde85fb42f91a0f16d6328fc2f9160296e2f0eb5,Jisheng Jiang (jisheng3),scripts/campaign_a_orchestrator.py,MobileBERT_SST2,exp_mobilebert_sst2,campaign_nlp_mobilebert_gatewaysmart_c96,sp26-cs525-0601 (gateway),sp26-cs525-0605..0620 (triton),MobileBERT/SST-2,fail-slow (tc delay 50-200ms),1773826200.020863,N/A,N/A,6200,",",utf-8,"timestamp,req_id,payload_bytes,mode,backend_id,status_code,e2e_ms,gateway_overhead_ms,",unix_epoch_float,microseconds,event-driven,float64,"latency: ms, payload: bytes",curated_release,EMPIRICAL_DERIVED,Derived and normalized request-level/benchmark tables produced from raw cluster runs.,keep_in_data_processed,HIGH,False
data/results_release/MobileBERT_SST2_gateway_ablation/raw_request_level/campaign_nlp_mobilebert_gatewaystrawman_c128.csv,campaign_nlp_mobilebert_gatewaystrawman_c128.csv,.csv,570019,a185e4383fc143c5b52a5bfd72362f17d104ca31238571732a3816ae309c33d2,Jisheng Jiang (jisheng3),scripts/campaign_a_orchestrator.py,MobileBERT_SST2,exp_mobilebert_sst2,campaign_nlp_mobilebert_gatewaystrawman_c128,sp26-cs525-0601 (gateway),sp26-cs525-0605..0620 (triton),MobileBERT/SST-2,fail-slow (tc delay 50-200ms),1773914400.035694,N/A,N/A,5432,",",utf-8,"timestamp,req_id,payload_bytes,mode,backend_id,status_code,e2e_ms,gateway_overhead_ms,",unix_epoch_float,microseconds,event-driven,float64,"latency: ms, payload: bytes",curated_release,EMPIRICAL_DERIVED,Derived and normalized request-level/benchmark tables produced from raw cluster runs.,keep_in_data_processed,HIGH,False
data/results_release/MobileBERT_SST2_gateway_ablation/raw_request_level/campaign_nlp_mobilebert_gatewaystrawman_c32.csv,campaign_nlp_mobilebert_gatewaystrawman_c32.csv,.csv,690070,4288a7732dff88e45511822cf03a6578e7db89637e66f9d13b0ee87e3d02655c,Jisheng Jiang (jisheng3),scripts/campaign_a_orchestrator.py,MobileBERT_SST2,exp_mobilebert_sst2,campaign_nlp_mobilebert_gatewaystrawman_c32,sp26-cs525-0601 (gateway),sp26-cs525-0605..0620 (triton),MobileBERT/SST-2,fail-slow (tc delay 50-200ms),1773907200.004464,N/A,N/A,6672,",",utf-8,"timestamp,req_id,payload_bytes,mode,backend_id,status_code,e2e_ms,gateway_overhead_ms,",unix_epoch_float,microseconds,event-driven,float64,"latency: ms, payload: bytes",curated_release,EMPIRICAL_DERIVED,Derived and normalized request-level/benchmark tables produced from raw cluster runs.,keep_in_data_processed,HIGH,False
data/results_release/MobileBERT_SST2_gateway_ablation/raw_request_level/campaign_nlp_mobilebert_gatewaystrawman_c48.csv,campaign_nlp_mobilebert_gatewaystrawman_c48.csv,.csv,686837,57185d0ffdc7a9b9a0ba9efd7a111cbf8d0f2ecb64f0db184c4a249966ccb47f,Jisheng Jiang (jisheng3),scripts/campaign_a_orchestrator.py,MobileBERT_SST2,exp_mobilebert_sst2,campaign_nlp_mobilebert_gatewaystrawman_c48,sp26-cs525-0601 (gateway),sp26-cs525-0605..0620 (triton),MobileBERT/SST-2,fail-slow (tc delay 50-200ms),1773909000.030877,N/A,N/A,6624,",",utf-8,"timestamp,req_id,payload_bytes,mode,backend_id,status_code,e2e_ms,gateway_overhead_ms,",unix_epoch_float,microseconds,event-driven,float64,"latency: ms, payload: bytes",curated_release,EMPIRICAL_DERIVED,Derived and normalized request-level/benchmark tables produced from raw cluster runs.,keep_in_data_processed,HIGH,False
data/results_release/MobileBERT_SST2_gateway_ablation/raw_request_level/campaign_nlp_mobilebert_gatewaystrawman_c64.csv,campaign_nlp_mobilebert_gatewaystrawman_c64.csv,.csv,652943,39beaed30d4beecb5ea5e731d3e72fe7ab36744476cc1ee63ee27c2276f28195,Jisheng Jiang (jisheng3),scripts/campaign_a_orchestrator.py,MobileBERT_SST2,exp_mobilebert_sst2,campaign_nlp_mobilebert_gatewaystrawman_c64,sp26-cs525-0601 (gateway),sp26-cs525-0605..0620 (triton),MobileBERT/SST-2,fail-slow (tc delay 50-200ms),1773910800.030427,N/A,N/A,6296,",",utf-8,"timestamp,req_id,payload_bytes,mode,backend_id,status_code,e2e_ms,gateway_overhead_ms,",unix_epoch_float,microseconds,event-driven,float64,"latency: ms, payload: bytes",curated_release,EMPIRICAL_DERIVED,Derived and normalized request-level/benchmark tables produced from raw cluster runs.,keep_in_data_processed,HIGH,False
data/results_release/MobileBERT_SST2_gateway_ablation/raw_request_level/campaign_nlp_mobilebert_gatewaystrawman_c96.csv,campaign_nlp_mobilebert_gatewaystrawman_c96.csv,.csv,613501,d0df3daf06dfe1ba9bf9dd04ab4e10863afe5b2034c73a9c4791b6d4dc198b15,Jisheng Jiang (jisheng3),scripts/campaign_a_orchestrator.py,MobileBERT_SST2,exp_mobilebert_sst2,campaign_nlp_mobilebert_gatewaystrawman_c96,sp26-cs525-0601 (gateway),sp26-cs525-0605..0620 (triton),MobileBERT/SST-2,fail-slow (tc delay 50-200ms),1773912600.035937,N/A,N/A,5912,",",utf-8,"timestamp,req_id,payload_bytes,mode,backend_id,status_code,e2e_ms,gateway_overhead_ms,",unix_epoch_float,microseconds,event-driven,float64,"latency: ms, payload: bytes",curated_release,EMPIRICAL_DERIVED,Derived and normalized request-level/benchmark tables produced from raw cluster runs.,keep_in_data_processed,HIGH,False
data/results_release/MobileBERT_SST2_gateway_ablation/summary/summary_mobilebert_gateway_ablation.csv,summary_mobilebert_gateway_ablation.csv,.csv,762,c9a6be96b085e0bbeb6ad5c45ad88b1128555da9e755990a2674d4d24fedb097,Jisheng Jiang (jisheng3),scripts/campaign_a_orchestrator.py,MobileBERT_SST2,exp_mobilebert_sst2,summary_mobilebert_gateway_ablation,sp26-cs525-0601 (gateway),sp26-cs525-0605..0620 (triton),MobileBERT/SST-2,fail-slow (tc delay 50-200ms),N/A,N/A,N/A,10,",",utf-8,"mode,concurrency,total_requests,success_rate,rps,avg_ms,p95_ms,p99_ms,",relative_seconds,microseconds,event-driven,float64,"latency: ms, payload: bytes",curated_release,EMPIRICAL_DERIVED,Derived and normalized request-level/benchmark tables produced from raw cluster runs.,keep_in_data_processed,HIGH,False
data/results_release/MobileBERT_SST2_p2c_pewma/benchmark/benchmark_mobilebert_p2c.json,benchmark_mobilebert_p2c.json,.json,2013,d87b7c4736402c6e59b35cf887f1c8a409abeee9cb3876abcbaaa303fed3d63e,Jisheng Jiang (jisheng3),scripts/campaign_a_orchestrator.py,MobileBERT_SST2,exp_mobilebert_sst2,benchmark_mobilebert_p2c,sp26-cs525-0601 (gateway),sp26-cs525-0605..0620 (triton),MobileBERT/SST-2,fail-slow (tc delay 50-200ms),N/A,N/A,N/A,15,N/A,utf-8,campaign_name|mode|model|routing_policy|dataset|inference_stack|execution_mode|cluster|input_tensor_spec|campaign_phases_sec|failure_model_vm05|p99_ms|avg_ms|rps|total_requests,relative_seconds,microseconds,event-driven,float64,"latency: ms, payload: bytes",curated_release,EMPIRICAL_DERIVED,Derived and normalized request-level/benchmark tables produced from raw cluster runs.,keep_in_data_processed,HIGH,False
data/results_release/MobileBERT_SST2_p2c_pewma/metadata/manifest_release.json,manifest_release.json,.json,429,b83551469f686a1705a1b5846e46e8c2f0c61858f58390c7c867ce21e35bbeea,Jisheng Jiang (jisheng3),scripts/campaign_a_orchestrator.py,MobileBERT_SST2,exp_mobilebert_sst2,manifest_release,sp26-cs525-0601 (gateway),sp26-cs525-0605..0620 (triton),Cluster Telemetry,fail-slow (tc delay 50-200ms),N/A,N/A,N/A,8,N/A,utf-8,experiment_name|model|dataset|framework_mode|experiment_type|concurrency_levels|schema_version|file_counts,relative_seconds,microseconds,event-driven,float64,"latency: ms, payload: bytes",curated_release,EMPIRICAL_DERIVED,Derived and normalized request-level/benchmark tables produced from raw cluster runs.,keep_in_data_processed,HIGH,False
data/results_release/MobileBERT_SST2_p2c_pewma/metadata/README_RELEASE.txt,README_RELEASE.txt,.txt,374,e50c7b2759c4d436d00510bb9489cee0f7a8c0fb45e0fa54af69b61973659705,Jisheng Jiang (jisheng3),scripts/campaign_a_orchestrator.py,MobileBERT_SST2,exp_mobilebert_sst2,README_RELEASE,sp26-cs525-0601 (gateway),sp26-cs525-0605..0620 (triton),Cluster Telemetry,fail-slow (tc delay 50-200ms),N/A,N/A,N/A,0,N/A,utf-8,N/A,relative_seconds,microseconds,event-driven,float64,"latency: ms, payload: bytes",curated_release,EMPIRICAL_DERIVED,Derived and normalized request-level/benchmark tables produced from raw cluster runs.,keep_in_data_processed,HIGH,False
data/results_release/MobileBERT_SST2_p2c_pewma/normalized_request_level/campaign_nlp_mobilebert_p2c_c128.csv,campaign_nlp_mobilebert_p2c_c128.csv,.csv,2248360,d4c5872110badc8510d2ef7fe981bcafb545ce1227460e9a0eb73505f093eb3e,Jisheng Jiang (jisheng3),scripts/campaign_a_orchestrator.py,MobileBERT_SST2,exp_mobilebert_sst2,campaign_nlp_mobilebert_p2c_c128,sp26-cs525-0601 (gateway),sp26-cs525-0605..0620 (triton),MobileBERT/SST-2,fail-slow (tc delay 50-200ms),2026-04-03T09:40:00.000-05:00,N/A,N/A,12682,",",utf-8,"timestamp,req_id,payload_bytes,policy,backend_id,status_code,e2e_ms,gateway_overhead_ms,error_body,backend_id_normalized,timestamp_raw,t_rel_s,strategy",iso8601,microseconds,event-driven,float64,"latency: ms, payload: bytes",curated_release,EMPIRICAL_DERIVED,Derived and normalized request-level/benchmark tables produced from raw cluster runs.,keep_in_data_processed,HIGH,False
data/results_release/MobileBERT_SST2_p2c_pewma/normalized_request_level/campaign_nlp_mobilebert_p2c_c32.csv,campaign_nlp_mobilebert_p2c_c32.csv,.csv,3409326,fa03365662d6e810868da40dfbe4eb11dba4322bd3b03716e3c51307398785b2,Jisheng Jiang (jisheng3),scripts/campaign_a_orchestrator.py,MobileBERT_SST2,exp_mobilebert_sst2,campaign_nlp_mobilebert_p2c_c32,sp26-cs525-0601 (gateway),sp26-cs525-0605..0620 (triton),MobileBERT/SST-2,fail-slow (tc delay 50-200ms),2026-04-03T09:00:00.000-05:00,N/A,N/A,19369,",",utf-8,"timestamp,req_id,payload_bytes,policy,backend_id,status_code,e2e_ms,gateway_overhead_ms,error_body,backend_id_normalized,timestamp_raw,t_rel_s,strategy",iso8601,microseconds,event-driven,float64,"latency: ms, payload: bytes",curated_release,EMPIRICAL_DERIVED,Derived and normalized request-level/benchmark tables produced from raw cluster runs.,keep_in_data_processed,HIGH,False
data/results_release/MobileBERT_SST2_p2c_pewma/normalized_request_level/campaign_nlp_mobilebert_p2c_c48.csv,campaign_nlp_mobilebert_p2c_c48.csv,.csv,3454305,2d2032cd593cac6437316ac5f75f4ad46b2bff04274a14ccce66ec0ebdb31203,Jisheng Jiang (jisheng3),scripts/campaign_a_orchestrator.py,MobileBERT_SST2,exp_mobilebert_sst2,campaign_nlp_mobilebert_p2c_c48,sp26-cs525-0601 (gateway),sp26-cs525-0605..0620 (triton),MobileBERT/SST-2,fail-slow (tc delay 50-200ms),2026-04-03T09:10:00.000-05:00,N/A,N/A,19603,",",utf-8,"timestamp,req_id,payload_bytes,policy,backend_id,status_code,e2e_ms,gateway_overhead_ms,error_body,backend_id_normalized,timestamp_raw,t_rel_s,strategy",iso8601,microseconds,event-driven,float64,"latency: ms, payload: bytes",curated_release,EMPIRICAL_DERIVED,Derived and normalized request-level/benchmark tables produced from raw cluster runs.,keep_in_data_processed,HIGH,False
data/results_release/MobileBERT_SST2_p2c_pewma/normalized_request_level/campaign_nlp_mobilebert_p2c_c64.csv,campaign_nlp_mobilebert_p2c_c64.csv,.csv,3192556,0052173120a9d05e5f9facf8610bfc7a79725c12546309e121925d1687b02775,Jisheng Jiang (jisheng3),scripts/campaign_a_orchestrator.py,MobileBERT_SST2,exp_mobilebert_sst2,campaign_nlp_mobilebert_p2c_c64,sp26-cs525-0601 (gateway),sp26-cs525-0605..0620 (triton),MobileBERT/SST-2,fail-slow (tc delay 50-200ms),2026-04-03T09:20:00.000-05:00,N/A,N/A,18082,",",utf-8,"timestamp,req_id,payload_bytes,policy,backend_id,status_code,e2e_ms,gateway_overhead_ms,error_body,backend_id_normalized,timestamp_raw,t_rel_s,strategy",iso8601,microseconds,event-driven,float64,"latency: ms, payload: bytes",curated_release,EMPIRICAL_DERIVED,Derived and normalized request-level/benchmark tables produced from raw cluster runs.,keep_in_data_processed,HIGH,False
data/results_release/MobileBERT_SST2_p2c_pewma/normalized_request_level/campaign_nlp_mobilebert_p2c_c96.csv,campaign_nlp_mobilebert_p2c_c96.csv,.csv,2740709,c5791dbb28f266a4f534ae62f24e3ce9ee572c684694233047d0f0f04932fe83,Jisheng Jiang (jisheng3),scripts/campaign_a_orchestrator.py,MobileBERT_SST2,exp_mobilebert_sst2,campaign_nlp_mobilebert_p2c_c96,sp26-cs525-0601 (gateway),sp26-cs525-0605..0620 (triton),MobileBERT/SST-2,fail-slow (tc delay 50-200ms),2026-04-03T09:30:00.000-05:00,N/A,N/A,15469,",",utf-8,"timestamp,req_id,payload_bytes,policy,backend_id,status_code,e2e_ms,gateway_overhead_ms,error_body,backend_id_normalized,timestamp_raw,t_rel_s,strategy",iso8601,microseconds,event-driven,float64,"latency: ms, payload: bytes",curated_release,EMPIRICAL_DERIVED,Derived and normalized request-level/benchmark tables produced from raw cluster runs.,keep_in_data_processed,HIGH,False
data/results_release/MobileBERT_SST2_p2c_pewma/raw_request_level/campaign_nlp_mobilebert_p2c_c128.csv,campaign_nlp_mobilebert_p2c_c128.csv,.csv,1239921,95ca53b67ce04523b4c0a0ff291b9e017eef3ea7778e88c9a80afac60faa2823,Jisheng Jiang (jisheng3),scripts/campaign_a_orchestrator.py,MobileBERT_SST2,exp_mobilebert_sst2,campaign_nlp_mobilebert_p2c_c128,sp26-cs525-0601 (gateway),sp26-cs525-0605..0620 (triton),MobileBERT/SST-2,fail-slow (tc delay 50-200ms),2026-04-03T09:40:00.000-05:00,N/A,N/A,12682,",",utf-8,"timestamp,req_id,payload_bytes,policy,backend_id,status_code,e2e_ms,gateway_overhead_ms,",iso8601,microseconds,event-driven,float64,"latency: ms, payload: bytes",curated_release,EMPIRICAL_DERIVED,Derived and normalized request-level/benchmark tables produced from raw cluster runs.,keep_in_data_processed,HIGH,False
data/results_release/MobileBERT_SST2_p2c_pewma/raw_request_level/campaign_nlp_mobilebert_p2c_c32.csv,campaign_nlp_mobilebert_p2c_c32.csv,.csv,1868870,2101ad2258a6dcc57dd178e3ff19831d8fe9dac1b85649f23a7c4ec9b009378b,Jisheng Jiang (jisheng3),scripts/campaign_a_orchestrator.py,MobileBERT_SST2,exp_mobilebert_sst2,campaign_nlp_mobilebert_p2c_c32,sp26-cs525-0601 (gateway),sp26-cs525-0605..0620 (triton),MobileBERT/SST-2,fail-slow (tc delay 50-200ms),2026-04-03T09:00:00.000-05:00,N/A,N/A,19369,",",utf-8,"timestamp,req_id,payload_bytes,policy,backend_id,status_code,e2e_ms,gateway_overhead_ms,",iso8601,microseconds,event-driven,float64,"latency: ms, payload: bytes",curated_release,EMPIRICAL_DERIVED,Derived and normalized request-level/benchmark tables produced from raw cluster runs.,keep_in_data_processed,HIGH,False
data/results_release/MobileBERT_SST2_p2c_pewma/raw_request_level/campaign_nlp_mobilebert_p2c_c48.csv,campaign_nlp_mobilebert_p2c_c48.csv,.csv,1895301,9a456d86ceb37e2b4ea0235859718e16e5369b51dfadfdb1e8468e80c7ab22d4,Jisheng Jiang (jisheng3),scripts/campaign_a_orchestrator.py,MobileBERT_SST2,exp_mobilebert_sst2,campaign_nlp_mobilebert_p2c_c48,sp26-cs525-0601 (gateway),sp26-cs525-0605..0620 (triton),MobileBERT/SST-2,fail-slow (tc delay 50-200ms),2026-04-03T09:10:00.000-05:00,N/A,N/A,19603,",",utf-8,"timestamp,req_id,payload_bytes,policy,backend_id,status_code,e2e_ms,gateway_overhead_ms,",iso8601,microseconds,event-driven,float64,"latency: ms, payload: bytes",curated_release,EMPIRICAL_DERIVED,Derived and normalized request-level/benchmark tables produced from raw cluster runs.,keep_in_data_processed,HIGH,False
data/results_release/MobileBERT_SST2_p2c_pewma/raw_request_level/campaign_nlp_mobilebert_p2c_c64.csv,campaign_nlp_mobilebert_p2c_c64.csv,.csv,1754538,ee33ce3f3c07218da942a383d0bcb0cb6c25db99629ef0c500f1e7967bafbdc7,Jisheng Jiang (jisheng3),scripts/campaign_a_orchestrator.py,MobileBERT_SST2,exp_mobilebert_sst2,campaign_nlp_mobilebert_p2c_c64,sp26-cs525-0601 (gateway),sp26-cs525-0605..0620 (triton),MobileBERT/SST-2,fail-slow (tc delay 50-200ms),2026-04-03T09:20:00.000-05:00,N/A,N/A,18082,",",utf-8,"timestamp,req_id,payload_bytes,policy,backend_id,status_code,e2e_ms,gateway_overhead_ms,",iso8601,microseconds,event-driven,float64,"latency: ms, payload: bytes",curated_release,EMPIRICAL_DERIVED,Derived and normalized request-level/benchmark tables produced from raw cluster runs.,keep_in_data_processed,HIGH,False
data/results_release/MobileBERT_SST2_p2c_pewma/raw_request_level/campaign_nlp_mobilebert_p2c_c96.csv,campaign_nlp_mobilebert_p2c_c96.csv,.csv,1510543,f4ca26de9c36fc4eb710e0faafce86a46bea4b3c509bed1c116e9d9690706537,Jisheng Jiang (jisheng3),scripts/campaign_a_orchestrator.py,MobileBERT_SST2,exp_mobilebert_sst2,campaign_nlp_mobilebert_p2c_c96,sp26-cs525-0601 (gateway),sp26-cs525-0605..0620 (triton),MobileBERT/SST-2,fail-slow (tc delay 50-200ms),2026-04-03T09:30:00.000-05:00,N/A,N/A,15469,",",utf-8,"timestamp,req_id,payload_bytes,policy,backend_id,status_code,e2e_ms,gateway_overhead_ms,",iso8601,microseconds,event-driven,float64,"latency: ms, payload: bytes",curated_release,EMPIRICAL_DERIVED,Derived and normalized request-level/benchmark tables produced from raw cluster runs.,keep_in_data_processed,HIGH,False
data/results_release/MobileBERT_SST2_p2c_pewma/summary/summary_mobilebert_p2c.csv,summary_mobilebert_p2c.csv,.csv,456,dc2750c24c1e81ff6c9e467253ee25022bfa6cc081470751ceb2369538ba9ab0,Jisheng Jiang (jisheng3),scripts/campaign_a_orchestrator.py,MobileBERT_SST2,exp_mobilebert_sst2,summary_mobilebert_p2c,sp26-cs525-0601 (gateway),sp26-cs525-0605..0620 (triton),MobileBERT/SST-2,fail-slow (tc delay 50-200ms),N/A,N/A,N/A,5,",",utf-8,"mode,concurrency,total_requests,success_rate,rps,avg_ms,p95_ms,p99_ms,",relative_seconds,microseconds,event-driven,float64,"latency: ms, payload: bytes",curated_release,EMPIRICAL_DERIVED,Derived and normalized request-level/benchmark tables produced from raw cluster runs.,keep_in_data_processed,HIGH,False
data/results_release/MobileBERT_SST2_round_robin/benchmark/benchmark_mobilebert_rr.json,benchmark_mobilebert_rr.json,.json,196,df2e076c413731a00a10d0109d9f691e8e19fdc7458351151567f4ed1447190f,Jisheng Jiang (jisheng3),scripts/campaign_a_orchestrator.py,MobileBERT_SST2,exp_mobilebert_sst2,benchmark_mobilebert_rr,sp26-cs525-0601 (gateway),sp26-cs525-0605..0620 (triton),MobileBERT/SST-2,fail-slow (tc delay 50-200ms),N/A,N/A,N/A,6,N/A,utf-8,mode|aggregation|p99_ms|avg_ms|rps|total_requests,relative_seconds,microseconds,event-driven,float64,"latency: ms, payload: bytes",curated_release,EMPIRICAL_DERIVED,Derived and normalized request-level/benchmark tables produced from raw cluster runs.,keep_in_data_processed,HIGH,False
data/results_release/MobileBERT_SST2_round_robin/metadata/manifest_release.json,manifest_release.json,.json,433,b9e17965a2aca28615b0c39e49d38a7ee16df48d0a7e7a713f40f1f0a906a921,Jisheng Jiang (jisheng3),scripts/campaign_a_orchestrator.py,MobileBERT_SST2,exp_mobilebert_sst2,manifest_release,sp26-cs525-0601 (gateway),sp26-cs525-0605..0620 (triton),Cluster Telemetry,fail-slow (tc delay 50-200ms),N/A,N/A,N/A,8,N/A,utf-8,experiment_name|model|dataset|framework_mode|experiment_type|concurrency_levels|schema_version|file_counts,relative_seconds,microseconds,event-driven,float64,"latency: ms, payload: bytes",curated_release,EMPIRICAL_DERIVED,Derived and normalized request-level/benchmark tables produced from raw cluster runs.,keep_in_data_processed,HIGH,False
data/results_release/MobileBERT_SST2_round_robin/metadata/README_RELEASE.txt,README_RELEASE.txt,.txt,378,34f4d8aa7b0ce5edf5ace626b3613faba213fe2bde8cb5fac4ef102563103dcf,Jisheng Jiang (jisheng3),scripts/campaign_a_orchestrator.py,MobileBERT_SST2,exp_mobilebert_sst2,README_RELEASE,sp26-cs525-0601 (gateway),sp26-cs525-0605..0620 (triton),Cluster Telemetry,fail-slow (tc delay 50-200ms),N/A,N/A,N/A,0,N/A,utf-8,N/A,relative_seconds,microseconds,event-driven,float64,"latency: ms, payload: bytes",curated_release,EMPIRICAL_DERIVED,Derived and normalized request-level/benchmark tables produced from raw cluster runs.,keep_in_data_processed,HIGH,False
data/results_release/MobileBERT_SST2_round_robin/normalized_request_level/campaign_nlp_mobilebert_rr_c128.csv,campaign_nlp_mobilebert_rr_c128.csv,.csv,2393829,becd289e4d06d531491e31b58519cceaa0c110a15220b6b9cd51f8903cc372e0,Jisheng Jiang (jisheng3),scripts/campaign_a_orchestrator.py,MobileBERT_SST2,exp_mobilebert_sst2,campaign_nlp_mobilebert_rr_c128,sp26-cs525-0601 (gateway),sp26-cs525-0605..0620 (triton),MobileBERT/SST-2,fail-slow (tc delay 50-200ms),2026-04-03T12:40:00.031,N/A,N/A,14640,",",utf-8,"timestamp,req_id,payload_bytes,policy,backend_id,status_code,e2e_ms,gateway_overhead_ms,error_body,backend_id_normalized,timestamp_raw,t_rel_s,strategy",iso8601,microseconds,event-driven,float64,"latency: ms, payload: bytes",curated_release,EMPIRICAL_DERIVED,Derived and normalized request-level/benchmark tables produced from raw cluster runs.,keep_in_data_processed,HIGH,False
data/results_release/MobileBERT_SST2_round_robin/normalized_request_level/campaign_nlp_mobilebert_rr_c32.csv,campaign_nlp_mobilebert_rr_c32.csv,.csv,2035821,a92aa96788880161b437e100c2b2e791f861d0055d26d101b030bc54d26ebd05,Jisheng Jiang (jisheng3),scripts/campaign_a_orchestrator.py,MobileBERT_SST2,exp_mobilebert_sst2,campaign_nlp_mobilebert_rr_c32,sp26-cs525-0601 (gateway),sp26-cs525-0605..0620 (triton),MobileBERT/SST-2,fail-slow (tc delay 50-200ms),2026-04-03T12:00:00.012,N/A,N/A,12600,",",utf-8,"timestamp,req_id,payload_bytes,policy,backend_id,status_code,e2e_ms,gateway_overhead_ms,error_body,backend_id_normalized,timestamp_raw,t_rel_s,strategy",iso8601,microseconds,event-driven,float64,"latency: ms, payload: bytes",curated_release,EMPIRICAL_DERIVED,Derived and normalized request-level/benchmark tables produced from raw cluster runs.,keep_in_data_processed,HIGH,False
data/results_release/MobileBERT_SST2_round_robin/normalized_request_level/campaign_nlp_mobilebert_rr_c48.csv,campaign_nlp_mobilebert_rr_c48.csv,.csv,2193237,70c92bda194e22f19f5b9dce498fb0dbc33b6d0176b643ebdbab2e85d765ad13,Jisheng Jiang (jisheng3),scripts/campaign_a_orchestrator.py,MobileBERT_SST2,exp_mobilebert_sst2,campaign_nlp_mobilebert_rr_c48,sp26-cs525-0601 (gateway),sp26-cs525-0605..0620 (triton),MobileBERT/SST-2,fail-slow (tc delay 50-200ms),2026-04-03T12:10:00.000,N/A,N/A,13560,",",utf-8,"timestamp,req_id,payload_bytes,policy,backend_id,status_code,e2e_ms,gateway_overhead_ms,error_body,backend_id_normalized,timestamp_raw,t_rel_s,strategy",iso8601,microseconds,event-driven,float64,"latency: ms, payload: bytes",curated_release,EMPIRICAL_DERIVED,Derived and normalized request-level/benchmark tables produced from raw cluster runs.,keep_in_data_processed,HIGH,False
data/results_release/MobileBERT_SST2_round_robin/normalized_request_level/campaign_nlp_mobilebert_rr_c64.csv,campaign_nlp_mobilebert_rr_c64.csv,.csv,2261503,8efefded906e817825268d46e48215e2eb24b1a4dca8044ca284d80da47e996f,Jisheng Jiang (jisheng3),scripts/campaign_a_orchestrator.py,MobileBERT_SST2,exp_mobilebert_sst2,campaign_nlp_mobilebert_rr_c64,sp26-cs525-0601 (gateway),sp26-cs525-0605..0620 (triton),MobileBERT/SST-2,fail-slow (tc delay 50-200ms),2026-04-03T12:20:00.007,N/A,N/A,13950,",",utf-8,"timestamp,req_id,payload_bytes,policy,backend_id,status_code,e2e_ms,gateway_overhead_ms,error_body,backend_id_normalized,timestamp_raw,t_rel_s,strategy",iso8601,microseconds,event-driven,float64,"latency: ms, payload: bytes",curated_release,EMPIRICAL_DERIVED,Derived and normalized request-level/benchmark tables produced from raw cluster runs.,keep_in_data_processed,HIGH,False
data/results_release/MobileBERT_SST2_round_robin/normalized_request_level/campaign_nlp_mobilebert_rr_c96.csv,campaign_nlp_mobilebert_rr_c96.csv,.csv,2329801,95bdfa0612cea7b1112355d709df84eaaccbe1d3850e4fb82c969cdc968054a6,Jisheng Jiang (jisheng3),scripts/campaign_a_orchestrator.py,MobileBERT_SST2,exp_mobilebert_sst2,campaign_nlp_mobilebert_rr_c96,sp26-cs525-0601 (gateway),sp26-cs525-0605..0620 (triton),MobileBERT/SST-2,fail-slow (tc delay 50-200ms),2026-04-03T12:30:00.011,N/A,N/A,14340,",",utf-8,"timestamp,req_id,payload_bytes,policy,backend_id,status_code,e2e_ms,gateway_overhead_ms,error_body,backend_id_normalized,timestamp_raw,t_rel_s,strategy",iso8601,microseconds,event-driven,float64,"latency: ms, payload: bytes",curated_release,EMPIRICAL_DERIVED,Derived and normalized request-level/benchmark tables produced from raw cluster runs.,keep_in_data_processed,HIGH,False
data/results_release/MobileBERT_SST2_round_robin/raw_request_level/campaign_nlp_mobilebert_rr_c128.csv,campaign_nlp_mobilebert_rr_c128.csv,.csv,1288586,dc4f575b6ea573b8369fed86eb8673739b6966d00d4dacd04bde5ed32673d946,Jisheng Jiang (jisheng3),scripts/campaign_a_orchestrator.py,MobileBERT_SST2,exp_mobilebert_sst2,campaign_nlp_mobilebert_rr_c128,sp26-cs525-0601 (gateway),sp26-cs525-0605..0620 (triton),MobileBERT/SST-2,fail-slow (tc delay 50-200ms),2026-04-03T12:40:00.031,N/A,N/A,14640,",",utf-8,"timestamp,req_id,payload_bytes,policy,backend_id,status_code,e2e_ms,gateway_overhead_ms,",iso8601,microseconds,event-driven,float64,"latency: ms, payload: bytes",curated_release,EMPIRICAL_DERIVED,Derived and normalized request-level/benchmark tables produced from raw cluster runs.,keep_in_data_processed,HIGH,False
data/results_release/MobileBERT_SST2_round_robin/raw_request_level/campaign_nlp_mobilebert_rr_c32.csv,campaign_nlp_mobilebert_rr_c32.csv,.csv,1084239,68a9b7df3b79285f80f7c6f9ec38359b17a2306d4a892a6372d2efb37b81c43f,Jisheng Jiang (jisheng3),scripts/campaign_a_orchestrator.py,MobileBERT_SST2,exp_mobilebert_sst2,campaign_nlp_mobilebert_rr_c32,sp26-cs525-0601 (gateway),sp26-cs525-0605..0620 (triton),MobileBERT/SST-2,fail-slow (tc delay 50-200ms),2026-04-03T12:00:00.012,N/A,N/A,12600,",",utf-8,"timestamp,req_id,payload_bytes,policy,backend_id,status_code,e2e_ms,gateway_overhead_ms,",iso8601,microseconds,event-driven,float64,"latency: ms, payload: bytes",curated_release,EMPIRICAL_DERIVED,Derived and normalized request-level/benchmark tables produced from raw cluster runs.,keep_in_data_processed,HIGH,False
data/results_release/MobileBERT_SST2_round_robin/raw_request_level/campaign_nlp_mobilebert_rr_c48.csv,campaign_nlp_mobilebert_rr_c48.csv,.csv,1169156,6ac1b3a0c65cb58dc120d8335287fa4f8e48ba981c8c19df5cbe1c320f978c0b,Jisheng Jiang (jisheng3),scripts/campaign_a_orchestrator.py,MobileBERT_SST2,exp_mobilebert_sst2,campaign_nlp_mobilebert_rr_c48,sp26-cs525-0601 (gateway),sp26-cs525-0605..0620 (triton),MobileBERT/SST-2,fail-slow (tc delay 50-200ms),2026-04-03T12:10:00.000,N/A,N/A,13560,",",utf-8,"timestamp,req_id,payload_bytes,policy,backend_id,status_code,e2e_ms,gateway_overhead_ms,",iso8601,microseconds,event-driven,float64,"latency: ms, payload: bytes",curated_release,EMPIRICAL_DERIVED,Derived and normalized request-level/benchmark tables produced from raw cluster runs.,keep_in_data_processed,HIGH,False
data/results_release/MobileBERT_SST2_round_robin/raw_request_level/campaign_nlp_mobilebert_rr_c64.csv,campaign_nlp_mobilebert_rr_c64.csv,.csv,1208038,a65c1e3196d6e7ba6ab56b9576c25ccbe0533eef67f2772c0ef3592295ca8141,Jisheng Jiang (jisheng3),scripts/campaign_a_orchestrator.py,MobileBERT_SST2,exp_mobilebert_sst2,campaign_nlp_mobilebert_rr_c64,sp26-cs525-0601 (gateway),sp26-cs525-0605..0620 (triton),MobileBERT/SST-2,fail-slow (tc delay 50-200ms),2026-04-03T12:20:00.007,N/A,N/A,13950,",",utf-8,"timestamp,req_id,payload_bytes,policy,backend_id,status_code,e2e_ms,gateway_overhead_ms,",iso8601,microseconds,event-driven,float64,"latency: ms, payload: bytes",curated_release,EMPIRICAL_DERIVED,Derived and normalized request-level/benchmark tables produced from raw cluster runs.,keep_in_data_processed,HIGH,False
data/results_release/MobileBERT_SST2_round_robin/raw_request_level/campaign_nlp_mobilebert_rr_c96.csv,campaign_nlp_mobilebert_rr_c96.csv,.csv,1247043,358c92cfdf7f5890a9448e45ecb33a0d09359030503e26de53b9ec1848e80e35,Jisheng Jiang (jisheng3),scripts/campaign_a_orchestrator.py,MobileBERT_SST2,exp_mobilebert_sst2,campaign_nlp_mobilebert_rr_c96,sp26-cs525-0601 (gateway),sp26-cs525-0605..0620 (triton),MobileBERT/SST-2,fail-slow (tc delay 50-200ms),2026-04-03T12:30:00.011,N/A,N/A,14340,",",utf-8,"timestamp,req_id,payload_bytes,policy,backend_id,status_code,e2e_ms,gateway_overhead_ms,",iso8601,microseconds,event-driven,float64,"latency: ms, payload: bytes",curated_release,EMPIRICAL_DERIVED,Derived and normalized request-level/benchmark tables produced from raw cluster runs.,keep_in_data_processed,HIGH,False
data/results_release/MobileBERT_SST2_round_robin/summary/summary_mobilebert_rr.csv,summary_mobilebert_rr.csv,.csv,417,4478624d26cc1b1ece5dc5d45ba27c3837620132478963938bd6602038ce5366,Jisheng Jiang (jisheng3),scripts/campaign_a_orchestrator.py,MobileBERT_SST2,exp_mobilebert_sst2,summary_mobilebert_rr,sp26-cs525-0601 (gateway),sp26-cs525-0605..0620 (triton),MobileBERT/SST-2,fail-slow (tc delay 50-200ms),N/A,N/A,N/A,5,",",utf-8,"mode,concurrency,total_requests,success_rate,rps,avg_ms,p95_ms,p99_ms,",relative_seconds,microseconds,event-driven,float64,"latency: ms, payload: bytes",curated_release,EMPIRICAL_DERIVED,Derived and normalized request-level/benchmark tables produced from raw cluster runs.,keep_in_data_processed,HIGH,False
data/results_release/MobileBERT_SST2_tri_cb/benchmark/benchmark_mobilebert_tricb.json,benchmark_mobilebert_tricb.json,.json,99,ed259b34e7031e1268bfa5667b1480e34958c628a474921c33e643c12249d0cf,Jisheng Jiang (jisheng3),scripts/campaign_a_orchestrator.py,MobileBERT_SST2,exp_mobilebert_sst2,benchmark_mobilebert_tricb,sp26-cs525-0601 (gateway),sp26-cs525-0605..0620 (triton),MobileBERT/SST-2,fail-slow (tc delay 50-200ms),N/A,N/A,N/A,4,N/A,utf-8,p99_ms|avg_ms|rps|total_requests,relative_seconds,microseconds,event-driven,float64,"latency: ms, payload: bytes",curated_release,EMPIRICAL_DERIVED,Derived and normalized request-level/benchmark tables produced from raw cluster runs.,keep_in_data_processed,HIGH,False
data/results_release/MobileBERT_SST2_tri_cb/metadata/manifest_release.json,manifest_release.json,.json,423,49a10c4825514153737e4a85f13dd45fb4c150061bc5143eb9ad355a7746c7c8,Jisheng Jiang (jisheng3),scripts/campaign_a_orchestrator.py,MobileBERT_SST2,exp_mobilebert_sst2,manifest_release,sp26-cs525-0601 (gateway),sp26-cs525-0605..0620 (triton),Cluster Telemetry,fail-slow (tc delay 50-200ms),N/A,N/A,N/A,8,N/A,utf-8,experiment_name|model|dataset|framework_mode|experiment_type|concurrency_levels|schema_version|file_counts,relative_seconds,microseconds,event-driven,float64,"latency: ms, payload: bytes",curated_release,EMPIRICAL_DERIVED,Derived and normalized request-level/benchmark tables produced from raw cluster runs.,keep_in_data_processed,HIGH,False
data/results_release/MobileBERT_SST2_tri_cb/metadata/README_RELEASE.txt,README_RELEASE.txt,.txt,368,608af6618c6b5f558f9bf75f9762a2795d08d1b4a4476490e225d06db7e32421,Jisheng Jiang (jisheng3),scripts/campaign_a_orchestrator.py,MobileBERT_SST2,exp_mobilebert_sst2,README_RELEASE,sp26-cs525-0601 (gateway),sp26-cs525-0605..0620 (triton),Cluster Telemetry,fail-slow (tc delay 50-200ms),N/A,N/A,N/A,0,N/A,utf-8,N/A,relative_seconds,microseconds,event-driven,float64,"latency: ms, payload: bytes",curated_release,EMPIRICAL_DERIVED,Derived and normalized request-level/benchmark tables produced from raw cluster runs.,keep_in_data_processed,HIGH,False
data/results_release/MobileBERT_SST2_tri_cb/normalized_request_level/campaign_nlp_mobilebert_tricb_c128.csv,campaign_nlp_mobilebert_tricb_c128.csv,.csv,17637502,1476c9297184a2b54038763b557706c3e3b3ea879973f6471c86c07c839211f8,Jisheng Jiang (jisheng3),scripts/campaign_a_orchestrator.py,MobileBERT_SST2,exp_mobilebert_sst2,campaign_nlp_mobilebert_tricb_c128,sp26-cs525-0601 (gateway),sp26-cs525-0605..0620 (triton),MobileBERT/SST-2,fail-slow (tc delay 50-200ms),2026-04-04T12:24:00Z,N/A,N/A,105744,",",utf-8,"timestamp,req_id,payload_bytes,policy,backend_id,status_code,e2e_ms,gateway_overhead_ms,error_body,backend_id_normalized,timestamp_raw,t_rel_s,strategy",iso8601,microseconds,event-driven,float64,"latency: ms, payload: bytes",curated_release,EMPIRICAL_DERIVED,Derived and normalized request-level/benchmark tables produced from raw cluster runs.,keep_in_data_processed,HIGH,False
data/results_release/MobileBERT_SST2_tri_cb/normalized_request_level/campaign_nlp_mobilebert_tricb_c32.csv,campaign_nlp_mobilebert_tricb_c32.csv,.csv,10191363,6425632fc4cddd54a00ea78b86af420cfa07b61bc07c93fed4b217ddf28fedd3,Jisheng Jiang (jisheng3),scripts/campaign_a_orchestrator.py,MobileBERT_SST2,exp_mobilebert_sst2,campaign_nlp_mobilebert_tricb_c32,sp26-cs525-0601 (gateway),sp26-cs525-0605..0620 (triton),MobileBERT/SST-2,fail-slow (tc delay 50-200ms),2026-04-04T12:00:00Z,N/A,N/A,61391,",",utf-8,"timestamp,req_id,payload_bytes,policy,backend_id,status_code,e2e_ms,gateway_overhead_ms,error_body,backend_id_normalized,timestamp_raw,t_rel_s,strategy",iso8601,microseconds,event-driven,float64,"latency: ms, payload: bytes",curated_release,EMPIRICAL_DERIVED,Derived and normalized request-level/benchmark tables produced from raw cluster runs.,keep_in_data_processed,HIGH,False
data/results_release/MobileBERT_SST2_tri_cb/normalized_request_level/campaign_nlp_mobilebert_tricb_c48.csv,campaign_nlp_mobilebert_tricb_c48.csv,.csv,13356321,f98c463dc85dcab9dbad84fe1d8f7532b871950c86d5cff5cf8edf09c15f768c,Jisheng Jiang (jisheng3),scripts/campaign_a_orchestrator.py,MobileBERT_SST2,exp_mobilebert_sst2,campaign_nlp_mobilebert_tricb_c48,sp26-cs525-0601 (gateway),sp26-cs525-0605..0620 (triton),MobileBERT/SST-2,fail-slow (tc delay 50-200ms),2026-04-04T12:06:00Z,N/A,N/A,80382,",",utf-8,"timestamp,req_id,payload_bytes,policy,backend_id,status_code,e2e_ms,gateway_overhead_ms,error_body,backend_id_normalized,timestamp_raw,t_rel_s,strategy",iso8601,microseconds,event-driven,float64,"latency: ms, payload: bytes",curated_release,EMPIRICAL_DERIVED,Derived and normalized request-level/benchmark tables produced from raw cluster runs.,keep_in_data_processed,HIGH,False
data/results_release/MobileBERT_SST2_tri_cb/normalized_request_level/campaign_nlp_mobilebert_tricb_c64.csv,campaign_nlp_mobilebert_tricb_c64.csv,.csv,15229732,3f6b3859d079f89f3ad67467b151684f3b960efdf4b956750b9f6959e48237b6,Jisheng Jiang (jisheng3),scripts/campaign_a_orchestrator.py,MobileBERT_SST2,exp_mobilebert_sst2,campaign_nlp_mobilebert_tricb_c64,sp26-cs525-0601 (gateway),sp26-cs525-0605..0620 (triton),MobileBERT/SST-2,fail-slow (tc delay 50-200ms),2026-04-04T12:12:00Z,N/A,N/A,91581,",",utf-8,"timestamp,req_id,payload_bytes,policy,backend_id,status_code,e2e_ms,gateway_overhead_ms,error_body,backend_id_normalized,timestamp_raw,t_rel_s,strategy",iso8601,microseconds,event-driven,float64,"latency: ms, payload: bytes",curated_release,EMPIRICAL_DERIVED,Derived and normalized request-level/benchmark tables produced from raw cluster runs.,keep_in_data_processed,HIGH,False
data/results_release/MobileBERT_SST2_tri_cb/normalized_request_level/campaign_nlp_mobilebert_tricb_c96.csv,campaign_nlp_mobilebert_tricb_c96.csv,.csv,16633703,abfa67d765806df7bfdef50e1196c07cc6ab04caaca3c5aeab0ebf93a69c2a24,Jisheng Jiang (jisheng3),scripts/campaign_a_orchestrator.py,MobileBERT_SST2,exp_mobilebert_sst2,campaign_nlp_mobilebert_tricb_c96,sp26-cs525-0601 (gateway),sp26-cs525-0605..0620 (triton),MobileBERT/SST-2,fail-slow (tc delay 50-200ms),2026-04-04T12:18:00Z,N/A,N/A,99860,",",utf-8,"timestamp,req_id,payload_bytes,policy,backend_id,status_code,e2e_ms,gateway_overhead_ms,error_body,backend_id_normalized,timestamp_raw,t_rel_s,strategy",iso8601,microseconds,event-driven,float64,"latency: ms, payload: bytes",curated_release,EMPIRICAL_DERIVED,Derived and normalized request-level/benchmark tables produced from raw cluster runs.,keep_in_data_processed,HIGH,False
data/results_release/MobileBERT_SST2_tri_cb/raw_request_level/campaign_nlp_mobilebert_tricb_c128.csv,campaign_nlp_mobilebert_tricb_c128.csv,.csv,9764575,f70c2d6a7ba45c1b7a0d9e35727bcb9dc2dd99db4d87f5a6e669531cbaa18df9,Jisheng Jiang (jisheng3),scripts/campaign_a_orchestrator.py,MobileBERT_SST2,exp_mobilebert_sst2,campaign_nlp_mobilebert_tricb_c128,sp26-cs525-0601 (gateway),sp26-cs525-0605..0620 (triton),MobileBERT/SST-2,fail-slow (tc delay 50-200ms),2026-04-04T12:24:00Z,N/A,N/A,105744,",",utf-8,"timestamp,req_id,payload_bytes,policy,backend_id,status_code,e2e_ms,gateway_overhead_ms,",iso8601,microseconds,event-driven,float64,"latency: ms, payload: bytes",curated_release,EMPIRICAL_DERIVED,Derived and normalized request-level/benchmark tables produced from raw cluster runs.,keep_in_data_processed,HIGH,False
data/results_release/MobileBERT_SST2_tri_cb/raw_request_level/campaign_nlp_mobilebert_tricb_c32.csv,campaign_nlp_mobilebert_tricb_c32.csv,.csv,5617143,ee0688ead4cee05028be357dba9c8db15a943db8bfc181c7a0c58e4a253c0a51,Jisheng Jiang (jisheng3),scripts/campaign_a_orchestrator.py,MobileBERT_SST2,exp_mobilebert_sst2,campaign_nlp_mobilebert_tricb_c32,sp26-cs525-0601 (gateway),sp26-cs525-0605..0620 (triton),MobileBERT/SST-2,fail-slow (tc delay 50-200ms),2026-04-04T12:00:00Z,N/A,N/A,61391,",",utf-8,"timestamp,req_id,payload_bytes,policy,backend_id,status_code,e2e_ms,gateway_overhead_ms,",iso8601,microseconds,event-driven,float64,"latency: ms, payload: bytes",curated_release,EMPIRICAL_DERIVED,Derived and normalized request-level/benchmark tables produced from raw cluster runs.,keep_in_data_processed,HIGH,False
data/results_release/MobileBERT_SST2_tri_cb/raw_request_level/campaign_nlp_mobilebert_tricb_c48.csv,campaign_nlp_mobilebert_tricb_c48.csv,.csv,7367729,e7d21eaac46d55fd8a0624a6ed8cd0a89b00fdffb71ad5054f45075cac2ef4e2,Jisheng Jiang (jisheng3),scripts/campaign_a_orchestrator.py,MobileBERT_SST2,exp_mobilebert_sst2,campaign_nlp_mobilebert_tricb_c48,sp26-cs525-0601 (gateway),sp26-cs525-0605..0620 (triton),MobileBERT/SST-2,fail-slow (tc delay 50-200ms),2026-04-04T12:06:00Z,N/A,N/A,80382,",",utf-8,"timestamp,req_id,payload_bytes,policy,backend_id,status_code,e2e_ms,gateway_overhead_ms,",iso8601,microseconds,event-driven,float64,"latency: ms, payload: bytes",curated_release,EMPIRICAL_DERIVED,Derived and normalized request-level/benchmark tables produced from raw cluster runs.,keep_in_data_processed,HIGH,False
data/results_release/MobileBERT_SST2_tri_cb/raw_request_level/campaign_nlp_mobilebert_tricb_c64.csv,campaign_nlp_mobilebert_tricb_c64.csv,.csv,8407337,cea6369877ffd58b8de56d1ac78b6d8226d5408b5e8f6fbfb0371c6efd455148,Jisheng Jiang (jisheng3),scripts/campaign_a_orchestrator.py,MobileBERT_SST2,exp_mobilebert_sst2,campaign_nlp_mobilebert_tricb_c64,sp26-cs525-0601 (gateway),sp26-cs525-0605..0620 (triton),MobileBERT/SST-2,fail-slow (tc delay 50-200ms),2026-04-04T12:12:00Z,N/A,N/A,91581,",",utf-8,"timestamp,req_id,payload_bytes,policy,backend_id,status_code,e2e_ms,gateway_overhead_ms,",iso8601,microseconds,event-driven,float64,"latency: ms, payload: bytes",curated_release,EMPIRICAL_DERIVED,Derived and normalized request-level/benchmark tables produced from raw cluster runs.,keep_in_data_processed,HIGH,False
data/results_release/MobileBERT_SST2_tri_cb/raw_request_level/campaign_nlp_mobilebert_tricb_c96.csv,campaign_nlp_mobilebert_tricb_c96.csv,.csv,9197948,2781fdb27f01cf0a91d3b686e62d81fa8b35aeddd7bfd5347b3eec8835a9bd9d,Jisheng Jiang (jisheng3),scripts/campaign_a_orchestrator.py,MobileBERT_SST2,exp_mobilebert_sst2,campaign_nlp_mobilebert_tricb_c96,sp26-cs525-0601 (gateway),sp26-cs525-0605..0620 (triton),MobileBERT/SST-2,fail-slow (tc delay 50-200ms),2026-04-04T12:18:00Z,N/A,N/A,99860,",",utf-8,"timestamp,req_id,payload_bytes,policy,backend_id,status_code,e2e_ms,gateway_overhead_ms,",iso8601,microseconds,event-driven,float64,"latency: ms, payload: bytes",curated_release,EMPIRICAL_DERIVED,Derived and normalized request-level/benchmark tables produced from raw cluster runs.,keep_in_data_processed,HIGH,False
data/results_release/MobileBERT_SST2_tri_cb/summary/summary_mobilebert_tricb.csv,summary_mobilebert_tricb.csv,.csv,391,fa1f5009241d7b91b0586f852161d8ff68eeb2b8070b4a3e3ab99cb9814b9dcd,Jisheng Jiang (jisheng3),scripts/campaign_a_orchestrator.py,MobileBERT_SST2,exp_mobilebert_sst2,summary_mobilebert_tricb,sp26-cs525-0601 (gateway),sp26-cs525-0605..0620 (triton),MobileBERT/SST-2,fail-slow (tc delay 50-200ms),N/A,N/A,N/A,5,",",utf-8,"mode,concurrency,total_requests,success_rate,rps,avg_ms,p95_ms,p99_ms,",relative_seconds,microseconds,event-driven,float64,"latency: ms, payload: bytes",curated_release,EMPIRICAL_DERIVED,Derived and normalized request-level/benchmark tables produced from raw cluster runs.,keep_in_data_processed,HIGH,False
data/results_release/ResNet50_CIFAR10_campaign_a_smart/benchmark/benchmark_smart.json,benchmark_smart.json,.json,125,cf459e237203dbf73c3bfc7c2aa240bf527f9e429bb34db7a31f3625464f6e96,Jisheng Jiang (jisheng3),scripts/campaign_a_orchestrator.py,ResNet50_CIFAR10,exp_resnet50_cifar10,benchmark_smart,sp26-cs525-0601 (gateway),sp26-cs525-0605..0620 (triton),Cluster Telemetry,fail-slow (tc delay 50-200ms),N/A,N/A,N/A,5,N/A,utf-8,model|p99_ms|avg_ms|rps|total_requests,relative_seconds,microseconds,event-driven,float64,"latency: ms, payload: bytes",curated_release,EMPIRICAL_DERIVED,Derived and normalized request-level/benchmark tables produced from raw cluster runs.,keep_in_data_processed,HIGH,False
data/results_release/ResNet50_CIFAR10_campaign_a_smart/metadata/manifest_release.json,manifest_release.json,.json,433,71b6f3246fe48458a7a4a10be94407fe7ad321d905d7a38c3bf7d2ec2188c54e,Jisheng Jiang (jisheng3),scripts/campaign_a_orchestrator.py,ResNet50_CIFAR10,exp_resnet50_cifar10,manifest_release,sp26-cs525-0601 (gateway),sp26-cs525-0605..0620 (triton),Cluster Telemetry,fail-slow (tc delay 50-200ms),N/A,N/A,N/A,8,N/A,utf-8,experiment_name|model|dataset|framework_mode|experiment_type|concurrency_levels|schema_version|file_counts,relative_seconds,microseconds,event-driven,float64,"latency: ms, payload: bytes",curated_release,EMPIRICAL_DERIVED,Derived and normalized request-level/benchmark tables produced from raw cluster runs.,keep_in_data_processed,HIGH,False
data/results_release/ResNet50_CIFAR10_campaign_a_smart/metadata/README_RELEASE.txt,README_RELEASE.txt,.txt,378,01a7d3de2550584ed1116ad0b0dc3d5552749bac201896ad26dc4bf5ab3eafe4,Jisheng Jiang (jisheng3),scripts/campaign_a_orchestrator.py,ResNet50_CIFAR10,exp_resnet50_cifar10,README_RELEASE,sp26-cs525-0601 (gateway),sp26-cs525-0605..0620 (triton),Cluster Telemetry,fail-slow (tc delay 50-200ms),N/A,N/A,N/A,0,N/A,utf-8,N/A,relative_seconds,microseconds,event-driven,float64,"latency: ms, payload: bytes",curated_release,EMPIRICAL_DERIVED,Derived and normalized request-level/benchmark tables produced from raw cluster runs.,keep_in_data_processed,HIGH,False
data/results_release/ResNet50_CIFAR10_campaign_a_smart/normalized_request_level/campaign_a_cv_c16.csv,campaign_a_cv_c16.csv,.csv,1186339,dc5acd4847763a66768d387c555e0b8286763eee46477816651ef5c19257b8af,Maojie Xu (maojiex2),archive/legacy_scripts/generate_telemetry_sim.py,ResNet50_CIFAR10,exp_resnet50_cifar10,campaign_a_cv_c16,localhost,vm05..vm20,ResNet-50/CIFAR-10,fail-slow (tc delay 50-200ms),1715000000.001482,N/A,N/A,8880,",",utf-8,"timestamp,req_id,payload_bytes,policy,backend_id,status_code,e2e_ms,gateway_overhead_ms,error_body,backend_id_normalized,timestamp_raw,t_rel_s,strategy",unix_epoch_float,microseconds,event-driven,float64,"latency: ms, payload: bytes",synthetic_prototype,SYNTHETIC_PROTOTYPE,"Contains SIMULATED_DATA tags, generic vmXX node names, or fixed synthetic timestamp baseline (1715000000).",archive_to_synthetic_prototypes,HIGH,False
data/results_release/ResNet50_CIFAR10_campaign_a_smart/normalized_request_level/campaign_a_cv_c24.csv,campaign_a_cv_c24.csv,.csv,1570982,5b3918ed84eea8eb518e279bf26f0d2d56068b5e973b42a62e1b78947d841e38,Jisheng Jiang (jisheng3),scripts/campaign_a_orchestrator.py,ResNet50_CIFAR10,exp_resnet50_cifar10,campaign_a_cv_c24,sp26-cs525-0601 (gateway),sp26-cs525-0605..0620 (triton),ResNet-50/CIFAR-10,fail-slow (tc delay 50-200ms),1715001000.006569,N/A,N/A,11760,",",utf-8,"timestamp,req_id,payload_bytes,policy,backend_id,status_code,e2e_ms,gateway_overhead_ms,error_body,backend_id_normalized,timestamp_raw,t_rel_s,strategy",unix_epoch_float,microseconds,event-driven,float64,"latency: ms, payload: bytes",curated_release,EMPIRICAL_DERIVED,Derived and normalized request-level/benchmark tables produced from raw cluster runs.,keep_in_data_processed,HIGH,False
data/results_release/ResNet50_CIFAR10_campaign_a_smart/normalized_request_level/campaign_a_cv_c32.csv,campaign_a_cv_c32.csv,.csv,1828177,975a62df89e6b03db8a0604b0247f4ebf298e64941e0071de74867b35e9cf935,Jisheng Jiang (jisheng3),scripts/campaign_a_orchestrator.py,ResNet50_CIFAR10,exp_resnet50_cifar10,campaign_a_cv_c32,sp26-cs525-0601 (gateway),sp26-cs525-0605..0620 (triton),ResNet-50/CIFAR-10,fail-slow (tc delay 50-200ms),1715002000.0,N/A,N/A,13680,",",utf-8,"timestamp,req_id,payload_bytes,policy,backend_id,status_code,e2e_ms,gateway_overhead_ms,error_body,backend_id_normalized,timestamp_raw,t_rel_s,strategy",unix_epoch_float,microseconds,event-driven,float64,"latency: ms, payload: bytes",curated_release,EMPIRICAL_DERIVED,Derived and normalized request-level/benchmark tables produced from raw cluster runs.,keep_in_data_processed,HIGH,False
data/results_release/ResNet50_CIFAR10_campaign_a_smart/normalized_request_level/campaign_a_cv_c48.csv,campaign_a_cv_c48.csv,.csv,1943673,a92567b559ada47056261024688779b6f713b7633fa7fecca507bc31b851a8e5,Jisheng Jiang (jisheng3),scripts/campaign_a_orchestrator.py,ResNet50_CIFAR10,exp_resnet50_cifar10,campaign_a_cv_c48,sp26-cs525-0601 (gateway),sp26-cs525-0605..0620 (triton),ResNet-50/CIFAR-10,fail-slow (tc delay 50-200ms),1715003000.0,N/A,N/A,14520,",",utf-8,"timestamp,req_id,payload_bytes,policy,backend_id,status_code,e2e_ms,gateway_overhead_ms,error_body,backend_id_normalized,timestamp_raw,t_rel_s,strategy",unix_epoch_float,microseconds,event-driven,float64,"latency: ms, payload: bytes",curated_release,EMPIRICAL_DERIVED,Derived and normalized request-level/benchmark tables produced from raw cluster runs.,keep_in_data_processed,HIGH,False
data/results_release/ResNet50_CIFAR10_campaign_a_smart/normalized_request_level/campaign_a_cv_c64.csv,campaign_a_cv_c64.csv,.csv,1932009,760ad9399a2fd321a35809b13ae04494b42641bd244272cd4bdd400f7b6befdf,Jisheng Jiang (jisheng3),scripts/campaign_a_orchestrator.py,ResNet50_CIFAR10,exp_resnet50_cifar10,campaign_a_cv_c64,sp26-cs525-0601 (gateway),sp26-cs525-0605..0620 (triton),ResNet-50/CIFAR-10,fail-slow (tc delay 50-200ms),1715004000.0,N/A,N/A,14400,",",utf-8,"timestamp,req_id,payload_bytes,policy,backend_id,status_code,e2e_ms,gateway_overhead_ms,error_body,backend_id_normalized,timestamp_raw,t_rel_s,strategy",unix_epoch_float,microseconds,event-driven,float64,"latency: ms, payload: bytes",curated_release,EMPIRICAL_DERIVED,Derived and normalized request-level/benchmark tables produced from raw cluster runs.,keep_in_data_processed,HIGH,False
data/results_release/ResNet50_CIFAR10_campaign_a_smart/raw_request_level/campaign_a_cv_c16.csv,campaign_a_cv_c16.csv,.csv,639788,00c5fbf8d3f20840a80e4de4ba1c63ea44a44846c0a45418d282ebbf92071fee,Maojie Xu (maojiex2),archive/legacy_scripts/generate_telemetry_sim.py,ResNet50_CIFAR10,exp_resnet50_cifar10,campaign_a_cv_c16,localhost,vm05..vm20,ResNet-50/CIFAR-10,fail-slow (tc delay 50-200ms),1715000000.001482,N/A,N/A,8880,",",utf-8,"timestamp,req_id,payload_bytes,policy,backend_id,status_code,e2e_ms,gateway_overhead_ms,",unix_epoch_float,microseconds,event-driven,float64,"latency: ms, payload: bytes",synthetic_prototype,SYNTHETIC_PROTOTYPE,"Contains SIMULATED_DATA tags, generic vmXX node names, or fixed synthetic timestamp baseline (1715000000).",archive_to_synthetic_prototypes,HIGH,False
data/results_release/ResNet50_CIFAR10_campaign_a_smart/raw_request_level/campaign_a_cv_c24.csv,campaign_a_cv_c24.csv,.csv,847191,8cbb4e3c1caf8c811f9ca74345298c854c3d966caf5884dfbb97499562bf5372,Jisheng Jiang (jisheng3),scripts/campaign_a_orchestrator.py,ResNet50_CIFAR10,exp_resnet50_cifar10,campaign_a_cv_c24,sp26-cs525-0601 (gateway),sp26-cs525-0605..0620 (triton),ResNet-50/CIFAR-10,fail-slow (tc delay 50-200ms),1715001000.006569,N/A,N/A,11760,",",utf-8,"timestamp,req_id,payload_bytes,policy,backend_id,status_code,e2e_ms,gateway_overhead_ms,",unix_epoch_float,microseconds,event-driven,float64,"latency: ms, payload: bytes",curated_release,EMPIRICAL_DERIVED,Derived and normalized request-level/benchmark tables produced from raw cluster runs.,keep_in_data_processed,HIGH,False
data/results_release/ResNet50_CIFAR10_campaign_a_smart/raw_request_level/campaign_a_cv_c32.csv,campaign_a_cv_c32.csv,.csv,986225,4479d8a75f51572a3f5a01bfa1ab3b960b0dbe34bfcf45f673621f93cb4bffe1,Jisheng Jiang (jisheng3),scripts/campaign_a_orchestrator.py,ResNet50_CIFAR10,exp_resnet50_cifar10,campaign_a_cv_c32,sp26-cs525-0601 (gateway),sp26-cs525-0605..0620 (triton),ResNet-50/CIFAR-10,fail-slow (tc delay 50-200ms),1715002000.0,N/A,N/A,13680,",",utf-8,"timestamp,req_id,payload_bytes,policy,backend_id,status_code,e2e_ms,gateway_overhead_ms,",unix_epoch_float,microseconds,event-driven,float64,"latency: ms, payload: bytes",curated_release,EMPIRICAL_DERIVED,Derived and normalized request-level/benchmark tables produced from raw cluster runs.,keep_in_data_processed,HIGH,False
data/results_release/ResNet50_CIFAR10_campaign_a_smart/raw_request_level/campaign_a_cv_c48.csv,campaign_a_cv_c48.csv,.csv,1050025,25d7fde5afcbcfd99a17c45d4be59e85af796e609b7e17682a2049d59cf95021,Jisheng Jiang (jisheng3),scripts/campaign_a_orchestrator.py,ResNet50_CIFAR10,exp_resnet50_cifar10,campaign_a_cv_c48,sp26-cs525-0601 (gateway),sp26-cs525-0605..0620 (triton),ResNet-50/CIFAR-10,fail-slow (tc delay 50-200ms),1715003000.0,N/A,N/A,14520,",",utf-8,"timestamp,req_id,payload_bytes,policy,backend_id,status_code,e2e_ms,gateway_overhead_ms,",unix_epoch_float,microseconds,event-driven,float64,"latency: ms, payload: bytes",curated_release,EMPIRICAL_DERIVED,Derived and normalized request-level/benchmark tables produced from raw cluster runs.,keep_in_data_processed,HIGH,False
data/results_release/ResNet50_CIFAR10_campaign_a_smart/raw_request_level/campaign_a_cv_c64.csv,campaign_a_cv_c64.csv,.csv,1045746,253fa7ce7ec7384c122f78616ac4e59c04bdc51b8498c6e85e8c66d141277be7,Jisheng Jiang (jisheng3),scripts/campaign_a_orchestrator.py,ResNet50_CIFAR10,exp_resnet50_cifar10,campaign_a_cv_c64,sp26-cs525-0601 (gateway),sp26-cs525-0605..0620 (triton),ResNet-50/CIFAR-10,fail-slow (tc delay 50-200ms),1715004000.0,N/A,N/A,14400,",",utf-8,"timestamp,req_id,payload_bytes,policy,backend_id,status_code,e2e_ms,gateway_overhead_ms,",unix_epoch_float,microseconds,event-driven,float64,"latency: ms, payload: bytes",curated_release,EMPIRICAL_DERIVED,Derived and normalized request-level/benchmark tables produced from raw cluster runs.,keep_in_data_processed,HIGH,False
data/results_release/ResNet50_CIFAR10_campaign_a_smart/summary/summary_results.csv,summary_results.csv,.csv,347,9d74e1869ba2017f234d982109090130390358997ec3d16acaf519b539503708,Jisheng Jiang (jisheng3),scripts/campaign_a_orchestrator.py,ResNet50_CIFAR10,exp_resnet50_cifar10,summary_results,sp26-cs525-0601 (gateway),sp26-cs525-0605..0620 (triton),Cluster Telemetry,fail-slow (tc delay 50-200ms),N/A,N/A,N/A,5,",",utf-8,"mode,concurrency,total_requests,success_rate,rps,avg_ms,p95_ms,p99_ms,",relative_seconds,microseconds,event-driven,float64,"latency: ms, payload: bytes",curated_release,EMPIRICAL_DERIVED,Derived and normalized request-level/benchmark tables produced from raw cluster runs.,keep_in_data_processed,HIGH,False
data/results_release/ResNet50_CIFAR10_gateway_ablation/benchmark/benchmark_resnet_gatewaysmart.json,benchmark_resnet_gatewaysmart.json,.json,266,a139c6575863b4cf293cf79dba618e7185ce73c4b6e9b2ca235f4c00a6832c8a,Jisheng Jiang (jisheng3),scripts/campaign_a_orchestrator.py,ResNet50_CIFAR10,exp_resnet50_cifar10,benchmark_resnet_gatewaysmart,sp26-cs525-0601 (gateway),sp26-cs525-0605..0620 (triton),ResNet-50/CIFAR-10,fail-slow (tc delay 50-200ms),N/A,N/A,N/A,7,N/A,utf-8,campaign|aggregation_scope|mode|p99_ms|avg_ms|rps|total_requests,relative_seconds,microseconds,event-driven,float64,"latency: ms, payload: bytes",curated_release,EMPIRICAL_DERIVED,Derived and normalized request-level/benchmark tables produced from raw cluster runs.,keep_in_data_processed,HIGH,False
data/results_release/ResNet50_CIFAR10_gateway_ablation/benchmark/benchmark_resnet_gatewaystrawman.json,benchmark_resnet_gatewaystrawman.json,.json,271,58d9613689759951888c4fe8358c23a6950447289c746383d72c50e8f43e7334,Jisheng Jiang (jisheng3),scripts/campaign_a_orchestrator.py,ResNet50_CIFAR10,exp_resnet50_cifar10,benchmark_resnet_gatewaystrawman,sp26-cs525-0601 (gateway),sp26-cs525-0605..0620 (triton),ResNet-50/CIFAR-10,fail-slow (tc delay 50-200ms),N/A,N/A,N/A,7,N/A,utf-8,campaign|aggregation_scope|mode|p99_ms|avg_ms|rps|total_requests,relative_seconds,microseconds,event-driven,float64,"latency: ms, payload: bytes",curated_release,EMPIRICAL_DERIVED,Derived and normalized request-level/benchmark tables produced from raw cluster runs.,keep_in_data_processed,HIGH,False
data/results_release/ResNet50_CIFAR10_gateway_ablation/metadata/manifest_release.json,manifest_release.json,.json,456,7ac8c52331f0387aea594d3dc9093f998283e9f85a5933bf34061731061c1f20,Jisheng Jiang (jisheng3),scripts/campaign_a_orchestrator.py,ResNet50_CIFAR10,exp_resnet50_cifar10,manifest_release,sp26-cs525-0601 (gateway),sp26-cs525-0605..0620 (triton),Cluster Telemetry,fail-slow (tc delay 50-200ms),N/A,N/A,N/A,8,N/A,utf-8,experiment_name|model|dataset|framework_mode|experiment_type|concurrency_levels|schema_version|file_counts,relative_seconds,microseconds,event-driven,float64,"latency: ms, payload: bytes",curated_release,EMPIRICAL_DERIVED,Derived and normalized request-level/benchmark tables produced from raw cluster runs.,keep_in_data_processed,HIGH,False
data/results_release/ResNet50_CIFAR10_gateway_ablation/metadata/README_RELEASE.txt,README_RELEASE.txt,.txt,400,115cd8bd4eb2fb45ef439113412d69c15c4207b9a81f9899a91005e9d851d29c,Jisheng Jiang (jisheng3),scripts/campaign_a_orchestrator.py,ResNet50_CIFAR10,exp_resnet50_cifar10,README_RELEASE,sp26-cs525-0601 (gateway),sp26-cs525-0605..0620 (triton),Cluster Telemetry,fail-slow (tc delay 50-200ms),N/A,N/A,N/A,0,N/A,utf-8,N/A,relative_seconds,microseconds,event-driven,float64,"latency: ms, payload: bytes",curated_release,EMPIRICAL_DERIVED,Derived and normalized request-level/benchmark tables produced from raw cluster runs.,keep_in_data_processed,HIGH,False
data/results_release/ResNet50_CIFAR10_gateway_ablation/normalized_request_level/campaign_cv_resnet_gatewaysmart_c16.csv,campaign_cv_resnet_gatewaysmart_c16.csv,.csv,1761875,379f9dae7a6c8b391be9b590b3016853336bb4783324cc5416cd90b6b6164cc8,Jisheng Jiang (jisheng3),scripts/campaign_a_orchestrator.py,ResNet50_CIFAR10,exp_resnet50_cifar10,campaign_cv_resnet_gatewaysmart_c16,sp26-cs525-0601 (gateway),sp26-cs525-0605..0620 (triton),ResNet-50/CIFAR-10,fail-slow (tc delay 50-200ms),1775203200.0,N/A,N/A,10121,",",utf-8,"timestamp,req_id,payload_bytes,mode,backend_id,status_code,e2e_ms,gateway_overhead_ms,error_body,backend_id_normalized,timestamp_raw,t_rel_s,strategy",unix_epoch_float,microseconds,event-driven,float64,"latency: ms, payload: bytes",curated_release,EMPIRICAL_DERIVED,Derived and normalized request-level/benchmark tables produced from raw cluster runs.,keep_in_data_processed,HIGH,False
data/results_release/ResNet50_CIFAR10_gateway_ablation/normalized_request_level/campaign_cv_resnet_gatewaysmart_c24.csv,campaign_cv_resnet_gatewaysmart_c24.csv,.csv,1981971,8a64f083cebb8a923a93f9648fa1e51f6cfca27bdfa0ba421b17439046b1a0e2,Jisheng Jiang (jisheng3),scripts/campaign_a_orchestrator.py,ResNet50_CIFAR10,exp_resnet50_cifar10,campaign_cv_resnet_gatewaysmart_c24,sp26-cs525-0601 (gateway),sp26-cs525-0605..0620 (triton),ResNet-50/CIFAR-10,fail-slow (tc delay 50-200ms),1775206800.0,N/A,N/A,11386,",",utf-8,"timestamp,req_id,payload_bytes,mode,backend_id,status_code,e2e_ms,gateway_overhead_ms,error_body,backend_id_normalized,timestamp_raw,t_rel_s,strategy",unix_epoch_float,microseconds,event-driven,float64,"latency: ms, payload: bytes",curated_release,EMPIRICAL_DERIVED,Derived and normalized request-level/benchmark tables produced from raw cluster runs.,keep_in_data_processed,HIGH,False
data/results_release/ResNet50_CIFAR10_gateway_ablation/normalized_request_level/campaign_cv_resnet_gatewaysmart_c32.csv,campaign_cv_resnet_gatewaysmart_c32.csv,.csv,2094858,118380a38052cca3243fc052a802cca5205f0f1c73d9603cc51c026fd201a4de,Jisheng Jiang (jisheng3),scripts/campaign_a_orchestrator.py,ResNet50_CIFAR10,exp_resnet50_cifar10,campaign_cv_resnet_gatewaysmart_c32,sp26-cs525-0601 (gateway),sp26-cs525-0605..0620 (triton),ResNet-50/CIFAR-10,fail-slow (tc delay 50-200ms),1775210400.0,N/A,N/A,12027,",",utf-8,"timestamp,req_id,payload_bytes,mode,backend_id,status_code,e2e_ms,gateway_overhead_ms,error_body,backend_id_normalized,timestamp_raw,t_rel_s,strategy",unix_epoch_float,microseconds,event-driven,float64,"latency: ms, payload: bytes",curated_release,EMPIRICAL_DERIVED,Derived and normalized request-level/benchmark tables produced from raw cluster runs.,keep_in_data_processed,HIGH,False
data/results_release/ResNet50_CIFAR10_gateway_ablation/normalized_request_level/campaign_cv_resnet_gatewaysmart_c48.csv,campaign_cv_resnet_gatewaysmart_c48.csv,.csv,2141539,6ecfd3366383f96fa9ef32e74b25a32af23d33fabc74e088a722e6e3a2b9e319,Jisheng Jiang (jisheng3),scripts/campaign_a_orchestrator.py,ResNet50_CIFAR10,exp_resnet50_cifar10,campaign_cv_resnet_gatewaysmart_c48,sp26-cs525-0601 (gateway),sp26-cs525-0605..0620 (triton),ResNet-50/CIFAR-10,fail-slow (tc delay 50-200ms),1775214000.0,N/A,N/A,12249,",",utf-8,"timestamp,req_id,payload_bytes,mode,backend_id,status_code,e2e_ms,gateway_overhead_ms,error_body,backend_id_normalized,timestamp_raw,t_rel_s,strategy",unix_epoch_float,microseconds,event-driven,float64,"latency: ms, payload: bytes",curated_release,EMPIRICAL_DERIVED,Derived and normalized request-level/benchmark tables produced from raw cluster runs.,keep_in_data_processed,HIGH,False
data/results_release/ResNet50_CIFAR10_gateway_ablation/normalized_request_level/campaign_cv_resnet_gatewaysmart_c64.csv,campaign_cv_resnet_gatewaysmart_c64.csv,.csv,2100603,4503cb01edb0e71a569fbef4386648f1cfea35185284c55109162a756af02495,Jisheng Jiang (jisheng3),scripts/campaign_a_orchestrator.py,ResNet50_CIFAR10,exp_resnet50_cifar10,campaign_cv_resnet_gatewaysmart_c64,sp26-cs525-0601 (gateway),sp26-cs525-0605..0620 (triton),ResNet-50/CIFAR-10,fail-slow (tc delay 50-200ms),1775217600.0,N/A,N/A,11977,",",utf-8,"timestamp,req_id,payload_bytes,mode,backend_id,status_code,e2e_ms,gateway_overhead_ms,error_body,backend_id_normalized,timestamp_raw,t_rel_s,strategy",unix_epoch_float,microseconds,event-driven,float64,"latency: ms, payload: bytes",curated_release,EMPIRICAL_DERIVED,Derived and normalized request-level/benchmark tables produced from raw cluster runs.,keep_in_data_processed,HIGH,False
data/results_release/ResNet50_CIFAR10_gateway_ablation/normalized_request_level/campaign_cv_resnet_gatewaystrawman_c16.csv,campaign_cv_resnet_gatewaystrawman_c16.csv,.csv,1786096,94935c5f7fc0ef9cff9fcf4ffb45155feb102fdc07dc18d6ee17934020a6716a,Jisheng Jiang (jisheng3),scripts/campaign_a_orchestrator.py,ResNet50_CIFAR10,exp_resnet50_cifar10,campaign_cv_resnet_gatewaystrawman_c16,sp26-cs525-0601 (gateway),sp26-cs525-0605..0620 (triton),ResNet-50/CIFAR-10,fail-slow (tc delay 50-200ms),1775205000.0,N/A,N/A,9883,",",utf-8,"timestamp,req_id,payload_bytes,mode,backend_id,status_code,e2e_ms,gateway_overhead_ms,error_body,backend_id_normalized,timestamp_raw,t_rel_s,strategy",unix_epoch_float,microseconds,event-driven,float64,"latency: ms, payload: bytes",curated_release,EMPIRICAL_DERIVED,Derived and normalized request-level/benchmark tables produced from raw cluster runs.,keep_in_data_processed,HIGH,False
data/results_release/ResNet50_CIFAR10_gateway_ablation/normalized_request_level/campaign_cv_resnet_gatewaystrawman_c24.csv,campaign_cv_resnet_gatewaystrawman_c24.csv,.csv,2008735,f9763293183e64636b960c915fd39e96a4d94e769fe9fc9101dc8502fe6cee17,Jisheng Jiang (jisheng3),scripts/campaign_a_orchestrator.py,ResNet50_CIFAR10,exp_resnet50_cifar10,campaign_cv_resnet_gatewaystrawman_c24,sp26-cs525-0601 (gateway),sp26-cs525-0605..0620 (triton),ResNet-50/CIFAR-10,fail-slow (tc delay 50-200ms),1775208600.0,N/A,N/A,11099,",",utf-8,"timestamp,req_id,payload_bytes,mode,backend_id,status_code,e2e_ms,gateway_overhead_ms,error_body,backend_id_normalized,timestamp_raw,t_rel_s,strategy",unix_epoch_float,microseconds,event-driven,float64,"latency: ms, payload: bytes",curated_release,EMPIRICAL_DERIVED,Derived and normalized request-level/benchmark tables produced from raw cluster runs.,keep_in_data_processed,HIGH,False
data/results_release/ResNet50_CIFAR10_gateway_ablation/normalized_request_level/campaign_cv_resnet_gatewaystrawman_c32.csv,campaign_cv_resnet_gatewaystrawman_c32.csv,.csv,2072247,70c77bb811324d974a7b21ff87fab2bce739c4b6c3dcd3d042c67e870c7186f4,Jisheng Jiang (jisheng3),scripts/campaign_a_orchestrator.py,ResNet50_CIFAR10,exp_resnet50_cifar10,campaign_cv_resnet_gatewaystrawman_c32,sp26-cs525-0601 (gateway),sp26-cs525-0605..0620 (triton),ResNet-50/CIFAR-10,fail-slow (tc delay 50-200ms),1775212200.0,N/A,N/A,11438,",",utf-8,"timestamp,req_id,payload_bytes,mode,backend_id,status_code,e2e_ms,gateway_overhead_ms,error_body,backend_id_normalized,timestamp_raw,t_rel_s,strategy",unix_epoch_float,microseconds,event-driven,float64,"latency: ms, payload: bytes",curated_release,EMPIRICAL_DERIVED,Derived and normalized request-level/benchmark tables produced from raw cluster runs.,keep_in_data_processed,HIGH,False
data/results_release/ResNet50_CIFAR10_gateway_ablation/normalized_request_level/campaign_cv_resnet_gatewaystrawman_c48.csv,campaign_cv_resnet_gatewaystrawman_c48.csv,.csv,2067335,6635e27b83f37fd18ee272b4fe0c83147f68e32ca10797c515530683b0c15c56,Jisheng Jiang (jisheng3),scripts/campaign_a_orchestrator.py,ResNet50_CIFAR10,exp_resnet50_cifar10,campaign_cv_resnet_gatewaystrawman_c48,sp26-cs525-0601 (gateway),sp26-cs525-0605..0620 (triton),ResNet-50/CIFAR-10,fail-slow (tc delay 50-200ms),1775215800.0,N/A,N/A,11380,",",utf-8,"timestamp,req_id,payload_bytes,mode,backend_id,status_code,e2e_ms,gateway_overhead_ms,error_body,backend_id_normalized,timestamp_raw,t_rel_s,strategy",unix_epoch_float,microseconds,event-driven,float64,"latency: ms, payload: bytes",curated_release,EMPIRICAL_DERIVED,Derived and normalized request-level/benchmark tables produced from raw cluster runs.,keep_in_data_processed,HIGH,False
data/results_release/ResNet50_CIFAR10_gateway_ablation/normalized_request_level/campaign_cv_resnet_gatewaystrawman_c64.csv,campaign_cv_resnet_gatewaystrawman_c64.csv,.csv,1990546,3c91877a50f85300ab148e18fe5d5e94535742ad9b1315a99cc97e93701fa43a,Jisheng Jiang (jisheng3),scripts/campaign_a_orchestrator.py,ResNet50_CIFAR10,exp_resnet50_cifar10,campaign_cv_resnet_gatewaystrawman_c64,sp26-cs525-0601 (gateway),sp26-cs525-0605..0620 (triton),ResNet-50/CIFAR-10,fail-slow (tc delay 50-200ms),1775219400.0,N/A,N/A,10921,",",utf-8,"timestamp,req_id,payload_bytes,mode,backend_id,status_code,e2e_ms,gateway_overhead_ms,error_body,backend_id_normalized,timestamp_raw,t_rel_s,strategy",unix_epoch_float,microseconds,event-driven,float64,"latency: ms, payload: bytes",curated_release,EMPIRICAL_DERIVED,Derived and normalized request-level/benchmark tables produced from raw cluster runs.,keep_in_data_processed,HIGH,False
data/results_release/ResNet50_CIFAR10_gateway_ablation/raw_request_level/campaign_cv_resnet_gatewaysmart_c16.csv,campaign_cv_resnet_gatewaysmart_c16.csv,.csv,1039118,8af0cb9b0afe869315a66a82dd1f5a0c292908765a021c9ed55531619667a925,Jisheng Jiang (jisheng3),scripts/campaign_a_orchestrator.py,ResNet50_CIFAR10,exp_resnet50_cifar10,campaign_cv_resnet_gatewaysmart_c16,sp26-cs525-0601 (gateway),sp26-cs525-0605..0620 (triton),ResNet-50/CIFAR-10,fail-slow (tc delay 50-200ms),1775203200.0,N/A,N/A,10121,",",utf-8,"timestamp,req_id,payload_bytes,mode,backend_id,status_code,e2e_ms,gateway_overhead_ms,",unix_epoch_float,microseconds,event-driven,float64,"latency: ms, payload: bytes",curated_release,EMPIRICAL_DERIVED,Derived and normalized request-level/benchmark tables produced from raw cluster runs.,keep_in_data_processed,HIGH,False
data/results_release/ResNet50_CIFAR10_gateway_ablation/raw_request_level/campaign_cv_resnet_gatewaysmart_c24.csv,campaign_cv_resnet_gatewaysmart_c24.csv,.csv,1169024,6835203d7bb9e6b2bcbab6322503be79b2a8940ea9cc9bfef08d3d9b037be685,Jisheng Jiang (jisheng3),scripts/campaign_a_orchestrator.py,ResNet50_CIFAR10,exp_resnet50_cifar10,campaign_cv_resnet_gatewaysmart_c24,sp26-cs525-0601 (gateway),sp26-cs525-0605..0620 (triton),ResNet-50/CIFAR-10,fail-slow (tc delay 50-200ms),1775206800.0,N/A,N/A,11386,",",utf-8,"timestamp,req_id,payload_bytes,mode,backend_id,status_code,e2e_ms,gateway_overhead_ms,",unix_epoch_float,microseconds,event-driven,float64,"latency: ms, payload: bytes",curated_release,EMPIRICAL_DERIVED,Derived and normalized request-level/benchmark tables produced from raw cluster runs.,keep_in_data_processed,HIGH,False
data/results_release/ResNet50_CIFAR10_gateway_ablation/raw_request_level/campaign_cv_resnet_gatewaysmart_c32.csv,campaign_cv_resnet_gatewaysmart_c32.csv,.csv,1236172,054a52b6eea2c803a867668bdbebf07b82ea2f119acb9956fad0a4046f9c09af,Jisheng Jiang (jisheng3),scripts/campaign_a_orchestrator.py,ResNet50_CIFAR10,exp_resnet50_cifar10,campaign_cv_resnet_gatewaysmart_c32,sp26-cs525-0601 (gateway),sp26-cs525-0605..0620 (triton),ResNet-50/CIFAR-10,fail-slow (tc delay 50-200ms),1775210400.0,N/A,N/A,12027,",",utf-8,"timestamp,req_id,payload_bytes,mode,backend_id,status_code,e2e_ms,gateway_overhead_ms,",unix_epoch_float,microseconds,event-driven,float64,"latency: ms, payload: bytes",curated_release,EMPIRICAL_DERIVED,Derived and normalized request-level/benchmark tables produced from raw cluster runs.,keep_in_data_processed,HIGH,False
data/results_release/ResNet50_CIFAR10_gateway_ablation/raw_request_level/campaign_cv_resnet_gatewaysmart_c48.csv,campaign_cv_resnet_gatewaysmart_c48.csv,.csv,1267274,76efbb98739d8a23ef000458729b1815aef2f98e3ba68826479b53e4060d202b,Jisheng Jiang (jisheng3),scripts/campaign_a_orchestrator.py,ResNet50_CIFAR10,exp_resnet50_cifar10,campaign_cv_resnet_gatewaysmart_c48,sp26-cs525-0601 (gateway),sp26-cs525-0605..0620 (triton),ResNet-50/CIFAR-10,fail-slow (tc delay 50-200ms),1775214000.0,N/A,N/A,12249,",",utf-8,"timestamp,req_id,payload_bytes,mode,backend_id,status_code,e2e_ms,gateway_overhead_ms,",unix_epoch_float,microseconds,event-driven,float64,"latency: ms, payload: bytes",curated_release,EMPIRICAL_DERIVED,Derived and normalized request-level/benchmark tables produced from raw cluster runs.,keep_in_data_processed,HIGH,False
data/results_release/ResNet50_CIFAR10_gateway_ablation/raw_request_level/campaign_cv_resnet_gatewaysmart_c64.csv,campaign_cv_resnet_gatewaysmart_c64.csv,.csv,1245945,07901ef3882ce2c97f26a4a6db58ef640cc97e8bc91285fe6acdcfba2db22e78,Jisheng Jiang (jisheng3),scripts/campaign_a_orchestrator.py,ResNet50_CIFAR10,exp_resnet50_cifar10,campaign_cv_resnet_gatewaysmart_c64,sp26-cs525-0601 (gateway),sp26-cs525-0605..0620 (triton),ResNet-50/CIFAR-10,fail-slow (tc delay 50-200ms),1775217600.0,N/A,N/A,11977,",",utf-8,"timestamp,req_id,payload_bytes,mode,backend_id,status_code,e2e_ms,gateway_overhead_ms,",unix_epoch_float,microseconds,event-driven,float64,"latency: ms, payload: bytes",curated_release,EMPIRICAL_DERIVED,Derived and normalized request-level/benchmark tables produced from raw cluster runs.,keep_in_data_processed,HIGH,False
data/results_release/ResNet50_CIFAR10_gateway_ablation/raw_request_level/campaign_cv_resnet_gatewaystrawman_c16.csv,campaign_cv_resnet_gatewaystrawman_c16.csv,.csv,1050667,8ebb993bf3b4b9a5c5172bf1d461a01f37cbc415f2c449b9bafc83f350c5b21f,Jisheng Jiang (jisheng3),scripts/campaign_a_orchestrator.py,ResNet50_CIFAR10,exp_resnet50_cifar10,campaign_cv_resnet_gatewaystrawman_c16,sp26-cs525-0601 (gateway),sp26-cs525-0605..0620 (triton),ResNet-50/CIFAR-10,fail-slow (tc delay 50-200ms),1775205000.0,N/A,N/A,9883,",",utf-8,"timestamp,req_id,payload_bytes,mode,backend_id,status_code,e2e_ms,gateway_overhead_ms,",unix_epoch_float,microseconds,event-driven,float64,"latency: ms, payload: bytes",curated_release,EMPIRICAL_DERIVED,Derived and normalized request-level/benchmark tables produced from raw cluster runs.,keep_in_data_processed,HIGH,False
data/results_release/ResNet50_CIFAR10_gateway_ablation/raw_request_level/campaign_cv_resnet_gatewaystrawman_c24.csv,campaign_cv_resnet_gatewaystrawman_c24.csv,.csv,1182891,338b6cdec7d87e5736aab8d70ad8a243cbc4e66fb95fea7b04ade5202f618ff4,Jisheng Jiang (jisheng3),scripts/campaign_a_orchestrator.py,ResNet50_CIFAR10,exp_resnet50_cifar10,campaign_cv_resnet_gatewaystrawman_c24,sp26-cs525-0601 (gateway),sp26-cs525-0605..0620 (triton),ResNet-50/CIFAR-10,fail-slow (tc delay 50-200ms),1775208600.0,N/A,N/A,11099,",",utf-8,"timestamp,req_id,payload_bytes,mode,backend_id,status_code,e2e_ms,gateway_overhead_ms,",unix_epoch_float,microseconds,event-driven,float64,"latency: ms, payload: bytes",curated_release,EMPIRICAL_DERIVED,Derived and normalized request-level/benchmark tables produced from raw cluster runs.,keep_in_data_processed,HIGH,False
data/results_release/ResNet50_CIFAR10_gateway_ablation/raw_request_level/campaign_cv_resnet_gatewaystrawman_c32.csv,campaign_cv_resnet_gatewaystrawman_c32.csv,.csv,1221303,291a9fed29656193258d19b606a82030c251e3fde50a7ca6b28b71e51f82e662,Jisheng Jiang (jisheng3),scripts/campaign_a_orchestrator.py,ResNet50_CIFAR10,exp_resnet50_cifar10,campaign_cv_resnet_gatewaystrawman_c32,sp26-cs525-0601 (gateway),sp26-cs525-0605..0620 (triton),ResNet-50/CIFAR-10,fail-slow (tc delay 50-200ms),1775212200.0,N/A,N/A,11438,",",utf-8,"timestamp,req_id,payload_bytes,mode,backend_id,status_code,e2e_ms,gateway_overhead_ms,",unix_epoch_float,microseconds,event-driven,float64,"latency: ms, payload: bytes",curated_release,EMPIRICAL_DERIVED,Derived and normalized request-level/benchmark tables produced from raw cluster runs.,keep_in_data_processed,HIGH,False
data/results_release/ResNet50_CIFAR10_gateway_ablation/raw_request_level/campaign_cv_resnet_gatewaystrawman_c48.csv,campaign_cv_resnet_gatewaystrawman_c48.csv,.csv,1220889,1ac0b3171f336732e6040e1245016ec640376962f7d7f358d69fc7dfcd17fdda,Jisheng Jiang (jisheng3),scripts/campaign_a_orchestrator.py,ResNet50_CIFAR10,exp_resnet50_cifar10,campaign_cv_resnet_gatewaystrawman_c48,sp26-cs525-0601 (gateway),sp26-cs525-0605..0620 (triton),ResNet-50/CIFAR-10,fail-slow (tc delay 50-200ms),1775215800.0,N/A,N/A,11380,",",utf-8,"timestamp,req_id,payload_bytes,mode,backend_id,status_code,e2e_ms,gateway_overhead_ms,",unix_epoch_float,microseconds,event-driven,float64,"latency: ms, payload: bytes",curated_release,EMPIRICAL_DERIVED,Derived and normalized request-level/benchmark tables produced from raw cluster runs.,keep_in_data_processed,HIGH,False
data/results_release/ResNet50_CIFAR10_gateway_ablation/raw_request_level/campaign_cv_resnet_gatewaystrawman_c64.csv,campaign_cv_resnet_gatewaystrawman_c64.csv,.csv,1178420,4603292d43627eb939c7c1d1038612dc767658372bf099704251a73191f93807,Jisheng Jiang (jisheng3),scripts/campaign_a_orchestrator.py,ResNet50_CIFAR10,exp_resnet50_cifar10,campaign_cv_resnet_gatewaystrawman_c64,sp26-cs525-0601 (gateway),sp26-cs525-0605..0620 (triton),ResNet-50/CIFAR-10,fail-slow (tc delay 50-200ms),1775219400.0,N/A,N/A,10921,",",utf-8,"timestamp,req_id,payload_bytes,mode,backend_id,status_code,e2e_ms,gateway_overhead_ms,",unix_epoch_float,microseconds,event-driven,float64,"latency: ms, payload: bytes",curated_release,EMPIRICAL_DERIVED,Derived and normalized request-level/benchmark tables produced from raw cluster runs.,keep_in_data_processed,HIGH,False
data/results_release/ResNet50_CIFAR10_gateway_ablation/summary/summary_resnet_gateway_ablation.csv,summary_resnet_gateway_ablation.csv,.csv,763,524a7d487dc539da8826302759ce45980ed794c4173fd826a7da1f341cb0bf2d,Jisheng Jiang (jisheng3),scripts/campaign_a_orchestrator.py,ResNet50_CIFAR10,exp_resnet50_cifar10,summary_resnet_gateway_ablation,sp26-cs525-0601 (gateway),sp26-cs525-0605..0620 (triton),ResNet-50/CIFAR-10,fail-slow (tc delay 50-200ms),N/A,N/A,N/A,10,",",utf-8,"mode,concurrency,total_requests,success_rate,rps,avg_ms,p95_ms,p99_ms,",relative_seconds,microseconds,event-driven,float64,"latency: ms, payload: bytes",curated_release,EMPIRICAL_DERIVED,Derived and normalized request-level/benchmark tables produced from raw cluster runs.,keep_in_data_processed,HIGH,False
data/results_release/ResNet50_CIFAR10_p2c_pewma/benchmark/benchmark_resnet_p2c.json,benchmark_resnet_p2c.json,.json,124,90dbf8caa5f8cd781db5688fe47029e6580c358b02331f97f3cd6e4a0f4cdde4,Jisheng Jiang (jisheng3),scripts/campaign_a_orchestrator.py,ResNet50_CIFAR10,exp_resnet50_cifar10,benchmark_resnet_p2c,sp26-cs525-0601 (gateway),sp26-cs525-0605..0620 (triton),ResNet-50/CIFAR-10,fail-slow (tc delay 50-200ms),N/A,N/A,N/A,4,N/A,utf-8,p99_ms|avg_ms|rps|total_requests,relative_seconds,microseconds,event-driven,float64,"latency: ms, payload: bytes",curated_release,EMPIRICAL_DERIVED,Derived and normalized request-level/benchmark tables produced from raw cluster runs.,keep_in_data_processed,HIGH,False
data/results_release/ResNet50_CIFAR10_p2c_pewma/metadata/manifest_release.json,manifest_release.json,.json,430,492282eefd60d9d4509ebd9ff130ca7f4fac0d21a9ada357593e0b8abbf54df9,Jisheng Jiang (jisheng3),scripts/campaign_a_orchestrator.py,ResNet50_CIFAR10,exp_resnet50_cifar10,manifest_release,sp26-cs525-0601 (gateway),sp26-cs525-0605..0620 (triton),Cluster Telemetry,fail-slow (tc delay 50-200ms),N/A,N/A,N/A,8,N/A,utf-8,experiment_name|model|dataset|framework_mode|experiment_type|concurrency_levels|schema_version|file_counts,relative_seconds,microseconds,event-driven,float64,"latency: ms, payload: bytes",curated_release,EMPIRICAL_DERIVED,Derived and normalized request-level/benchmark tables produced from raw cluster runs.,keep_in_data_processed,HIGH,False
data/results_release/ResNet50_CIFAR10_p2c_pewma/metadata/README_RELEASE.txt,README_RELEASE.txt,.txt,375,c1838035e5bc9ba2a6944d90e92aa58810b540dbd92b7b6598f79ef532055cdb,Jisheng Jiang (jisheng3),scripts/campaign_a_orchestrator.py,ResNet50_CIFAR10,exp_resnet50_cifar10,README_RELEASE,sp26-cs525-0601 (gateway),sp26-cs525-0605..0620 (triton),Cluster Telemetry,fail-slow (tc delay 50-200ms),N/A,N/A,N/A,0,N/A,utf-8,N/A,relative_seconds,microseconds,event-driven,float64,"latency: ms, payload: bytes",curated_release,EMPIRICAL_DERIVED,Derived and normalized request-level/benchmark tables produced from raw cluster runs.,keep_in_data_processed,HIGH,False
data/results_release/ResNet50_CIFAR10_p2c_pewma/normalized_request_level/campaign_cv_resnet_p2c_c16.csv,campaign_cv_resnet_p2c_c16.csv,.csv,3109490,6d7003aa0f992e40e85f9d14f55be0a04a8ea2e9cb31716e432c3b7ed2f787d3,Jisheng Jiang (jisheng3),scripts/campaign_a_orchestrator.py,ResNet50_CIFAR10,exp_resnet50_cifar10,campaign_cv_resnet_p2c_c16,sp26-cs525-0601 (gateway),sp26-cs525-0605..0620 (triton),ResNet-50/CIFAR-10,fail-slow (tc delay 50-200ms),0.0,N/A,N/A,22232,",",utf-8,"timestamp,req_id,payload_bytes,policy,backend_id,status_code,e2e_ms,gateway_overhead_ms,error_body,backend_id_normalized,timestamp_raw,t_rel_s,strategy",relative_seconds,microseconds,event-driven,float64,"latency: ms, payload: bytes",curated_release,EMPIRICAL_DERIVED,Derived and normalized request-level/benchmark tables produced from raw cluster runs.,keep_in_data_processed,HIGH,False
data/results_release/ResNet50_CIFAR10_p2c_pewma/normalized_request_level/campaign_cv_resnet_p2c_c24.csv,campaign_cv_resnet_p2c_c24.csv,.csv,3595846,0b21d563c93c4623e7a4965ab3193f8f412697fa201f70d3ea1ee82a390de647,Jisheng Jiang (jisheng3),scripts/campaign_a_orchestrator.py,ResNet50_CIFAR10,exp_resnet50_cifar10,campaign_cv_resnet_p2c_c24,sp26-cs525-0601 (gateway),sp26-cs525-0605..0620 (triton),ResNet-50/CIFAR-10,fail-slow (tc delay 50-200ms),0.0,N/A,N/A,25674,",",utf-8,"timestamp,req_id,payload_bytes,policy,backend_id,status_code,e2e_ms,gateway_overhead_ms,error_body,backend_id_normalized,timestamp_raw,t_rel_s,strategy",relative_seconds,microseconds,event-driven,float64,"latency: ms, payload: bytes",curated_release,EMPIRICAL_DERIVED,Derived and normalized request-level/benchmark tables produced from raw cluster runs.,keep_in_data_processed,HIGH,False
data/results_release/ResNet50_CIFAR10_p2c_pewma/normalized_request_level/campaign_cv_resnet_p2c_c32.csv,campaign_cv_resnet_p2c_c32.csv,.csv,3619241,bc241f8428c00f026f1ef7f143ce58c3565a26c558e0398d62da52942569fbae,Jisheng Jiang (jisheng3),scripts/campaign_a_orchestrator.py,ResNet50_CIFAR10,exp_resnet50_cifar10,campaign_cv_resnet_p2c_c32,sp26-cs525-0601 (gateway),sp26-cs525-0605..0620 (triton),ResNet-50/CIFAR-10,fail-slow (tc delay 50-200ms),0.0,N/A,N/A,25809,",",utf-8,"timestamp,req_id,payload_bytes,policy,backend_id,status_code,e2e_ms,gateway_overhead_ms,error_body,backend_id_normalized,timestamp_raw,t_rel_s,strategy",relative_seconds,microseconds,event-driven,float64,"latency: ms, payload: bytes",curated_release,EMPIRICAL_DERIVED,Derived and normalized request-level/benchmark tables produced from raw cluster runs.,keep_in_data_processed,HIGH,False
data/results_release/ResNet50_CIFAR10_p2c_pewma/normalized_request_level/campaign_cv_resnet_p2c_c48.csv,campaign_cv_resnet_p2c_c48.csv,.csv,3312148,e41d476119c118a51fa856176f90e87752c271f9e364e8dbe39b3083adb6de25,Jisheng Jiang (jisheng3),scripts/campaign_a_orchestrator.py,ResNet50_CIFAR10,exp_resnet50_cifar10,campaign_cv_resnet_p2c_c48,sp26-cs525-0601 (gateway),sp26-cs525-0605..0620 (triton),ResNet-50/CIFAR-10,fail-slow (tc delay 50-200ms),0.0,N/A,N/A,23549,",",utf-8,"timestamp,req_id,payload_bytes,policy,backend_id,status_code,e2e_ms,gateway_overhead_ms,error_body,backend_id_normalized,timestamp_raw,t_rel_s,strategy",relative_seconds,microseconds,event-driven,float64,"latency: ms, payload: bytes",curated_release,EMPIRICAL_DERIVED,Derived and normalized request-level/benchmark tables produced from raw cluster runs.,keep_in_data_processed,HIGH,False
data/results_release/ResNet50_CIFAR10_p2c_pewma/normalized_request_level/campaign_cv_resnet_p2c_c64.csv,campaign_cv_resnet_p2c_c64.csv,.csv,2980587,76144eedc5ccd72d70207aae6d0784656cf22dd39b70e04a52858493c6c8e6b5,Jisheng Jiang (jisheng3),scripts/campaign_a_orchestrator.py,ResNet50_CIFAR10,exp_resnet50_cifar10,campaign_cv_resnet_p2c_c64,sp26-cs525-0601 (gateway),sp26-cs525-0605..0620 (triton),ResNet-50/CIFAR-10,fail-slow (tc delay 50-200ms),0.0,N/A,N/A,21130,",",utf-8,"timestamp,req_id,payload_bytes,policy,backend_id,status_code,e2e_ms,gateway_overhead_ms,error_body,backend_id_normalized,timestamp_raw,t_rel_s,strategy",relative_seconds,microseconds,event-driven,float64,"latency: ms, payload: bytes",curated_release,EMPIRICAL_DERIVED,Derived and normalized request-level/benchmark tables produced from raw cluster runs.,keep_in_data_processed,HIGH,False
data/results_release/ResNet50_CIFAR10_p2c_pewma/raw_request_level/campaign_cv_resnet_p2c_c16.csv,campaign_cv_resnet_p2c_c16.csv,.csv,1843707,bb2f0df98486d96f2f5711518a9b1fc1bd145fb3d037d829052bbf675dbc108c,Jisheng Jiang (jisheng3),scripts/campaign_a_orchestrator.py,ResNet50_CIFAR10,exp_resnet50_cifar10,campaign_cv_resnet_p2c_c16,sp26-cs525-0601 (gateway),sp26-cs525-0605..0620 (triton),ResNet-50/CIFAR-10,fail-slow (tc delay 50-200ms),0.0,N/A,N/A,22232,",",utf-8,"timestamp,req_id,payload_bytes,policy,backend_id,status_code,e2e_ms,gateway_overhead_ms,",relative_seconds,microseconds,event-driven,float64,"latency: ms, payload: bytes",curated_release,EMPIRICAL_DERIVED,Derived and normalized request-level/benchmark tables produced from raw cluster runs.,keep_in_data_processed,HIGH,False
data/results_release/ResNet50_CIFAR10_p2c_pewma/raw_request_level/campaign_cv_resnet_p2c_c24.csv,campaign_cv_resnet_p2c_c24.csv,.csv,2133763,ad1043fcac7968631dd3995e946f72110cd2ba26aac12871756a5fb22c5d5f77,Jisheng Jiang (jisheng3),scripts/campaign_a_orchestrator.py,ResNet50_CIFAR10,exp_resnet50_cifar10,campaign_cv_resnet_p2c_c24,sp26-cs525-0601 (gateway),sp26-cs525-0605..0620 (triton),ResNet-50/CIFAR-10,fail-slow (tc delay 50-200ms),0.0,N/A,N/A,25674,",",utf-8,"timestamp,req_id,payload_bytes,policy,backend_id,status_code,e2e_ms,gateway_overhead_ms,",relative_seconds,microseconds,event-driven,float64,"latency: ms, payload: bytes",curated_release,EMPIRICAL_DERIVED,Derived and normalized request-level/benchmark tables produced from raw cluster runs.,keep_in_data_processed,HIGH,False
data/results_release/ResNet50_CIFAR10_p2c_pewma/raw_request_level/campaign_cv_resnet_p2c_c32.csv,campaign_cv_resnet_p2c_c32.csv,.csv,2149564,ae4c1ef9554883425c78cc47f5298b0748417c4696d91b95c4c553f15ebdb53e,Jisheng Jiang (jisheng3),scripts/campaign_a_orchestrator.py,ResNet50_CIFAR10,exp_resnet50_cifar10,campaign_cv_resnet_p2c_c32,sp26-cs525-0601 (gateway),sp26-cs525-0605..0620 (triton),ResNet-50/CIFAR-10,fail-slow (tc delay 50-200ms),0.0,N/A,N/A,25809,",",utf-8,"timestamp,req_id,payload_bytes,policy,backend_id,status_code,e2e_ms,gateway_overhead_ms,",relative_seconds,microseconds,event-driven,float64,"latency: ms, payload: bytes",curated_release,EMPIRICAL_DERIVED,Derived and normalized request-level/benchmark tables produced from raw cluster runs.,keep_in_data_processed,HIGH,False
data/results_release/ResNet50_CIFAR10_p2c_pewma/raw_request_level/campaign_cv_resnet_p2c_c48.csv,campaign_cv_resnet_p2c_c48.csv,.csv,1971018,1b4ef98eb3426b48b8cfc491d9c2b84b2ed8dfa88939030baac84b8a92aab295,Jisheng Jiang (jisheng3),scripts/campaign_a_orchestrator.py,ResNet50_CIFAR10,exp_resnet50_cifar10,campaign_cv_resnet_p2c_c48,sp26-cs525-0601 (gateway),sp26-cs525-0605..0620 (triton),ResNet-50/CIFAR-10,fail-slow (tc delay 50-200ms),0.0,N/A,N/A,23549,",",utf-8,"timestamp,req_id,payload_bytes,policy,backend_id,status_code,e2e_ms,gateway_overhead_ms,",relative_seconds,microseconds,event-driven,float64,"latency: ms, payload: bytes",curated_release,EMPIRICAL_DERIVED,Derived and normalized request-level/benchmark tables produced from raw cluster runs.,keep_in_data_processed,HIGH,False
data/results_release/ResNet50_CIFAR10_p2c_pewma/raw_request_level/campaign_cv_resnet_p2c_c64.csv,campaign_cv_resnet_p2c_c64.csv,.csv,1777666,a4e22f1d1909581a529fa644d689cf2987325ef845bcb0b650fa86bdb3627a8d,Jisheng Jiang (jisheng3),scripts/campaign_a_orchestrator.py,ResNet50_CIFAR10,exp_resnet50_cifar10,campaign_cv_resnet_p2c_c64,sp26-cs525-0601 (gateway),sp26-cs525-0605..0620 (triton),ResNet-50/CIFAR-10,fail-slow (tc delay 50-200ms),0.0,N/A,N/A,21130,",",utf-8,"timestamp,req_id,payload_bytes,policy,backend_id,status_code,e2e_ms,gateway_overhead_ms,",relative_seconds,microseconds,event-driven,float64,"latency: ms, payload: bytes",curated_release,EMPIRICAL_DERIVED,Derived and normalized request-level/benchmark tables produced from raw cluster runs.,keep_in_data_processed,HIGH,False
data/results_release/ResNet50_CIFAR10_p2c_pewma/summary/summary_resnet_p2c.csv,summary_resnet_p2c.csv,.csv,420,210c4666f377ad8d09611826c3ea38caa4d34df4a82a19f18d09edf8883f8174,Jisheng Jiang (jisheng3),scripts/campaign_a_orchestrator.py,ResNet50_CIFAR10,exp_resnet50_cifar10,summary_resnet_p2c,sp26-cs525-0601 (gateway),sp26-cs525-0605..0620 (triton),ResNet-50/CIFAR-10,fail-slow (tc delay 50-200ms),N/A,N/A,N/A,5,",",utf-8,"mode,concurrency,total_requests,success_rate,rps,avg_ms,p95_ms,p99_ms,",relative_seconds,microseconds,event-driven,float64,"latency: ms, payload: bytes",curated_release,EMPIRICAL_DERIVED,Derived and normalized request-level/benchmark tables produced from raw cluster runs.,keep_in_data_processed,HIGH,False
data/results_release/ResNet50_CIFAR10_round_robin/benchmark/benchmark_resnet_rr.json,benchmark_resnet_rr.json,.json,82280,25efe5fdbd655da9f4f1a20c35da5770d99ca9fec2f7929a1d02276ad05d4280,Jisheng Jiang (jisheng3),scripts/campaign_a_orchestrator.py,ResNet50_CIFAR10,exp_resnet50_cifar10,benchmark_resnet_rr,sp26-cs525-0601 (gateway),sp26-cs525-0605..0620 (triton),ResNet-50/CIFAR-10,fail-slow (tc delay 50-200ms),N/A,N/A,N/A,0,N/A,utf-8,N/A,relative_seconds,microseconds,event-driven,float64,"latency: ms, payload: bytes",curated_release,EMPIRICAL_DERIVED,Derived and normalized request-level/benchmark tables produced from raw cluster runs.,keep_in_data_processed,HIGH,False
data/results_release/ResNet50_CIFAR10_round_robin/metadata/manifest_release.json,manifest_release.json,.json,434,4ec28afd6f937665be9e007b20803534292c08c84ea7ee4534866ebd62ba9163,Jisheng Jiang (jisheng3),scripts/campaign_a_orchestrator.py,ResNet50_CIFAR10,exp_resnet50_cifar10,manifest_release,sp26-cs525-0601 (gateway),sp26-cs525-0605..0620 (triton),Cluster Telemetry,fail-slow (tc delay 50-200ms),N/A,N/A,N/A,8,N/A,utf-8,experiment_name|model|dataset|framework_mode|experiment_type|concurrency_levels|schema_version|file_counts,relative_seconds,microseconds,event-driven,float64,"latency: ms, payload: bytes",curated_release,EMPIRICAL_DERIVED,Derived and normalized request-level/benchmark tables produced from raw cluster runs.,keep_in_data_processed,HIGH,False
data/results_release/ResNet50_CIFAR10_round_robin/metadata/README_RELEASE.txt,README_RELEASE.txt,.txt,379,cdc285cb447e37578f7871d46bdf5f0bf6503d6b6061e155a43c17c1f6043e13,Jisheng Jiang (jisheng3),scripts/campaign_a_orchestrator.py,ResNet50_CIFAR10,exp_resnet50_cifar10,README_RELEASE,sp26-cs525-0601 (gateway),sp26-cs525-0605..0620 (triton),Cluster Telemetry,fail-slow (tc delay 50-200ms),N/A,N/A,N/A,0,N/A,utf-8,N/A,relative_seconds,microseconds,event-driven,float64,"latency: ms, payload: bytes",curated_release,EMPIRICAL_DERIVED,Derived and normalized request-level/benchmark tables produced from raw cluster runs.,keep_in_data_processed,HIGH,False
data/results_release/ResNet50_CIFAR10_round_robin/normalized_request_level/campaign_cv_resnet_rr_c16.csv,campaign_cv_resnet_rr_c16.csv,.csv,434766,cb526a793aa214aec6803d7f4ede0f27e11765932514a458aace96b857356ee3,Jisheng Jiang (jisheng3),scripts/campaign_a_orchestrator.py,ResNet50_CIFAR10,exp_resnet50_cifar10,campaign_cv_resnet_rr_c16,sp26-cs525-0601 (gateway),sp26-cs525-0605..0620 (triton),ResNet-50/CIFAR-10,fail-slow (tc delay 50-200ms),0.014,N/A,N/A,3175,",",utf-8,"timestamp,req_id,payload_bytes,policy,backend_id,status_code,e2e_ms,gateway_overhead_ms,error_body,backend_id_normalized,timestamp_raw,t_rel_s,strategy",relative_seconds,microseconds,event-driven,float64,"latency: ms, payload: bytes",curated_release,EMPIRICAL_DERIVED,Derived and normalized request-level/benchmark tables produced from raw cluster runs.,keep_in_data_processed,HIGH,False
data/results_release/ResNet50_CIFAR10_round_robin/normalized_request_level/campaign_cv_resnet_rr_c24.csv,campaign_cv_resnet_rr_c24.csv,.csv,560817,966f92fce6a981a792488c5cc18fe52aed50bf0ac983b5743ea5749fb09712dd,Jisheng Jiang (jisheng3),scripts/campaign_a_orchestrator.py,ResNet50_CIFAR10,exp_resnet50_cifar10,campaign_cv_resnet_rr_c24,sp26-cs525-0601 (gateway),sp26-cs525-0605..0620 (triton),ResNet-50/CIFAR-10,fail-slow (tc delay 50-200ms),0.021,N/A,N/A,4088,",",utf-8,"timestamp,req_id,payload_bytes,policy,backend_id,status_code,e2e_ms,gateway_overhead_ms,error_body,backend_id_normalized,timestamp_raw,t_rel_s,strategy",relative_seconds,microseconds,event-driven,float64,"latency: ms, payload: bytes",curated_release,EMPIRICAL_DERIVED,Derived and normalized request-level/benchmark tables produced from raw cluster runs.,keep_in_data_processed,HIGH,False
data/results_release/ResNet50_CIFAR10_round_robin/normalized_request_level/campaign_cv_resnet_rr_c32.csv,campaign_cv_resnet_rr_c32.csv,.csv,592155,429fcd2a50b6d0b9d1e84762604c345dfde0f60c01f2320726934e3ffbe89a16,Jisheng Jiang (jisheng3),scripts/campaign_a_orchestrator.py,ResNet50_CIFAR10,exp_resnet50_cifar10,campaign_cv_resnet_rr_c32,sp26-cs525-0601 (gateway),sp26-cs525-0605..0620 (triton),ResNet-50/CIFAR-10,fail-slow (tc delay 50-200ms),0.122,N/A,N/A,4299,",",utf-8,"timestamp,req_id,payload_bytes,policy,backend_id,status_code,e2e_ms,gateway_overhead_ms,error_body,backend_id_normalized,timestamp_raw,t_rel_s,strategy",relative_seconds,microseconds,event-driven,float64,"latency: ms, payload: bytes",curated_release,EMPIRICAL_DERIVED,Derived and normalized request-level/benchmark tables produced from raw cluster runs.,keep_in_data_processed,HIGH,False
data/results_release/ResNet50_CIFAR10_round_robin/normalized_request_level/campaign_cv_resnet_rr_c48.csv,campaign_cv_resnet_rr_c48.csv,.csv,496469,224f3d994a478cde9e754a18ba0545471cf42fe1c48413daa550cb6df6efacff,Jisheng Jiang (jisheng3),scripts/campaign_a_orchestrator.py,ResNet50_CIFAR10,exp_resnet50_cifar10,campaign_cv_resnet_rr_c48,sp26-cs525-0601 (gateway),sp26-cs525-0605..0620 (triton),ResNet-50/CIFAR-10,fail-slow (tc delay 50-200ms),0.065,N/A,N/A,3602,",",utf-8,"timestamp,req_id,payload_bytes,policy,backend_id,status_code,e2e_ms,gateway_overhead_ms,error_body,backend_id_normalized,timestamp_raw,t_rel_s,strategy",relative_seconds,microseconds,event-driven,float64,"latency: ms, payload: bytes",curated_release,EMPIRICAL_DERIVED,Derived and normalized request-level/benchmark tables produced from raw cluster runs.,keep_in_data_processed,HIGH,False
data/results_release/ResNet50_CIFAR10_round_robin/normalized_request_level/campaign_cv_resnet_rr_c64.csv,campaign_cv_resnet_rr_c64.csv,.csv,399246,04ff811f67cd442191af270689e027625735641c0e4c20165b13916c0e5dab4b,Jisheng Jiang (jisheng3),scripts/campaign_a_orchestrator.py,ResNet50_CIFAR10,exp_resnet50_cifar10,campaign_cv_resnet_rr_c64,sp26-cs525-0601 (gateway),sp26-cs525-0605..0620 (triton),ResNet-50/CIFAR-10,fail-slow (tc delay 50-200ms),0.019,N/A,N/A,2895,",",utf-8,"timestamp,req_id,payload_bytes,policy,backend_id,status_code,e2e_ms,gateway_overhead_ms,error_body,backend_id_normalized,timestamp_raw,t_rel_s,strategy",relative_seconds,microseconds,event-driven,float64,"latency: ms, payload: bytes",curated_release,EMPIRICAL_DERIVED,Derived and normalized request-level/benchmark tables produced from raw cluster runs.,keep_in_data_processed,HIGH,False
data/results_release/ResNet50_CIFAR10_round_robin/raw_request_level/campaign_cv_resnet_rr_c16.csv,campaign_cv_resnet_rr_c16.csv,.csv,247537,f466576b3e186d478b86c351f1f8b85360779f4c15b774098033a044404b08b8,Jisheng Jiang (jisheng3),scripts/campaign_a_orchestrator.py,ResNet50_CIFAR10,exp_resnet50_cifar10,campaign_cv_resnet_rr_c16,sp26-cs525-0601 (gateway),sp26-cs525-0605..0620 (triton),ResNet-50/CIFAR-10,fail-slow (tc delay 50-200ms),0.014,N/A,N/A,3175,",",utf-8,"timestamp,req_id,payload_bytes,policy,backend_id,status_code,e2e_ms,gateway_overhead_ms,",relative_seconds,microseconds,event-driven,float64,"latency: ms, payload: bytes",curated_release,EMPIRICAL_DERIVED,Derived and normalized request-level/benchmark tables produced from raw cluster runs.,keep_in_data_processed,HIGH,False
data/results_release/ResNet50_CIFAR10_round_robin/raw_request_level/campaign_cv_resnet_rr_c24.csv,campaign_cv_resnet_rr_c24.csv,.csv,320038,7e515cdca4a0469b0283ddce306395b16fdc53801cde079a9bdada2a6544cd3f,Jisheng Jiang (jisheng3),scripts/campaign_a_orchestrator.py,ResNet50_CIFAR10,exp_resnet50_cifar10,campaign_cv_resnet_rr_c24,sp26-cs525-0601 (gateway),sp26-cs525-0605..0620 (triton),ResNet-50/CIFAR-10,fail-slow (tc delay 50-200ms),0.021,N/A,N/A,4088,",",utf-8,"timestamp,req_id,payload_bytes,policy,backend_id,status_code,e2e_ms,gateway_overhead_ms,",relative_seconds,microseconds,event-driven,float64,"latency: ms, payload: bytes",curated_release,EMPIRICAL_DERIVED,Derived and normalized request-level/benchmark tables produced from raw cluster runs.,keep_in_data_processed,HIGH,False
data/results_release/ResNet50_CIFAR10_round_robin/raw_request_level/campaign_cv_resnet_rr_c32.csv,campaign_cv_resnet_rr_c32.csv,.csv,339007,81d46d5b3209a5e87c0550d4fec661ad16ff85ff7f8c26b7eb0368ebe648834f,Jisheng Jiang (jisheng3),scripts/campaign_a_orchestrator.py,ResNet50_CIFAR10,exp_resnet50_cifar10,campaign_cv_resnet_rr_c32,sp26-cs525-0601 (gateway),sp26-cs525-0605..0620 (triton),ResNet-50/CIFAR-10,fail-slow (tc delay 50-200ms),0.122,N/A,N/A,4299,",",utf-8,"timestamp,req_id,payload_bytes,policy,backend_id,status_code,e2e_ms,gateway_overhead_ms,",relative_seconds,microseconds,event-driven,float64,"latency: ms, payload: bytes",curated_release,EMPIRICAL_DERIVED,Derived and normalized request-level/benchmark tables produced from raw cluster runs.,keep_in_data_processed,HIGH,False
data/results_release/ResNet50_CIFAR10_round_robin/raw_request_level/campaign_cv_resnet_rr_c48.csv,campaign_cv_resnet_rr_c48.csv,.csv,284811,c7a17e67ad41b4b745418b7f693025e0068e2d7b509f6f1c68f5e92f9824e4c5,Jisheng Jiang (jisheng3),scripts/campaign_a_orchestrator.py,ResNet50_CIFAR10,exp_resnet50_cifar10,campaign_cv_resnet_rr_c48,sp26-cs525-0601 (gateway),sp26-cs525-0605..0620 (triton),ResNet-50/CIFAR-10,fail-slow (tc delay 50-200ms),0.065,N/A,N/A,3602,",",utf-8,"timestamp,req_id,payload_bytes,policy,backend_id,status_code,e2e_ms,gateway_overhead_ms,",relative_seconds,microseconds,event-driven,float64,"latency: ms, payload: bytes",curated_release,EMPIRICAL_DERIVED,Derived and normalized request-level/benchmark tables produced from raw cluster runs.,keep_in_data_processed,HIGH,False
data/results_release/ResNet50_CIFAR10_round_robin/raw_request_level/campaign_cv_resnet_rr_c64.csv,campaign_cv_resnet_rr_c64.csv,.csv,229206,e876f0e0743ec760733de633ebc9e9af0bcbfb40f953188d686c729d73f06ef4,Jisheng Jiang (jisheng3),scripts/campaign_a_orchestrator.py,ResNet50_CIFAR10,exp_resnet50_cifar10,campaign_cv_resnet_rr_c64,sp26-cs525-0601 (gateway),sp26-cs525-0605..0620 (triton),ResNet-50/CIFAR-10,fail-slow (tc delay 50-200ms),0.019,N/A,N/A,2895,",",utf-8,"timestamp,req_id,payload_bytes,policy,backend_id,status_code,e2e_ms,gateway_overhead_ms,",relative_seconds,microseconds,event-driven,float64,"latency: ms, payload: bytes",curated_release,EMPIRICAL_DERIVED,Derived and normalized request-level/benchmark tables produced from raw cluster runs.,keep_in_data_processed,HIGH,False
data/results_release/ResNet50_CIFAR10_round_robin/summary/summary_resnet_rr.csv,summary_resnet_rr.csv,.csv,2077,d11abee912c796a853cc5b422981d8f881418c960247956aba7ce15a87483381,Jisheng Jiang (jisheng3),scripts/campaign_a_orchestrator.py,ResNet50_CIFAR10,exp_resnet50_cifar10,summary_resnet_rr,sp26-cs525-0601 (gateway),sp26-cs525-0605..0620 (triton),ResNet-50/CIFAR-10,fail-slow (tc delay 50-200ms),N/A,N/A,N/A,20,",",utf-8,"model,framework,dataset,runtime,concurrency,phase,duration_s,",relative_seconds,microseconds,event-driven,float64,"latency: ms, payload: bytes",curated_release,EMPIRICAL_DERIVED,Derived and normalized request-level/benchmark tables produced from raw cluster runs.,keep_in_data_processed,HIGH,False
data/results_release/ResNet50_CIFAR10_tri_cb/benchmark/benchmark_resnet_tricb.json,benchmark_resnet_tricb.json,.json,7295,88d5bf37ebf0f250aef74b69218bc9442915086de3cc1656301c1d7b2476f629,Jisheng Jiang (jisheng3),scripts/campaign_a_orchestrator.py,ResNet50_CIFAR10,exp_resnet50_cifar10,benchmark_resnet_tricb,sp26-cs525-0601 (gateway),sp26-cs525-0605..0620 (triton),ResNet-50/CIFAR-10,fail-slow (tc delay 50-200ms),N/A,N/A,N/A,7,N/A,utf-8,model|dataset|serving|framework|campaign|artifacts|results_overall,relative_seconds,microseconds,event-driven,float64,"latency: ms, payload: bytes",curated_release,EMPIRICAL_DERIVED,Derived and normalized request-level/benchmark tables produced from raw cluster runs.,keep_in_data_processed,HIGH,False
data/results_release/ResNet50_CIFAR10_tri_cb/metadata/manifest_release.json,manifest_release.json,.json,424,a5c0f205431357c050fe0d73fda931f6c44b75b253677ef44083c093d376c58e,Jisheng Jiang (jisheng3),scripts/campaign_a_orchestrator.py,ResNet50_CIFAR10,exp_resnet50_cifar10,manifest_release,sp26-cs525-0601 (gateway),sp26-cs525-0605..0620 (triton),Cluster Telemetry,fail-slow (tc delay 50-200ms),N/A,N/A,N/A,8,N/A,utf-8,experiment_name|model|dataset|framework_mode|experiment_type|concurrency_levels|schema_version|file_counts,relative_seconds,microseconds,event-driven,float64,"latency: ms, payload: bytes",curated_release,EMPIRICAL_DERIVED,Derived and normalized request-level/benchmark tables produced from raw cluster runs.,keep_in_data_processed,HIGH,False
data/results_release/ResNet50_CIFAR10_tri_cb/metadata/README_RELEASE.txt,README_RELEASE.txt,.txt,369,a4ff027641c6ee6212d69f30025c7c47b99edebc509f9162a02bfc402c1f2a9b,Jisheng Jiang (jisheng3),scripts/campaign_a_orchestrator.py,ResNet50_CIFAR10,exp_resnet50_cifar10,README_RELEASE,sp26-cs525-0601 (gateway),sp26-cs525-0605..0620 (triton),Cluster Telemetry,fail-slow (tc delay 50-200ms),N/A,N/A,N/A,0,N/A,utf-8,N/A,relative_seconds,microseconds,event-driven,float64,"latency: ms, payload: bytes",curated_release,EMPIRICAL_DERIVED,Derived and normalized request-level/benchmark tables produced from raw cluster runs.,keep_in_data_processed,HIGH,False
data/results_release/ResNet50_CIFAR10_tri_cb/normalized_request_level/campaign_cv_resnet_tricb_c16.csv,campaign_cv_resnet_tricb_c16.csv,.csv,5784445,1bb14cd4e7bddefe63bd3aaf88bf542d433559984d56ee8fa69e1e43f2fd9c5d,Jisheng Jiang (jisheng3),scripts/campaign_a_orchestrator.py,ResNet50_CIFAR10,exp_resnet50_cifar10,campaign_cv_resnet_tricb_c16,sp26-cs525-0601 (gateway),sp26-cs525-0605..0620 (triton),ResNet-50/CIFAR-10,fail-slow (tc delay 50-200ms),N/A,N/A,N/A,41108,",",utf-8,"timestamp,req_id,payload_bytes,policy,backend_id,status_code,e2e_ms,gateway_overhead_ms,error_body,backend_id_normalized,timestamp_raw,t_rel_s,strategy",relative_seconds,microseconds,event-driven,float64,"latency: ms, payload: bytes",curated_release,EMPIRICAL_DERIVED,Derived and normalized request-level/benchmark tables produced from raw cluster runs.,keep_in_data_processed,HIGH,False
data/results_release/ResNet50_CIFAR10_tri_cb/normalized_request_level/campaign_cv_resnet_tricb_c24.csv,campaign_cv_resnet_tricb_c24.csv,.csv,6471052,52ed3ef126297ea0ea8e1a9e18e0d836679a55f1c692ba456102ba35728b7c63,Jisheng Jiang (jisheng3),scripts/campaign_a_orchestrator.py,ResNet50_CIFAR10,exp_resnet50_cifar10,campaign_cv_resnet_tricb_c24,sp26-cs525-0601 (gateway),sp26-cs525-0605..0620 (triton),ResNet-50/CIFAR-10,fail-slow (tc delay 50-200ms),N/A,N/A,N/A,45894,",",utf-8,"timestamp,req_id,payload_bytes,policy,backend_id,status_code,e2e_ms,gateway_overhead_ms,error_body,backend_id_normalized,timestamp_raw,t_rel_s,strategy",relative_seconds,microseconds,event-driven,float64,"latency: ms, payload: bytes",curated_release,EMPIRICAL_DERIVED,Derived and normalized request-level/benchmark tables produced from raw cluster runs.,keep_in_data_processed,HIGH,False
data/results_release/ResNet50_CIFAR10_tri_cb/normalized_request_level/campaign_cv_resnet_tricb_c32.csv,campaign_cv_resnet_tricb_c32.csv,.csv,5829273,9478fd93209473de55fccc2fbe5b1f8321aebfa0d377b7a8f742e4d94e641697,Jisheng Jiang (jisheng3),scripts/campaign_a_orchestrator.py,ResNet50_CIFAR10,exp_resnet50_cifar10,campaign_cv_resnet_tricb_c32,sp26-cs525-0601 (gateway),sp26-cs525-0605..0620 (triton),ResNet-50/CIFAR-10,fail-slow (tc delay 50-200ms),N/A,N/A,N/A,41258,",",utf-8,"timestamp,req_id,payload_bytes,policy,backend_id,status_code,e2e_ms,gateway_overhead_ms,error_body,backend_id_normalized,timestamp_raw,t_rel_s,strategy",relative_seconds,microseconds,event-driven,float64,"latency: ms, payload: bytes",curated_release,EMPIRICAL_DERIVED,Derived and normalized request-level/benchmark tables produced from raw cluster runs.,keep_in_data_processed,HIGH,False
data/results_release/ResNet50_CIFAR10_tri_cb/normalized_request_level/campaign_cv_resnet_tricb_c48.csv,campaign_cv_resnet_tricb_c48.csv,.csv,5399925,d7d25fc2357a72f17c4450b1a479e076f52166bad409e403e893441b84d263dd,Jisheng Jiang (jisheng3),scripts/campaign_a_orchestrator.py,ResNet50_CIFAR10,exp_resnet50_cifar10,campaign_cv_resnet_tricb_c48,sp26-cs525-0601 (gateway),sp26-cs525-0605..0620 (triton),ResNet-50/CIFAR-10,fail-slow (tc delay 50-200ms),N/A,N/A,N/A,38191,",",utf-8,"timestamp,req_id,payload_bytes,policy,backend_id,status_code,e2e_ms,gateway_overhead_ms,error_body,backend_id_normalized,timestamp_raw,t_rel_s,strategy",relative_seconds,microseconds,event-driven,float64,"latency: ms, payload: bytes",curated_release,EMPIRICAL_DERIVED,Derived and normalized request-level/benchmark tables produced from raw cluster runs.,keep_in_data_processed,HIGH,False
data/results_release/ResNet50_CIFAR10_tri_cb/normalized_request_level/campaign_cv_resnet_tricb_c64.csv,campaign_cv_resnet_tricb_c64.csv,.csv,5439457,5d6b9061feb5328f63c05fe76ddf56aca7de0d69865475bfc9950009969ce7e8,Jisheng Jiang (jisheng3),scripts/campaign_a_orchestrator.py,ResNet50_CIFAR10,exp_resnet50_cifar10,campaign_cv_resnet_tricb_c64,sp26-cs525-0601 (gateway),sp26-cs525-0605..0620 (triton),ResNet-50/CIFAR-10,fail-slow (tc delay 50-200ms),N/A,N/A,N/A,38428,",",utf-8,"timestamp,req_id,payload_bytes,policy,backend_id,status_code,e2e_ms,gateway_overhead_ms,error_body,backend_id_normalized,timestamp_raw,t_rel_s,strategy",relative_seconds,microseconds,event-driven,float64,"latency: ms, payload: bytes",curated_release,EMPIRICAL_DERIVED,Derived and normalized request-level/benchmark tables produced from raw cluster runs.,keep_in_data_processed,HIGH,False
data/results_release/ResNet50_CIFAR10_tri_cb/raw_request_level/campaign_cv_resnet_tricb_c16.csv,campaign_cv_resnet_tricb_c16.csv,.csv,3484989,594e7abf5235695562f341246ea1db100d8d657493bdbdd55266d538e6415215,Jisheng Jiang (jisheng3),scripts/campaign_a_orchestrator.py,ResNet50_CIFAR10,exp_resnet50_cifar10,campaign_cv_resnet_tricb_c16,sp26-cs525-0601 (gateway),sp26-cs525-0605..0620 (triton),ResNet-50/CIFAR-10,fail-slow (tc delay 50-200ms),N/A,N/A,N/A,41108,",",utf-8,"timestamp,req_id,payload_bytes,policy,backend_id,status_code,e2e_ms,gateway_overhead_ms,",relative_seconds,microseconds,event-driven,float64,"latency: ms, payload: bytes",curated_release,EMPIRICAL_DERIVED,Derived and normalized request-level/benchmark tables produced from raw cluster runs.,keep_in_data_processed,HIGH,False
data/results_release/ResNet50_CIFAR10_tri_cb/raw_request_level/campaign_cv_resnet_tricb_c24.csv,campaign_cv_resnet_tricb_c24.csv,.csv,3904050,197550bcd3bf5ec4cf707ccf5a3b7b6ccc21d65e18cbb22aff837df24c2f1221,Jisheng Jiang (jisheng3),scripts/campaign_a_orchestrator.py,ResNet50_CIFAR10,exp_resnet50_cifar10,campaign_cv_resnet_tricb_c24,sp26-cs525-0601 (gateway),sp26-cs525-0605..0620 (triton),ResNet-50/CIFAR-10,fail-slow (tc delay 50-200ms),N/A,N/A,N/A,45894,",",utf-8,"timestamp,req_id,payload_bytes,policy,backend_id,status_code,e2e_ms,gateway_overhead_ms,",relative_seconds,microseconds,event-driven,float64,"latency: ms, payload: bytes",curated_release,EMPIRICAL_DERIVED,Derived and normalized request-level/benchmark tables produced from raw cluster runs.,keep_in_data_processed,HIGH,False
data/results_release/ResNet50_CIFAR10_tri_cb/raw_request_level/campaign_cv_resnet_tricb_c32.csv,campaign_cv_resnet_tricb_c32.csv,.csv,3521409,0ba3fe87d44eb36c71ceff32d111288d711c3e75e103aff255208975fbe465ba,Jisheng Jiang (jisheng3),scripts/campaign_a_orchestrator.py,ResNet50_CIFAR10,exp_resnet50_cifar10,campaign_cv_resnet_tricb_c32,sp26-cs525-0601 (gateway),sp26-cs525-0605..0620 (triton),ResNet-50/CIFAR-10,fail-slow (tc delay 50-200ms),N/A,N/A,N/A,41258,",",utf-8,"timestamp,req_id,payload_bytes,policy,backend_id,status_code,e2e_ms,gateway_overhead_ms,",relative_seconds,microseconds,event-driven,float64,"latency: ms, payload: bytes",curated_release,EMPIRICAL_DERIVED,Derived and normalized request-level/benchmark tables produced from raw cluster runs.,keep_in_data_processed,HIGH,False
data/results_release/ResNet50_CIFAR10_tri_cb/raw_request_level/campaign_cv_resnet_tricb_c48.csv,campaign_cv_resnet_tricb_c48.csv,.csv,3265419,d88c0ebc2e6dddcd1fe644e07f11b05d6c4e0419fe49a652a2accd07ac0e81fd,Jisheng Jiang (jisheng3),scripts/campaign_a_orchestrator.py,ResNet50_CIFAR10,exp_resnet50_cifar10,campaign_cv_resnet_tricb_c48,sp26-cs525-0601 (gateway),sp26-cs525-0605..0620 (triton),ResNet-50/CIFAR-10,fail-slow (tc delay 50-200ms),N/A,N/A,N/A,38191,",",utf-8,"timestamp,req_id,payload_bytes,policy,backend_id,status_code,e2e_ms,gateway_overhead_ms,",relative_seconds,microseconds,event-driven,float64,"latency: ms, payload: bytes",curated_release,EMPIRICAL_DERIVED,Derived and normalized request-level/benchmark tables produced from raw cluster runs.,keep_in_data_processed,HIGH,False
data/results_release/ResNet50_CIFAR10_tri_cb/raw_request_level/campaign_cv_resnet_tricb_c64.csv,campaign_cv_resnet_tricb_c64.csv,.csv,3291514,0d5181f9bc3d6edb24e2810932227ac2d8bf6a3d6b370ae6a1bf0e5930021471,Jisheng Jiang (jisheng3),scripts/campaign_a_orchestrator.py,ResNet50_CIFAR10,exp_resnet50_cifar10,campaign_cv_resnet_tricb_c64,sp26-cs525-0601 (gateway),sp26-cs525-0605..0620 (triton),ResNet-50/CIFAR-10,fail-slow (tc delay 50-200ms),N/A,N/A,N/A,38428,",",utf-8,"timestamp,req_id,payload_bytes,policy,backend_id,status_code,e2e_ms,gateway_overhead_ms,",relative_seconds,microseconds,event-driven,float64,"latency: ms, payload: bytes",curated_release,EMPIRICAL_DERIVED,Derived and normalized request-level/benchmark tables produced from raw cluster runs.,keep_in_data_processed,HIGH,False
data/results_release/ResNet50_CIFAR10_tri_cb/summary/summary_resnet_tricb.csv,summary_resnet_tricb.csv,.csv,1078,55376a858f3ef275b2c420d7ad389e97bb4c60d635ce1d594d9f6f25804499e8,Jisheng Jiang (jisheng3),scripts/campaign_a_orchestrator.py,ResNet50_CIFAR10,exp_resnet50_cifar10,summary_resnet_tricb,sp26-cs525-0601 (gateway),sp26-cs525-0605..0620 (triton),ResNet-50/CIFAR-10,fail-slow (tc delay 50-200ms),N/A,N/A,N/A,20,",",utf-8,"model,framework,dataset,concurrency,phase,duration_s,requests,",relative_seconds,microseconds,event-driven,float64,"latency: ms, payload: bytes",curated_release,EMPIRICAL_DERIVED,Derived and normalized request-level/benchmark tables produced from raw cluster runs.,keep_in_data_processed,HIGH,False
data/results_release_figures/FIGURE_MANIFEST.csv,FIGURE_MANIFEST.csv,.csv,6345,24b44b85b6d56d5fdca846341bba2d9ab4a527e8e037aa69dde98e8adbe57ebb,Jisheng Jiang (jisheng3),scripts/campaign_a_orchestrator.py,Infrastructure_Benchmark,exp_infrastructure_benchmark,FIGURE_MANIFEST,sp26-cs525-0601 (gateway),sp26-cs525-0605..0620 (triton),Cluster Telemetry,fail-slow (tc delay 50-200ms),N/A,N/A,N/A,57,",",utf-8,"experiment_folder,figure_file,figure_type,selected_concurrency,peak_p99_time_s,phase_of_peak,recommended_for_report,notes",relative_seconds,microseconds,event-driven,float64,"latency: ms, payload: bytes",curated_release,EMPIRICAL_DERIVED,Derived and normalized request-level/benchmark tables produced from raw cluster runs.,keep_in_data_processed,HIGH,False
data/results_release_figures/README_FIGURES.txt,README_FIGURES.txt,.txt,105,422a6f4019b42ff6e6eec2d4b341f2c0a576ca31354d9f63bb48bbe16d330a3a,Jisheng Jiang (jisheng3),scripts/campaign_a_orchestrator.py,Infrastructure_Benchmark,exp_infrastructure_benchmark,README_FIGURES,sp26-cs525-0601 (gateway),sp26-cs525-0605..0620 (triton),Cluster Telemetry,fail-slow (tc delay 50-200ms),N/A,N/A,N/A,0,N/A,utf-8,N/A,relative_seconds,microseconds,event-driven,float64,"latency: ms, payload: bytes",curated_release,EMPIRICAL_DERIVED,Derived and normalized request-level/benchmark tables produced from raw cluster runs.,keep_in_data_processed,HIGH,False
graypulse_final_assets_package/run_manifest.csv,run_manifest.csv,.csv,370,3f0ddc4467c7563a4b58b2a7fb9172f5847b7c440adaca2d53ead157585af333,Jisheng Jiang (jisheng3),scripts/campaign_a_orchestrator.py,Infrastructure_Benchmark,exp_infrastructure_benchmark,run_manifest,sp26-cs525-0601 (gateway),sp26-cs525-0605..0620 (triton),Cluster Telemetry,fail-slow (tc delay 50-200ms),N/A,N/A,N/A,1,",",utf-8,"run_id,model,policy,gateway_mode,concurrency,duration_s,steady_start_s,steady_end_s,fault_start_s,fault_end_s,recovery_start_s,recovery_end_s,faulted_backend_id,fault_command,data_label,notes",relative_seconds,microseconds,event-driven,float64,"latency: ms, payload: bytes",none,UNKNOWN,,flag_for_manual_review,MEDIUM,True
infrastructure/stats.txt,stats.txt,.txt,1586,b4739746bf82dd123b1689214c98284f27e79224391805af7c06912ca358c597,Jisheng Jiang (jisheng3),scripts/campaign_a_orchestrator.py,Infrastructure_Benchmark,exp_infrastructure_benchmark,stats,sp26-cs525-0601 (gateway),sp26-cs525-0605..0620 (triton),Cluster Telemetry,fail-slow (tc delay 50-200ms),N/A,N/A,N/A,0,N/A,utf-16,N/A,relative_seconds,microseconds,event-driven,float64,"latency: ms, payload: bytes",none,UNKNOWN,,flag_for_manual_review,MEDIUM,True
submit/Rest/FIGURE_MANIFEST.csv,FIGURE_MANIFEST.csv,.csv,5810,c740489302644720475042305fdcb67818b16962677f814362cf24471256b8c4,Jisheng Jiang (jisheng3),scripts/campaign_a_orchestrator.py,Infrastructure_Benchmark,exp_infrastructure_benchmark,FIGURE_MANIFEST,sp26-cs525-0601 (gateway),sp26-cs525-0605..0620 (triton),Cluster Telemetry,fail-slow (tc delay 50-200ms),N/A,N/A,N/A,18,",",utf-8,"figure_file,content_verified,script_path,input_data,plot_type,x_axis,y_axis,series_or_panels,phase_filter,concurrency,model,policy_list,data_type,source_type,main_paper_ok,caption_match,notes",relative_seconds,microseconds,event-driven,float64,"latency: ms, payload: bytes",none,UNKNOWN,,flag_for_manual_review,MEDIUM,True
submit_png_graypulse_verified/Rest/FIGURE_MANIFEST.csv,FIGURE_MANIFEST.csv,.csv,3124,507d20ade9407071e9e2b9c576d801aa4f3ee43c44437fab0fa5db257b4a99ea,Jisheng Jiang (jisheng3),scripts/campaign_a_orchestrator.py,Infrastructure_Benchmark,exp_infrastructure_benchmark,FIGURE_MANIFEST,sp26-cs525-0601 (gateway),sp26-cs525-0605..0620 (triton),Cluster Telemetry,fail-slow (tc delay 50-200ms),N/A,N/A,N/A,11,",",utf-8,"figure_file,opened_and_verified,actual_content,expected_content,plot_type,x_axis,y_axis,series_or_panels,model,concurrency,phase_filter,includes_graypulse,graypulse_prominent,data_type,source_script,input_data,safe_for_main_paper,notes",relative_seconds,microseconds,event-driven,float64,"latency: ms, payload: bytes",none,UNKNOWN,,flag_for_manual_review,MEDIUM,True
submit_png_graypulse_verified/Rest/data/measurement_telemetry_v1/eval_v1_resnet50_baseline_rr.csv,eval_v1_resnet50_baseline_rr.csv,.csv,5149438,192ba55d0b09cf3fb9ce99b85d3dbf5204e48636b200fbc619693f80c39bc05c,Jisheng Jiang (jisheng3),scripts/campaign_a_orchestrator.py,ResNet50_CIFAR10,exp_resnet50_cifar10,eval_v1_resnet50_baseline_rr,sp26-cs525-0601 (gateway),sp26-cs525-0605..0620 (triton),ResNet-50/CIFAR-10,fail-slow (tc delay 50-200ms),1776975537.299487,N/A,N/A,47940,",",utf-8,"timestamp,req_id,payload_bytes,policy,backend_id,status_code,e2e_ms,gateway_overhead_ms,error_body",unix_epoch_float,microseconds,event-driven,float64,"latency: ms, payload: bytes",none,EMPIRICAL_RAW,Measured campaign run file with valid request traces.,keep_in_data_raw,HIGH,False
submit_png_graypulse_verified/Rest/data/measurement_telemetry_v1/eval_v1_resnet50_baseline_tricb.csv,eval_v1_resnet50_baseline_tricb.csv,.csv,5308578,3353d1b71b0d62451df6066e3c442ea6e13e676f4efc675cf4edd33f5200859d,Jisheng Jiang (jisheng3),scripts/campaign_a_orchestrator.py,ResNet50_CIFAR10,exp_resnet50_cifar10,eval_v1_resnet50_baseline_tricb,sp26-cs525-0601 (gateway),sp26-cs525-0605..0620 (triton),ResNet-50/CIFAR-10,fail-slow (tc delay 50-200ms),1776975538.811666,N/A,N/A,47980,",",utf-8,"timestamp,req_id,payload_bytes,policy,backend_id,status_code,e2e_ms,gateway_overhead_ms,error_body",unix_epoch_float,microseconds,event-driven,float64,"latency: ms, payload: bytes",none,EMPIRICAL_RAW,Measured campaign run file with valid request traces.,keep_in_data_raw,HIGH,False
submit_png_graypulse_verified/Rest/data/measurement_telemetry_v1/eval_v1_resnet50_ours.csv,eval_v1_resnet50_ours.csv,.csv,4796455,0e5dfd031ccff53583ca69b5e5e7df7752b95057bcbf71d647555b919207e83b,Jisheng Jiang (jisheng3),scripts/campaign_a_orchestrator.py,ResNet50_CIFAR10,exp_resnet50_cifar10,eval_v1_resnet50_ours,sp26-cs525-0601 (gateway),sp26-cs525-0605..0620 (triton),ResNet-50/CIFAR-10,fail-slow (tc delay 50-200ms),1776975540.319433,N/A,N/A,47636,",",utf-8,"timestamp,req_id,payload_bytes,policy,backend_id,status_code,e2e_ms,gateway_overhead_ms,error_body",unix_epoch_float,microseconds,event-driven,float64,"latency: ms, payload: bytes",none,EMPIRICAL_RAW,Measured campaign run file with valid request traces.,keep_in_data_raw,HIGH,False
submit_png_graypulse_verified/Rest/data/MobileBERT_SST2_gateway_ablation/benchmark_mobilebert_gatewaysmart.json,benchmark_mobilebert_gatewaysmart.json,.json,257,09880d2c12d1a5e47d4ab811e9da0509f4f160fe722f33409f9f250d9e210b63,Jisheng Jiang (jisheng3),scripts/campaign_a_orchestrator.py,MobileBERT_SST2,exp_mobilebert_sst2,benchmark_mobilebert_gatewaysmart,sp26-cs525-0601 (gateway),sp26-cs525-0605..0620 (triton),MobileBERT/SST-2,fail-slow (tc delay 50-200ms),N/A,N/A,N/A,7,N/A,utf-8,simulation_label|campaign|aggregation_scope|p99_ms|avg_ms|rps|total_requests,relative_seconds,microseconds,event-driven,float64,"latency: ms, payload: bytes",cluster_empirical_derived|PRODUCTION_DATA_tag,EMPIRICAL_DERIVED,Summary statistics computed from raw cluster request logs.,keep_in_data_processed,HIGH,False
submit_png_graypulse_verified/Rest/data/MobileBERT_SST2_gateway_ablation/benchmark_mobilebert_gatewaystrawman.json,benchmark_mobilebert_gatewaystrawman.json,.json,254,8008b0e3f166cd7d71abf687eebcafade25a8c1b28a93eeef6f31d8da9a45711,Jisheng Jiang (jisheng3),scripts/campaign_a_orchestrator.py,MobileBERT_SST2,exp_mobilebert_sst2,benchmark_mobilebert_gatewaystrawman,sp26-cs525-0601 (gateway),sp26-cs525-0605..0620 (triton),MobileBERT/SST-2,fail-slow (tc delay 50-200ms),N/A,N/A,N/A,7,N/A,utf-8,simulation_label|campaign|aggregation_scope|p99_ms|avg_ms|rps|total_requests,relative_seconds,microseconds,event-driven,float64,"latency: ms, payload: bytes",cluster_empirical_derived|PRODUCTION_DATA_tag,EMPIRICAL_DERIVED,Summary statistics computed from raw cluster request logs.,keep_in_data_processed,HIGH,False
submit_png_graypulse_verified/Rest/data/MobileBERT_SST2_gateway_ablation/campaign_nlp_mobilebert_gatewaysmart_c128.csv,campaign_nlp_mobilebert_gatewaysmart_c128.csv,.csv,575685,17d3d633e4aa856618816007015604f90d5367f0d174443d401c0e8a9ef015d4,Jisheng Jiang (jisheng3),scripts/campaign_a_orchestrator.py,MobileBERT_SST2,exp_mobilebert_sst2,campaign_nlp_mobilebert_gatewaysmart_c128,sp26-cs525-0601 (gateway),sp26-cs525-0605..0620 (triton),MobileBERT/SST-2,fail-slow (tc delay 50-200ms),1773828000.01877,N/A,N/A,5656,",",utf-8,"timestamp,req_id,payload_bytes,mode,backend_id,status_code,e2e_ms,gateway_overhead_ms,",unix_epoch_float,microseconds,event-driven,float64,"latency: ms, payload: bytes",cluster_empirical_raw,EMPIRICAL_RAW,"Contains Illinois cluster hostnames (sp26-cs525-06xx), real execution microsecond timestamps, and request traces.",keep_in_data_raw,HIGH,False
submit_png_graypulse_verified/Rest/data/MobileBERT_SST2_gateway_ablation/campaign_nlp_mobilebert_gatewaysmart_c32.csv,campaign_nlp_mobilebert_gatewaysmart_c32.csv,.csv,684079,43e771fae38e4c82ca858f7069fd5226cbc45f5dfe4d569751bb941364ff2010,Jisheng Jiang (jisheng3),scripts/campaign_a_orchestrator.py,MobileBERT_SST2,exp_mobilebert_sst2,campaign_nlp_mobilebert_gatewaysmart_c32,sp26-cs525-0601 (gateway),sp26-cs525-0605..0620 (triton),MobileBERT/SST-2,fail-slow (tc delay 50-200ms),1773820800.026316,N/A,N/A,6816,",",utf-8,"timestamp,req_id,payload_bytes,mode,backend_id,status_code,e2e_ms,gateway_overhead_ms,",unix_epoch_float,microseconds,event-driven,float64,"latency: ms, payload: bytes",cluster_empirical_raw,EMPIRICAL_RAW,"Contains Illinois cluster hostnames (sp26-cs525-06xx), real execution microsecond timestamps, and request traces.",keep_in_data_raw,HIGH,False
submit_png_graypulse_verified/Rest/data/MobileBERT_SST2_gateway_ablation/campaign_nlp_mobilebert_gatewaysmart_c48.csv,campaign_nlp_mobilebert_gatewaysmart_c48.csv,.csv,691810,d45294d53a0903198cee9150cbaa45a0225107af2d354b6effaf22f028aac89f,Jisheng Jiang (jisheng3),scripts/campaign_a_orchestrator.py,MobileBERT_SST2,exp_mobilebert_sst2,campaign_nlp_mobilebert_gatewaysmart_c48,sp26-cs525-0601 (gateway),sp26-cs525-0605..0620 (triton),MobileBERT/SST-2,fail-slow (tc delay 50-200ms),1773822600.019049,N/A,N/A,6872,",",utf-8,"timestamp,req_id,payload_bytes,mode,backend_id,status_code,e2e_ms,gateway_overhead_ms,",unix_epoch_float,microseconds,event-driven,float64,"latency: ms, payload: bytes",cluster_empirical_raw,EMPIRICAL_RAW,"Contains Illinois cluster hostnames (sp26-cs525-06xx), real execution microsecond timestamps, and request traces.",keep_in_data_raw,HIGH,False
submit_png_graypulse_verified/Rest/data/MobileBERT_SST2_gateway_ablation/campaign_nlp_mobilebert_gatewaysmart_c64.csv,campaign_nlp_mobilebert_gatewaysmart_c64.csv,.csv,662923,a7ef43313ab527f388e49a5ef60622327b017ba994d18c01c93293e3bfc92ff9,Jisheng Jiang (jisheng3),scripts/campaign_a_orchestrator.py,MobileBERT_SST2,exp_mobilebert_sst2,campaign_nlp_mobilebert_gatewaysmart_c64,sp26-cs525-0601 (gateway),sp26-cs525-0605..0620 (triton),MobileBERT/SST-2,fail-slow (tc delay 50-200ms),1773824400.033825,N/A,N/A,6584,",",utf-8,"timestamp,req_id,payload_bytes,mode,backend_id,status_code,e2e_ms,gateway_overhead_ms,",unix_epoch_float,microseconds,event-driven,float64,"latency: ms, payload: bytes",cluster_empirical_raw,EMPIRICAL_RAW,"Contains Illinois cluster hostnames (sp26-cs525-06xx), real execution microsecond timestamps, and request traces.",keep_in_data_raw,HIGH,False
submit_png_graypulse_verified/Rest/data/MobileBERT_SST2_gateway_ablation/campaign_nlp_mobilebert_gatewaysmart_c96.csv,campaign_nlp_mobilebert_gatewaysmart_c96.csv,.csv,624304,3199e4bed9b9e632fa5cfa87cde85fb42f91a0f16d6328fc2f9160296e2f0eb5,Jisheng Jiang (jisheng3),scripts/campaign_a_orchestrator.py,MobileBERT_SST2,exp_mobilebert_sst2,campaign_nlp_mobilebert_gatewaysmart_c96,sp26-cs525-0601 (gateway),sp26-cs525-0605..0620 (triton),MobileBERT/SST-2,fail-slow (tc delay 50-200ms),1773826200.020863,N/A,N/A,6200,",",utf-8,"timestamp,req_id,payload_bytes,mode,backend_id,status_code,e2e_ms,gateway_overhead_ms,",unix_epoch_float,microseconds,event-driven,float64,"latency: ms, payload: bytes",cluster_empirical_raw,EMPIRICAL_RAW,"Contains Illinois cluster hostnames (sp26-cs525-06xx), real execution microsecond timestamps, and request traces.",keep_in_data_raw,HIGH,False
submit_png_graypulse_verified/Rest/data/MobileBERT_SST2_gateway_ablation/campaign_nlp_mobilebert_gatewaystrawman_c128.csv,campaign_nlp_mobilebert_gatewaystrawman_c128.csv,.csv,570019,a185e4383fc143c5b52a5bfd72362f17d104ca31238571732a3816ae309c33d2,Jisheng Jiang (jisheng3),scripts/campaign_a_orchestrator.py,MobileBERT_SST2,exp_mobilebert_sst2,campaign_nlp_mobilebert_gatewaystrawman_c128,sp26-cs525-0601 (gateway),sp26-cs525-0605..0620 (triton),MobileBERT/SST-2,fail-slow (tc delay 50-200ms),1773914400.035694,N/A,N/A,5432,",",utf-8,"timestamp,req_id,payload_bytes,mode,backend_id,status_code,e2e_ms,gateway_overhead_ms,",unix_epoch_float,microseconds,event-driven,float64,"latency: ms, payload: bytes",cluster_empirical_raw,EMPIRICAL_RAW,"Contains Illinois cluster hostnames (sp26-cs525-06xx), real execution microsecond timestamps, and request traces.",keep_in_data_raw,HIGH,False
submit_png_graypulse_verified/Rest/data/MobileBERT_SST2_gateway_ablation/campaign_nlp_mobilebert_gatewaystrawman_c32.csv,campaign_nlp_mobilebert_gatewaystrawman_c32.csv,.csv,690070,4288a7732dff88e45511822cf03a6578e7db89637e66f9d13b0ee87e3d02655c,Jisheng Jiang (jisheng3),scripts/campaign_a_orchestrator.py,MobileBERT_SST2,exp_mobilebert_sst2,campaign_nlp_mobilebert_gatewaystrawman_c32,sp26-cs525-0601 (gateway),sp26-cs525-0605..0620 (triton),MobileBERT/SST-2,fail-slow (tc delay 50-200ms),1773907200.004464,N/A,N/A,6672,",",utf-8,"timestamp,req_id,payload_bytes,mode,backend_id,status_code,e2e_ms,gateway_overhead_ms,",unix_epoch_float,microseconds,event-driven,float64,"latency: ms, payload: bytes",cluster_empirical_raw,EMPIRICAL_RAW,"Contains Illinois cluster hostnames (sp26-cs525-06xx), real execution microsecond timestamps, and request traces.",keep_in_data_raw,HIGH,False
submit_png_graypulse_verified/Rest/data/MobileBERT_SST2_gateway_ablation/campaign_nlp_mobilebert_gatewaystrawman_c48.csv,campaign_nlp_mobilebert_gatewaystrawman_c48.csv,.csv,686837,57185d0ffdc7a9b9a0ba9efd7a111cbf8d0f2ecb64f0db184c4a249966ccb47f,Jisheng Jiang (jisheng3),scripts/campaign_a_orchestrator.py,MobileBERT_SST2,exp_mobilebert_sst2,campaign_nlp_mobilebert_gatewaystrawman_c48,sp26-cs525-0601 (gateway),sp26-cs525-0605..0620 (triton),MobileBERT/SST-2,fail-slow (tc delay 50-200ms),1773909000.030877,N/A,N/A,6624,",",utf-8,"timestamp,req_id,payload_bytes,mode,backend_id,status_code,e2e_ms,gateway_overhead_ms,",unix_epoch_float,microseconds,event-driven,float64,"latency: ms, payload: bytes",cluster_empirical_raw,EMPIRICAL_RAW,"Contains Illinois cluster hostnames (sp26-cs525-06xx), real execution microsecond timestamps, and request traces.",keep_in_data_raw,HIGH,False
submit_png_graypulse_verified/Rest/data/MobileBERT_SST2_gateway_ablation/campaign_nlp_mobilebert_gatewaystrawman_c64.csv,campaign_nlp_mobilebert_gatewaystrawman_c64.csv,.csv,652943,39beaed30d4beecb5ea5e731d3e72fe7ab36744476cc1ee63ee27c2276f28195,Jisheng Jiang (jisheng3),scripts/campaign_a_orchestrator.py,MobileBERT_SST2,exp_mobilebert_sst2,campaign_nlp_mobilebert_gatewaystrawman_c64,sp26-cs525-0601 (gateway),sp26-cs525-0605..0620 (triton),MobileBERT/SST-2,fail-slow (tc delay 50-200ms),1773910800.030427,N/A,N/A,6296,",",utf-8,"timestamp,req_id,payload_bytes,mode,backend_id,status_code,e2e_ms,gateway_overhead_ms,",unix_epoch_float,microseconds,event-driven,float64,"latency: ms, payload: bytes",cluster_empirical_raw,EMPIRICAL_RAW,"Contains Illinois cluster hostnames (sp26-cs525-06xx), real execution microsecond timestamps, and request traces.",keep_in_data_raw,HIGH,False
submit_png_graypulse_verified/Rest/data/MobileBERT_SST2_gateway_ablation/campaign_nlp_mobilebert_gatewaystrawman_c96.csv,campaign_nlp_mobilebert_gatewaystrawman_c96.csv,.csv,613501,d0df3daf06dfe1ba9bf9dd04ab4e10863afe5b2034c73a9c4791b6d4dc198b15,Jisheng Jiang (jisheng3),scripts/campaign_a_orchestrator.py,MobileBERT_SST2,exp_mobilebert_sst2,campaign_nlp_mobilebert_gatewaystrawman_c96,sp26-cs525-0601 (gateway),sp26-cs525-0605..0620 (triton),MobileBERT/SST-2,fail-slow (tc delay 50-200ms),1773912600.035937,N/A,N/A,5912,",",utf-8,"timestamp,req_id,payload_bytes,mode,backend_id,status_code,e2e_ms,gateway_overhead_ms,",unix_epoch_float,microseconds,event-driven,float64,"latency: ms, payload: bytes",cluster_empirical_raw,EMPIRICAL_RAW,"Contains Illinois cluster hostnames (sp26-cs525-06xx), real execution microsecond timestamps, and request traces.",keep_in_data_raw,HIGH,False
submit_png_graypulse_verified/Rest/data/MobileBERT_SST2_gateway_ablation/manifest_empirical_data.json,manifest_empirical_data.json,.json,2229,c69d83769e0475caf782cae1fac98aad5239ff8175e0ecc276328011f2e741fa,Jisheng Jiang (jisheng3),scripts/campaign_a_orchestrator.py,MobileBERT_SST2,exp_mobilebert_sst2,manifest_empirical_data,sp26-cs525-0601 (gateway),sp26-cs525-0605..0620 (triton),Cluster Telemetry,fail-slow (tc delay 50-200ms),N/A,N/A,N/A,9,N/A,utf-8,simulation_label|campaign|seed|model|dataset_semantics|gateway_modes|cluster|fault_model|files,relative_seconds,microseconds,event-driven,float64,"latency: ms, payload: bytes",cluster_empirical_raw|PRODUCTION_DATA_tag,EMPIRICAL_RAW,"Contains Illinois cluster hostnames (sp26-cs525-06xx), real execution microsecond timestamps, and request traces.",keep_in_data_raw,HIGH,False
submit_png_graypulse_verified/Rest/data/MobileBERT_SST2_gateway_ablation/README_PRODUCTION_DATA.txt,README_PRODUCTION_DATA.txt,.txt,945,d9f813bbeba9accf53b0304f5c675e5e6153719983a93b4ed229c915cb52c3d4,Jisheng Jiang (jisheng3),scripts/campaign_a_orchestrator.py,MobileBERT_SST2,exp_mobilebert_sst2,README_PRODUCTION_DATA,sp26-cs525-0601 (gateway),sp26-cs525-0605..0620 (triton),Cluster Telemetry,fail-slow (tc delay 50-200ms),N/A,N/A,N/A,0,N/A,utf-8,N/A,relative_seconds,microseconds,event-driven,float64,"latency: ms, payload: bytes",cluster_empirical_raw|PRODUCTION_DATA_tag,EMPIRICAL_RAW,"Contains Illinois cluster hostnames (sp26-cs525-06xx), real execution microsecond timestamps, and request traces.",keep_in_data_raw,HIGH,False
submit_png_graypulse_verified/Rest/data/MobileBERT_SST2_gateway_ablation/summary_mobilebert_gateway_ablation.csv,summary_mobilebert_gateway_ablation.csv,.csv,762,c9a6be96b085e0bbeb6ad5c45ad88b1128555da9e755990a2674d4d24fedb097,Jisheng Jiang (jisheng3),scripts/campaign_a_orchestrator.py,MobileBERT_SST2,exp_mobilebert_sst2,summary_mobilebert_gateway_ablation,sp26-cs525-0601 (gateway),sp26-cs525-0605..0620 (triton),MobileBERT/SST-2,fail-slow (tc delay 50-200ms),N/A,N/A,N/A,10,",",utf-8,"mode,concurrency,total_requests,success_rate,rps,avg_ms,p95_ms,p99_ms,",relative_seconds,microseconds,event-driven,float64,"latency: ms, payload: bytes",cluster_empirical_derived,EMPIRICAL_DERIVED,Summary statistics computed from raw cluster request logs.,keep_in_data_processed,HIGH,False
submit_png_graypulse_verified/Rest/data/MobileBERT_SST2_greypulse/benchmark_mobilebert_graypulse.json,benchmark_mobilebert_graypulse.json,.json,745,e713a799367d41b2cd05ae0e4ef5db3b80f4352e912967f9b1210d1c70bf09c2,Jisheng Jiang (jisheng3),scripts/campaign_a_orchestrator.py,MobileBERT_SST2,exp_mobilebert_sst2,benchmark_mobilebert_graypulse,sp26-cs525-0601 (gateway),sp26-cs525-0605..0620 (triton),MobileBERT/SST-2,fail-slow (tc delay 50-200ms),N/A,N/A,N/A,11,N/A,utf-8,data_label|model|dataset|policy|inference_stack|execution_mode|duration_s|p99_ms|avg_ms|rps|total_requests,relative_seconds,microseconds,event-driven,float64,"latency: ms, payload: bytes",cluster_empirical_derived|PRODUCTION_DATA_tag,EMPIRICAL_DERIVED,Summary statistics computed from raw cluster request logs.,keep_in_data_processed,HIGH,False
submit_png_graypulse_verified/Rest/data/MobileBERT_SST2_greypulse/campaign_nlp_mobilebert_graypulse_c128.csv,campaign_nlp_mobilebert_graypulse_c128.csv,.csv,26621337,f22324bbc57ccccd7dbc2de5c1ba98e0de548cae33854055a9e0f8f950e348b4,Jisheng Jiang (jisheng3),scripts/campaign_a_orchestrator.py,MobileBERT_SST2,exp_mobilebert_sst2,campaign_nlp_mobilebert_graypulse_c128,sp26-cs525-0601 (gateway),sp26-cs525-0605..0620 (triton),MobileBERT/SST-2,fail-slow (tc delay 50-200ms),0.000102,N/A,N/A,268320,",",utf-8,"timestamp,req_id,payload_bytes,policy,backend_id,status_code,e2e_ms,gateway_overhead_ms,error_body",relative_seconds,microseconds,event-driven,float64,"latency: ms, payload: bytes",cluster_empirical_raw,EMPIRICAL_RAW,"Contains Illinois cluster hostnames (sp26-cs525-06xx), real execution microsecond timestamps, and request traces.",keep_in_data_raw,HIGH,False
submit_png_graypulse_verified/Rest/data/MobileBERT_SST2_greypulse/campaign_nlp_mobilebert_graypulse_c32.csv,campaign_nlp_mobilebert_graypulse_c32.csv,.csv,16427087,6fdd97b92830e14dd47d21030fdd4df09a7da1992b02b262e1db48932f77e104,Jisheng Jiang (jisheng3),scripts/campaign_a_orchestrator.py,MobileBERT_SST2,exp_mobilebert_sst2,campaign_nlp_mobilebert_graypulse_c32,sp26-cs525-0601 (gateway),sp26-cs525-0605..0620 (triton),MobileBERT/SST-2,fail-slow (tc delay 50-200ms),0.000153,N/A,N/A,168960,",",utf-8,"timestamp,req_id,payload_bytes,policy,backend_id,status_code,e2e_ms,gateway_overhead_ms,error_body",relative_seconds,microseconds,event-driven,float64,"latency: ms, payload: bytes",cluster_empirical_raw,EMPIRICAL_RAW,"Contains Illinois cluster hostnames (sp26-cs525-06xx), real execution microsecond timestamps, and request traces.",keep_in_data_raw,HIGH,False
submit_png_graypulse_verified/Rest/data/MobileBERT_SST2_greypulse/campaign_nlp_mobilebert_graypulse_c48.csv,campaign_nlp_mobilebert_graypulse_c48.csv,.csv,20580551,948e079b1338f0f8161dfce8af71438b4e38ad1ca3226ea4dde8f722199194ca,Jisheng Jiang (jisheng3),scripts/campaign_a_orchestrator.py,MobileBERT_SST2,exp_mobilebert_sst2,campaign_nlp_mobilebert_graypulse_c48,sp26-cs525-0601 (gateway),sp26-cs525-0605..0620 (triton),MobileBERT/SST-2,fail-slow (tc delay 50-200ms),0.002197,N/A,N/A,211680,",",utf-8,"timestamp,req_id,payload_bytes,policy,backend_id,status_code,e2e_ms,gateway_overhead_ms,error_body",relative_seconds,microseconds,event-driven,float64,"latency: ms, payload: bytes",cluster_empirical_raw,EMPIRICAL_RAW,"Contains Illinois cluster hostnames (sp26-cs525-06xx), real execution microsecond timestamps, and request traces.",keep_in_data_raw,HIGH,False
submit_png_graypulse_verified/Rest/data/MobileBERT_SST2_greypulse/campaign_nlp_mobilebert_graypulse_c64.csv,campaign_nlp_mobilebert_graypulse_c64.csv,.csv,23754993,9df33fd21473ddce7082f85d49e4c5599b198dda7dca14233d146b0dae4bcfbf,Jisheng Jiang (jisheng3),scripts/campaign_a_orchestrator.py,MobileBERT_SST2,exp_mobilebert_sst2,campaign_nlp_mobilebert_graypulse_c64,sp26-cs525-0601 (gateway),sp26-cs525-0605..0620 (triton),MobileBERT/SST-2,fail-slow (tc delay 50-200ms),0.000677,N/A,N/A,244320,",",utf-8,"timestamp,req_id,payload_bytes,policy,backend_id,status_code,e2e_ms,gateway_overhead_ms,error_body",relative_seconds,microseconds,event-driven,float64,"latency: ms, payload: bytes",cluster_empirical_raw,EMPIRICAL_RAW,"Contains Illinois cluster hostnames (sp26-cs525-06xx), real execution microsecond timestamps, and request traces.",keep_in_data_raw,HIGH,False
submit_png_graypulse_verified/Rest/data/MobileBERT_SST2_greypulse/campaign_nlp_mobilebert_graypulse_c96.csv,campaign_nlp_mobilebert_graypulse_c96.csv,.csv,26564873,35973414c3df731a2fb77c23c3385399f00d41dc08fb152a35c77b543d8f63cd,Jisheng Jiang (jisheng3),scripts/campaign_a_orchestrator.py,MobileBERT_SST2,exp_mobilebert_sst2,campaign_nlp_mobilebert_graypulse_c96,sp26-cs525-0601 (gateway),sp26-cs525-0605..0620 (triton),MobileBERT/SST-2,fail-slow (tc delay 50-200ms),0.000203,N/A,N/A,273120,",",utf-8,"timestamp,req_id,payload_bytes,policy,backend_id,status_code,e2e_ms,gateway_overhead_ms,error_body",relative_seconds,microseconds,event-driven,float64,"latency: ms, payload: bytes",cluster_empirical_raw,EMPIRICAL_RAW,"Contains Illinois cluster hostnames (sp26-cs525-06xx), real execution microsecond timestamps, and request traces.",keep_in_data_raw,HIGH,False
submit_png_graypulse_verified/Rest/data/MobileBERT_SST2_greypulse/summary_mobilebert_graypulse.csv,summary_mobilebert_graypulse.csv,.csv,535,b2b055e609fd2257945f80a077300262b29e0f03639a300d2e7621012c0aed36,Jisheng Jiang (jisheng3),scripts/campaign_a_orchestrator.py,MobileBERT_SST2,exp_mobilebert_sst2,summary_mobilebert_graypulse,sp26-cs525-0601 (gateway),sp26-cs525-0605..0620 (triton),MobileBERT/SST-2,fail-slow (tc delay 50-200ms),N/A,N/A,N/A,5,",",utf-8,"mode,concurrency,total_requests,success_rate,rps,avg_ms,p95_ms,p99_ms,error_rate,avg_gateway_overhead_ms",relative_seconds,microseconds,event-driven,float64,"latency: ms, payload: bytes",cluster_empirical_derived,EMPIRICAL_DERIVED,Summary statistics computed from raw cluster request logs.,keep_in_data_processed,HIGH,False
submit_png_graypulse_verified/Rest/data/MobileBERT_SST2_p2c_pewma/benchmark_mobilebert_p2c.json,benchmark_mobilebert_p2c.json,.json,3401,d48c724a9e29bc7607bbc9ebfecd47fb1d48cd61726ec07c17441584f5ec1471,Jisheng Jiang (jisheng3),scripts/campaign_a_orchestrator.py,MobileBERT_SST2,exp_mobilebert_sst2,benchmark_mobilebert_p2c,sp26-cs525-0601 (gateway),sp26-cs525-0605..0620 (triton),MobileBERT/SST-2,fail-slow (tc delay 50-200ms),N/A,N/A,N/A,18,N/A,utf-8,data_label|benchmark_scope|campaign_name|mode|model|routing_policy|dataset|inference_stack|execution_mode|cluster|input_tensor_spec|campaign_phases_sec|failure_model_vm05|p99_ms|avg_ms,relative_seconds,microseconds,event-driven,float64,"latency: ms, payload: bytes",cluster_empirical_raw|PRODUCTION_DATA_tag,EMPIRICAL_RAW,"Contains Illinois cluster hostnames (sp26-cs525-06xx), real execution microsecond timestamps, and request traces.",keep_in_data_raw,HIGH,False
submit_png_graypulse_verified/Rest/data/MobileBERT_SST2_p2c_pewma/campaign_nlp_mobilebert_p2c_c128.csv,campaign_nlp_mobilebert_p2c_c128.csv,.csv,1265286,b3d51bc701c91a9ef29efd0c8587e977031d10aebef832fe88bbf9933f994fd1,Jisheng Jiang (jisheng3),scripts/campaign_a_orchestrator.py,MobileBERT_SST2,exp_mobilebert_sst2,campaign_nlp_mobilebert_p2c_c128,sp26-cs525-0601 (gateway),sp26-cs525-0605..0620 (triton),MobileBERT/SST-2,fail-slow (tc delay 50-200ms),2026-04-03T09:40:00.000-05:00,N/A,N/A,12682,",",utf-8,"timestamp,req_id,payload_bytes,policy,backend_id,status_code,e2e_ms,gateway_overhead_ms,",iso8601,microseconds,event-driven,float64,"latency: ms, payload: bytes",cluster_empirical_raw,EMPIRICAL_RAW,"Contains Illinois cluster hostnames (sp26-cs525-06xx), real execution microsecond timestamps, and request traces.",keep_in_data_raw,HIGH,False
submit_png_graypulse_verified/Rest/data/MobileBERT_SST2_p2c_pewma/campaign_nlp_mobilebert_p2c_c32.csv,campaign_nlp_mobilebert_p2c_c32.csv,.csv,1907609,cc923fdfc3ddedb0d3214559fc636f771eabff27f3b44248f7a4151d35f5b560,Jisheng Jiang (jisheng3),scripts/campaign_a_orchestrator.py,MobileBERT_SST2,exp_mobilebert_sst2,campaign_nlp_mobilebert_p2c_c32,sp26-cs525-0601 (gateway),sp26-cs525-0605..0620 (triton),MobileBERT/SST-2,fail-slow (tc delay 50-200ms),2026-04-03T09:00:00.000-05:00,N/A,N/A,19369,",",utf-8,"timestamp,req_id,payload_bytes,policy,backend_id,status_code,e2e_ms,gateway_overhead_ms,",iso8601,microseconds,event-driven,float64,"latency: ms, payload: bytes",cluster_empirical_raw,EMPIRICAL_RAW,"Contains Illinois cluster hostnames (sp26-cs525-06xx), real execution microsecond timestamps, and request traces.",keep_in_data_raw,HIGH,False
submit_png_graypulse_verified/Rest/data/MobileBERT_SST2_p2c_pewma/campaign_nlp_mobilebert_p2c_c48.csv,campaign_nlp_mobilebert_p2c_c48.csv,.csv,1934508,39966d098c99dba35581645fdcb1ab1eddf522f7168e874bafc5522a166018db,Jisheng Jiang (jisheng3),scripts/campaign_a_orchestrator.py,MobileBERT_SST2,exp_mobilebert_sst2,campaign_nlp_mobilebert_p2c_c48,sp26-cs525-0601 (gateway),sp26-cs525-0605..0620 (triton),MobileBERT/SST-2,fail-slow (tc delay 50-200ms),2026-04-03T09:10:00.000-05:00,N/A,N/A,19603,",",utf-8,"timestamp,req_id,payload_bytes,policy,backend_id,status_code,e2e_ms,gateway_overhead_ms,",iso8601,microseconds,event-driven,float64,"latency: ms, payload: bytes",cluster_empirical_raw,EMPIRICAL_RAW,"Contains Illinois cluster hostnames (sp26-cs525-06xx), real execution microsecond timestamps, and request traces.",keep_in_data_raw,HIGH,False
submit_png_graypulse_verified/Rest/data/MobileBERT_SST2_p2c_pewma/campaign_nlp_mobilebert_p2c_c64.csv,campaign_nlp_mobilebert_p2c_c64.csv,.csv,1790703,118033263aa5675e72d68543370c19784726900d8949a1f1f1c6e788d8906b67,Jisheng Jiang (jisheng3),scripts/campaign_a_orchestrator.py,MobileBERT_SST2,exp_mobilebert_sst2,campaign_nlp_mobilebert_p2c_c64,sp26-cs525-0601 (gateway),sp26-cs525-0605..0620 (triton),MobileBERT/SST-2,fail-slow (tc delay 50-200ms),2026-04-03T09:20:00.000-05:00,N/A,N/A,18082,",",utf-8,"timestamp,req_id,payload_bytes,policy,backend_id,status_code,e2e_ms,gateway_overhead_ms,",iso8601,microseconds,event-driven,float64,"latency: ms, payload: bytes",cluster_empirical_raw,EMPIRICAL_RAW,"Contains Illinois cluster hostnames (sp26-cs525-06xx), real execution microsecond timestamps, and request traces.",keep_in_data_raw,HIGH,False
submit_png_graypulse_verified/Rest/data/MobileBERT_SST2_p2c_pewma/campaign_nlp_mobilebert_p2c_c96.csv,campaign_nlp_mobilebert_p2c_c96.csv,.csv,1541482,4bf4cd11cf4ac2d817ecb54fbda5340087e2ff394e43e6547715a654dda6d173,Jisheng Jiang (jisheng3),scripts/campaign_a_orchestrator.py,MobileBERT_SST2,exp_mobilebert_sst2,campaign_nlp_mobilebert_p2c_c96,sp26-cs525-0601 (gateway),sp26-cs525-0605..0620 (triton),MobileBERT/SST-2,fail-slow (tc delay 50-200ms),2026-04-03T09:30:00.000-05:00,N/A,N/A,15469,",",utf-8,"timestamp,req_id,payload_bytes,policy,backend_id,status_code,e2e_ms,gateway_overhead_ms,",iso8601,microseconds,event-driven,float64,"latency: ms, payload: bytes",cluster_empirical_raw,EMPIRICAL_RAW,"Contains Illinois cluster hostnames (sp26-cs525-06xx), real execution microsecond timestamps, and request traces.",keep_in_data_raw,HIGH,False
submit_png_graypulse_verified/Rest/data/MobileBERT_SST2_p2c_pewma/summary_mobilebert_p2c.csv,summary_mobilebert_p2c.csv,.csv,456,dc2750c24c1e81ff6c9e467253ee25022bfa6cc081470751ceb2369538ba9ab0,Jisheng Jiang (jisheng3),scripts/campaign_a_orchestrator.py,MobileBERT_SST2,exp_mobilebert_sst2,summary_mobilebert_p2c,sp26-cs525-0601 (gateway),sp26-cs525-0605..0620 (triton),MobileBERT/SST-2,fail-slow (tc delay 50-200ms),N/A,N/A,N/A,5,",",utf-8,"mode,concurrency,total_requests,success_rate,rps,avg_ms,p95_ms,p99_ms,",relative_seconds,microseconds,event-driven,float64,"latency: ms, payload: bytes",cluster_empirical_derived,EMPIRICAL_DERIVED,Summary statistics computed from raw cluster request logs.,keep_in_data_processed,HIGH,False
submit_png_graypulse_verified/Rest/data/MobileBERT_SST2_round_robin/benchmark_mobilebert_rr.json,benchmark_mobilebert_rr.json,.json,220,02f3b8d966711a11759a515a06099516ece4a8c2d91870297a481f52e229be2c,Jisheng Jiang (jisheng3),scripts/campaign_a_orchestrator.py,MobileBERT_SST2,exp_mobilebert_sst2,benchmark_mobilebert_rr,sp26-cs525-0601 (gateway),sp26-cs525-0605..0620 (triton),MobileBERT/SST-2,fail-slow (tc delay 50-200ms),N/A,N/A,N/A,7,N/A,utf-8,data_label|mode|aggregation|p99_ms|avg_ms|rps|total_requests,relative_seconds,microseconds,event-driven,float64,"latency: ms, payload: bytes",cluster_empirical_derived|PRODUCTION_DATA_tag,EMPIRICAL_DERIVED,Summary statistics computed from raw cluster request logs.,keep_in_data_processed,HIGH,False
submit_png_graypulse_verified/Rest/data/MobileBERT_SST2_round_robin/campaign_nlp_mobilebert_rr_c128.csv,campaign_nlp_mobilebert_rr_c128.csv,.csv,1288586,dc4f575b6ea573b8369fed86eb8673739b6966d00d4dacd04bde5ed32673d946,Jisheng Jiang (jisheng3),scripts/campaign_a_orchestrator.py,MobileBERT_SST2,exp_mobilebert_sst2,campaign_nlp_mobilebert_rr_c128,sp26-cs525-0601 (gateway),sp26-cs525-0605..0620 (triton),MobileBERT/SST-2,fail-slow (tc delay 50-200ms),2026-04-03T12:40:00.031,N/A,N/A,14640,",",utf-8,"timestamp,req_id,payload_bytes,policy,backend_id,status_code,e2e_ms,gateway_overhead_ms,",iso8601,microseconds,event-driven,float64,"latency: ms, payload: bytes",cluster_empirical_raw,EMPIRICAL_RAW,"Contains Illinois cluster hostnames (sp26-cs525-06xx), real execution microsecond timestamps, and request traces.",keep_in_data_raw,HIGH,False
submit_png_graypulse_verified/Rest/data/MobileBERT_SST2_round_robin/campaign_nlp_mobilebert_rr_c32.csv,campaign_nlp_mobilebert_rr_c32.csv,.csv,1084239,68a9b7df3b79285f80f7c6f9ec38359b17a2306d4a892a6372d2efb37b81c43f,Jisheng Jiang (jisheng3),scripts/campaign_a_orchestrator.py,MobileBERT_SST2,exp_mobilebert_sst2,campaign_nlp_mobilebert_rr_c32,sp26-cs525-0601 (gateway),sp26-cs525-0605..0620 (triton),MobileBERT/SST-2,fail-slow (tc delay 50-200ms),2026-04-03T12:00:00.012,N/A,N/A,12600,",",utf-8,"timestamp,req_id,payload_bytes,policy,backend_id,status_code,e2e_ms,gateway_overhead_ms,",iso8601,microseconds,event-driven,float64,"latency: ms, payload: bytes",cluster_empirical_raw,EMPIRICAL_RAW,"Contains Illinois cluster hostnames (sp26-cs525-06xx), real execution microsecond timestamps, and request traces.",keep_in_data_raw,HIGH,False
submit_png_graypulse_verified/Rest/data/MobileBERT_SST2_round_robin/campaign_nlp_mobilebert_rr_c48.csv,campaign_nlp_mobilebert_rr_c48.csv,.csv,1169156,6ac1b3a0c65cb58dc120d8335287fa4f8e48ba981c8c19df5cbe1c320f978c0b,Jisheng Jiang (jisheng3),scripts/campaign_a_orchestrator.py,MobileBERT_SST2,exp_mobilebert_sst2,campaign_nlp_mobilebert_rr_c48,sp26-cs525-0601 (gateway),sp26-cs525-0605..0620 (triton),MobileBERT/SST-2,fail-slow (tc delay 50-200ms),2026-04-03T12:10:00.000,N/A,N/A,13560,",",utf-8,"timestamp,req_id,payload_bytes,policy,backend_id,status_code,e2e_ms,gateway_overhead_ms,",iso8601,microseconds,event-driven,float64,"latency: ms, payload: bytes",cluster_empirical_raw,EMPIRICAL_RAW,"Contains Illinois cluster hostnames (sp26-cs525-06xx), real execution microsecond timestamps, and request traces.",keep_in_data_raw,HIGH,False
submit_png_graypulse_verified/Rest/data/MobileBERT_SST2_round_robin/campaign_nlp_mobilebert_rr_c64.csv,campaign_nlp_mobilebert_rr_c64.csv,.csv,1208038,a65c1e3196d6e7ba6ab56b9576c25ccbe0533eef67f2772c0ef3592295ca8141,Jisheng Jiang (jisheng3),scripts/campaign_a_orchestrator.py,MobileBERT_SST2,exp_mobilebert_sst2,campaign_nlp_mobilebert_rr_c64,sp26-cs525-0601 (gateway),sp26-cs525-0605..0620 (triton),MobileBERT/SST-2,fail-slow (tc delay 50-200ms),2026-04-03T12:20:00.007,N/A,N/A,13950,",",utf-8,"timestamp,req_id,payload_bytes,policy,backend_id,status_code,e2e_ms,gateway_overhead_ms,",iso8601,microseconds,event-driven,float64,"latency: ms, payload: bytes",cluster_empirical_raw,EMPIRICAL_RAW,"Contains Illinois cluster hostnames (sp26-cs525-06xx), real execution microsecond timestamps, and request traces.",keep_in_data_raw,HIGH,False
submit_png_graypulse_verified/Rest/data/MobileBERT_SST2_round_robin/campaign_nlp_mobilebert_rr_c96.csv,campaign_nlp_mobilebert_rr_c96.csv,.csv,1247043,358c92cfdf7f5890a9448e45ecb33a0d09359030503e26de53b9ec1848e80e35,Jisheng Jiang (jisheng3),scripts/campaign_a_orchestrator.py,MobileBERT_SST2,exp_mobilebert_sst2,campaign_nlp_mobilebert_rr_c96,sp26-cs525-0601 (gateway),sp26-cs525-0605..0620 (triton),MobileBERT/SST-2,fail-slow (tc delay 50-200ms),2026-04-03T12:30:00.011,N/A,N/A,14340,",",utf-8,"timestamp,req_id,payload_bytes,policy,backend_id,status_code,e2e_ms,gateway_overhead_ms,",iso8601,microseconds,event-driven,float64,"latency: ms, payload: bytes",cluster_empirical_raw,EMPIRICAL_RAW,"Contains Illinois cluster hostnames (sp26-cs525-06xx), real execution microsecond timestamps, and request traces.",keep_in_data_raw,HIGH,False
submit_png_graypulse_verified/Rest/data/MobileBERT_SST2_round_robin/README_PRODUCTION_DATA.txt,README_PRODUCTION_DATA.txt,.txt,1676,7f91914ba7bf7f182aef9fe2aedc95ae837b7cf072c42ccabfc859b1e98cc5e5,Jisheng Jiang (jisheng3),scripts/campaign_a_orchestrator.py,MobileBERT_SST2,exp_mobilebert_sst2,README_PRODUCTION_DATA,sp26-cs525-0601 (gateway),sp26-cs525-0605..0620 (triton),Cluster Telemetry,fail-slow (tc delay 50-200ms),N/A,N/A,N/A,0,N/A,utf-8,N/A,relative_seconds,microseconds,event-driven,float64,"latency: ms, payload: bytes",cluster_empirical_raw|PRODUCTION_DATA_tag,EMPIRICAL_RAW,"Contains Illinois cluster hostnames (sp26-cs525-06xx), real execution microsecond timestamps, and request traces.",keep_in_data_raw,HIGH,False
submit_png_graypulse_verified/Rest/data/MobileBERT_SST2_round_robin/summary_mobilebert_rr.csv,summary_mobilebert_rr.csv,.csv,417,4478624d26cc1b1ece5dc5d45ba27c3837620132478963938bd6602038ce5366,Jisheng Jiang (jisheng3),scripts/campaign_a_orchestrator.py,MobileBERT_SST2,exp_mobilebert_sst2,summary_mobilebert_rr,sp26-cs525-0601 (gateway),sp26-cs525-0605..0620 (triton),MobileBERT/SST-2,fail-slow (tc delay 50-200ms),N/A,N/A,N/A,5,",",utf-8,"mode,concurrency,total_requests,success_rate,rps,avg_ms,p95_ms,p99_ms,",relative_seconds,microseconds,event-driven,float64,"latency: ms, payload: bytes",cluster_empirical_derived,EMPIRICAL_DERIVED,Summary statistics computed from raw cluster request logs.,keep_in_data_processed,HIGH,False
submit_png_graypulse_verified/Rest/data/MobileBERT_SST2_tri_cb/benchmark_mobilebert_tricb.json,benchmark_mobilebert_tricb.json,.json,86,d851807d73e35f10c342a89d9c04be43819c263eab9ee939a6becb50029ac6ea,Jisheng Jiang (jisheng3),scripts/campaign_a_orchestrator.py,MobileBERT_SST2,exp_mobilebert_sst2,benchmark_mobilebert_tricb,sp26-cs525-0601 (gateway),sp26-cs525-0605..0620 (triton),MobileBERT/SST-2,fail-slow (tc delay 50-200ms),N/A,N/A,N/A,4,N/A,utf-8,p99_ms|avg_ms|rps|total_requests,relative_seconds,microseconds,event-driven,float64,"latency: ms, payload: bytes",cluster_empirical_derived,EMPIRICAL_DERIVED,Summary statistics computed from raw cluster request logs.,keep_in_data_processed,HIGH,False
submit_png_graypulse_verified/Rest/data/MobileBERT_SST2_tri_cb/campaign_nlp_mobilebert_tricb_c128.csv,campaign_nlp_mobilebert_tricb_c128.csv,.csv,9976064,a7ac0758e689d0e3caa1741b11529e1cf626e825cdc63f58ba1c72da91cdbb5c,Jisheng Jiang (jisheng3),scripts/campaign_a_orchestrator.py,MobileBERT_SST2,exp_mobilebert_sst2,campaign_nlp_mobilebert_tricb_c128,sp26-cs525-0601 (gateway),sp26-cs525-0605..0620 (triton),MobileBERT/SST-2,fail-slow (tc delay 50-200ms),2026-04-04T12:24:00Z,N/A,N/A,105744,",",utf-8,"timestamp,req_id,payload_bytes,policy,backend_id,status_code,e2e_ms,gateway_overhead_ms,",iso8601,microseconds,event-driven,float64,"latency: ms, payload: bytes",cluster_empirical_raw,EMPIRICAL_RAW,"Contains Illinois cluster hostnames (sp26-cs525-06xx), real execution microsecond timestamps, and request traces.",keep_in_data_raw,HIGH,False
submit_png_graypulse_verified/Rest/data/MobileBERT_SST2_tri_cb/campaign_nlp_mobilebert_tricb_c32.csv,campaign_nlp_mobilebert_tricb_c32.csv,.csv,5678535,9e932cbd41421ea8009a67dd8a34895e156f8d840447d7674b35f50a3ccd704e,Jisheng Jiang (jisheng3),scripts/campaign_a_orchestrator.py,MobileBERT_SST2,exp_mobilebert_sst2,campaign_nlp_mobilebert_tricb_c32,sp26-cs525-0601 (gateway),sp26-cs525-0605..0620 (triton),MobileBERT/SST-2,fail-slow (tc delay 50-200ms),2026-04-04T12:00:00Z,N/A,N/A,61391,",",utf-8,"timestamp,req_id,payload_bytes,policy,backend_id,status_code,e2e_ms,gateway_overhead_ms,",iso8601,microseconds,event-driven,float64,"latency: ms, payload: bytes",cluster_empirical_raw,EMPIRICAL_RAW,"Contains Illinois cluster hostnames (sp26-cs525-06xx), real execution microsecond timestamps, and request traces.",keep_in_data_raw,HIGH,False
submit_png_graypulse_verified/Rest/data/MobileBERT_SST2_tri_cb/campaign_nlp_mobilebert_tricb_c48.csv,campaign_nlp_mobilebert_tricb_c48.csv,.csv,7448112,bbf05af76f86e82d53251a446b05f1b6dca36ef24679d87d7ab0a4bea116516c,Jisheng Jiang (jisheng3),scripts/campaign_a_orchestrator.py,MobileBERT_SST2,exp_mobilebert_sst2,campaign_nlp_mobilebert_tricb_c48,sp26-cs525-0601 (gateway),sp26-cs525-0605..0620 (triton),MobileBERT/SST-2,fail-slow (tc delay 50-200ms),2026-04-04T12:06:00Z,N/A,N/A,80382,",",utf-8,"timestamp,req_id,payload_bytes,policy,backend_id,status_code,e2e_ms,gateway_overhead_ms,",iso8601,microseconds,event-driven,float64,"latency: ms, payload: bytes",cluster_empirical_raw,EMPIRICAL_RAW,"Contains Illinois cluster hostnames (sp26-cs525-06xx), real execution microsecond timestamps, and request traces.",keep_in_data_raw,HIGH,False
submit_png_graypulse_verified/Rest/data/MobileBERT_SST2_tri_cb/campaign_nlp_mobilebert_tricb_c64.csv,campaign_nlp_mobilebert_tricb_c64.csv,.csv,8498919,961668ae0c070b0080faf5bd70adbaff448434f0d7949cf58cbaa615f5e85628,Jisheng Jiang (jisheng3),scripts/campaign_a_orchestrator.py,MobileBERT_SST2,exp_mobilebert_sst2,campaign_nlp_mobilebert_tricb_c64,sp26-cs525-0601 (gateway),sp26-cs525-0605..0620 (triton),MobileBERT/SST-2,fail-slow (tc delay 50-200ms),2026-04-04T12:12:00Z,N/A,N/A,91581,",",utf-8,"timestamp,req_id,payload_bytes,policy,backend_id,status_code,e2e_ms,gateway_overhead_ms,",iso8601,microseconds,event-driven,float64,"latency: ms, payload: bytes",cluster_empirical_raw,EMPIRICAL_RAW,"Contains Illinois cluster hostnames (sp26-cs525-06xx), real execution microsecond timestamps, and request traces.",keep_in_data_raw,HIGH,False
submit_png_graypulse_verified/Rest/data/MobileBERT_SST2_tri_cb/campaign_nlp_mobilebert_tricb_c96.csv,campaign_nlp_mobilebert_tricb_c96.csv,.csv,9297809,8bdc05be2925c0811fc994e7f0c3b2dc04119ec9836d54525dbe7a2d440ef250,Jisheng Jiang (jisheng3),scripts/campaign_a_orchestrator.py,MobileBERT_SST2,exp_mobilebert_sst2,campaign_nlp_mobilebert_tricb_c96,sp26-cs525-0601 (gateway),sp26-cs525-0605..0620 (triton),MobileBERT/SST-2,fail-slow (tc delay 50-200ms),2026-04-04T12:18:00Z,N/A,N/A,99860,",",utf-8,"timestamp,req_id,payload_bytes,policy,backend_id,status_code,e2e_ms,gateway_overhead_ms,",iso8601,microseconds,event-driven,float64,"latency: ms, payload: bytes",cluster_empirical_raw,EMPIRICAL_RAW,"Contains Illinois cluster hostnames (sp26-cs525-06xx), real execution microsecond timestamps, and request traces.",keep_in_data_raw,HIGH,False
submit_png_graypulse_verified/Rest/data/MobileBERT_SST2_tri_cb/summary_mobilebert_tricb.csv,summary_mobilebert_tricb.csv,.csv,391,fa1f5009241d7b91b0586f852161d8ff68eeb2b8070b4a3e3ab99cb9814b9dcd,Jisheng Jiang (jisheng3),scripts/campaign_a_orchestrator.py,MobileBERT_SST2,exp_mobilebert_sst2,summary_mobilebert_tricb,sp26-cs525-0601 (gateway),sp26-cs525-0605..0620 (triton),MobileBERT/SST-2,fail-slow (tc delay 50-200ms),N/A,N/A,N/A,5,",",utf-8,"mode,concurrency,total_requests,success_rate,rps,avg_ms,p95_ms,p99_ms,",relative_seconds,microseconds,event-driven,float64,"latency: ms, payload: bytes",cluster_empirical_derived,EMPIRICAL_DERIVED,Summary statistics computed from raw cluster request logs.,keep_in_data_processed,HIGH,False
submit_png_graypulse_verified/Rest/data/ResNet50_CIFAR10_gateway_ablation/benchmark_resnet_gatewaysmart.json,benchmark_resnet_gatewaysmart.json,.json,283,64ca51bba3fc58a8a442d88a57115fb57a441fa5bffd920e17a87662fca25912,Jisheng Jiang (jisheng3),scripts/campaign_a_orchestrator.py,ResNet50_CIFAR10,exp_resnet50_cifar10,benchmark_resnet_gatewaysmart,sp26-cs525-0601 (gateway),sp26-cs525-0605..0620 (triton),ResNet-50/CIFAR-10,fail-slow (tc delay 50-200ms),N/A,N/A,N/A,8,N/A,utf-8,label|campaign|aggregation_scope|mode|p99_ms|avg_ms|rps|total_requests,relative_seconds,microseconds,event-driven,float64,"latency: ms, payload: bytes",cluster_empirical_derived|PRODUCTION_DATA_tag,EMPIRICAL_DERIVED,Summary statistics computed from raw cluster request logs.,keep_in_data_processed,HIGH,False
submit_png_graypulse_verified/Rest/data/ResNet50_CIFAR10_gateway_ablation/benchmark_resnet_gatewaystrawman.json,benchmark_resnet_gatewaystrawman.json,.json,288,ee12477c2371a8d858a8f271e222b76528e618ace561f32c68f9e7b8d04cf594,Jisheng Jiang (jisheng3),scripts/campaign_a_orchestrator.py,ResNet50_CIFAR10,exp_resnet50_cifar10,benchmark_resnet_gatewaystrawman,sp26-cs525-0601 (gateway),sp26-cs525-0605..0620 (triton),ResNet-50/CIFAR-10,fail-slow (tc delay 50-200ms),N/A,N/A,N/A,8,N/A,utf-8,label|campaign|aggregation_scope|mode|p99_ms|avg_ms|rps|total_requests,relative_seconds,microseconds,event-driven,float64,"latency: ms, payload: bytes",cluster_empirical_derived|PRODUCTION_DATA_tag,EMPIRICAL_DERIVED,Summary statistics computed from raw cluster request logs.,keep_in_data_processed,HIGH,False
submit_png_graypulse_verified/Rest/data/ResNet50_CIFAR10_gateway_ablation/campaign_cv_resnet_gatewaysmart_c16.csv,campaign_cv_resnet_gatewaysmart_c16.csv,.csv,1039118,8af0cb9b0afe869315a66a82dd1f5a0c292908765a021c9ed55531619667a925,Jisheng Jiang (jisheng3),scripts/campaign_a_orchestrator.py,ResNet50_CIFAR10,exp_resnet50_cifar10,campaign_cv_resnet_gatewaysmart_c16,sp26-cs525-0601 (gateway),sp26-cs525-0605..0620 (triton),ResNet-50/CIFAR-10,fail-slow (tc delay 50-200ms),1775203200.0,N/A,N/A,10121,",",utf-8,"timestamp,req_id,payload_bytes,mode,backend_id,status_code,e2e_ms,gateway_overhead_ms,",unix_epoch_float,microseconds,event-driven,float64,"latency: ms, payload: bytes",cluster_empirical_raw,EMPIRICAL_RAW,"Contains Illinois cluster hostnames (sp26-cs525-06xx), real execution microsecond timestamps, and request traces.",keep_in_data_raw,HIGH,False
submit_png_graypulse_verified/Rest/data/ResNet50_CIFAR10_gateway_ablation/campaign_cv_resnet_gatewaysmart_c24.csv,campaign_cv_resnet_gatewaysmart_c24.csv,.csv,1169024,6835203d7bb9e6b2bcbab6322503be79b2a8940ea9cc9bfef08d3d9b037be685,Jisheng Jiang (jisheng3),scripts/campaign_a_orchestrator.py,ResNet50_CIFAR10,exp_resnet50_cifar10,campaign_cv_resnet_gatewaysmart_c24,sp26-cs525-0601 (gateway),sp26-cs525-0605..0620 (triton),ResNet-50/CIFAR-10,fail-slow (tc delay 50-200ms),1775206800.0,N/A,N/A,11386,",",utf-8,"timestamp,req_id,payload_bytes,mode,backend_id,status_code,e2e_ms,gateway_overhead_ms,",unix_epoch_float,microseconds,event-driven,float64,"latency: ms, payload: bytes",cluster_empirical_raw,EMPIRICAL_RAW,"Contains Illinois cluster hostnames (sp26-cs525-06xx), real execution microsecond timestamps, and request traces.",keep_in_data_raw,HIGH,False
submit_png_graypulse_verified/Rest/data/ResNet50_CIFAR10_gateway_ablation/campaign_cv_resnet_gatewaysmart_c32.csv,campaign_cv_resnet_gatewaysmart_c32.csv,.csv,1236172,054a52b6eea2c803a867668bdbebf07b82ea2f119acb9956fad0a4046f9c09af,Jisheng Jiang (jisheng3),scripts/campaign_a_orchestrator.py,ResNet50_CIFAR10,exp_resnet50_cifar10,campaign_cv_resnet_gatewaysmart_c32,sp26-cs525-0601 (gateway),sp26-cs525-0605..0620 (triton),ResNet-50/CIFAR-10,fail-slow (tc delay 50-200ms),1775210400.0,N/A,N/A,12027,",",utf-8,"timestamp,req_id,payload_bytes,mode,backend_id,status_code,e2e_ms,gateway_overhead_ms,",unix_epoch_float,microseconds,event-driven,float64,"latency: ms, payload: bytes",cluster_empirical_raw,EMPIRICAL_RAW,"Contains Illinois cluster hostnames (sp26-cs525-06xx), real execution microsecond timestamps, and request traces.",keep_in_data_raw,HIGH,False
submit_png_graypulse_verified/Rest/data/ResNet50_CIFAR10_gateway_ablation/campaign_cv_resnet_gatewaysmart_c48.csv,campaign_cv_resnet_gatewaysmart_c48.csv,.csv,1267274,76efbb98739d8a23ef000458729b1815aef2f98e3ba68826479b53e4060d202b,Jisheng Jiang (jisheng3),scripts/campaign_a_orchestrator.py,ResNet50_CIFAR10,exp_resnet50_cifar10,campaign_cv_resnet_gatewaysmart_c48,sp26-cs525-0601 (gateway),sp26-cs525-0605..0620 (triton),ResNet-50/CIFAR-10,fail-slow (tc delay 50-200ms),1775214000.0,N/A,N/A,12249,",",utf-8,"timestamp,req_id,payload_bytes,mode,backend_id,status_code,e2e_ms,gateway_overhead_ms,",unix_epoch_float,microseconds,event-driven,float64,"latency: ms, payload: bytes",cluster_empirical_raw,EMPIRICAL_RAW,"Contains Illinois cluster hostnames (sp26-cs525-06xx), real execution microsecond timestamps, and request traces.",keep_in_data_raw,HIGH,False
submit_png_graypulse_verified/Rest/data/ResNet50_CIFAR10_gateway_ablation/campaign_cv_resnet_gatewaysmart_c64.csv,campaign_cv_resnet_gatewaysmart_c64.csv,.csv,1245945,07901ef3882ce2c97f26a4a6db58ef640cc97e8bc91285fe6acdcfba2db22e78,Jisheng Jiang (jisheng3),scripts/campaign_a_orchestrator.py,ResNet50_CIFAR10,exp_resnet50_cifar10,campaign_cv_resnet_gatewaysmart_c64,sp26-cs525-0601 (gateway),sp26-cs525-0605..0620 (triton),ResNet-50/CIFAR-10,fail-slow (tc delay 50-200ms),1775217600.0,N/A,N/A,11977,",",utf-8,"timestamp,req_id,payload_bytes,mode,backend_id,status_code,e2e_ms,gateway_overhead_ms,",unix_epoch_float,microseconds,event-driven,float64,"latency: ms, payload: bytes",cluster_empirical_raw,EMPIRICAL_RAW,"Contains Illinois cluster hostnames (sp26-cs525-06xx), real execution microsecond timestamps, and request traces.",keep_in_data_raw,HIGH,False
submit_png_graypulse_verified/Rest/data/ResNet50_CIFAR10_gateway_ablation/campaign_cv_resnet_gatewaystrawman_c16.csv,campaign_cv_resnet_gatewaystrawman_c16.csv,.csv,1050667,8ebb993bf3b4b9a5c5172bf1d461a01f37cbc415f2c449b9bafc83f350c5b21f,Jisheng Jiang (jisheng3),scripts/campaign_a_orchestrator.py,ResNet50_CIFAR10,exp_resnet50_cifar10,campaign_cv_resnet_gatewaystrawman_c16,sp26-cs525-0601 (gateway),sp26-cs525-0605..0620 (triton),ResNet-50/CIFAR-10,fail-slow (tc delay 50-200ms),1775205000.0,N/A,N/A,9883,",",utf-8,"timestamp,req_id,payload_bytes,mode,backend_id,status_code,e2e_ms,gateway_overhead_ms,",unix_epoch_float,microseconds,event-driven,float64,"latency: ms, payload: bytes",cluster_empirical_raw,EMPIRICAL_RAW,"Contains Illinois cluster hostnames (sp26-cs525-06xx), real execution microsecond timestamps, and request traces.",keep_in_data_raw,HIGH,False
submit_png_graypulse_verified/Rest/data/ResNet50_CIFAR10_gateway_ablation/campaign_cv_resnet_gatewaystrawman_c24.csv,campaign_cv_resnet_gatewaystrawman_c24.csv,.csv,1182891,338b6cdec7d87e5736aab8d70ad8a243cbc4e66fb95fea7b04ade5202f618ff4,Jisheng Jiang (jisheng3),scripts/campaign_a_orchestrator.py,ResNet50_CIFAR10,exp_resnet50_cifar10,campaign_cv_resnet_gatewaystrawman_c24,sp26-cs525-0601 (gateway),sp26-cs525-0605..0620 (triton),ResNet-50/CIFAR-10,fail-slow (tc delay 50-200ms),1775208600.0,N/A,N/A,11099,",",utf-8,"timestamp,req_id,payload_bytes,mode,backend_id,status_code,e2e_ms,gateway_overhead_ms,",unix_epoch_float,microseconds,event-driven,float64,"latency: ms, payload: bytes",cluster_empirical_raw,EMPIRICAL_RAW,"Contains Illinois cluster hostnames (sp26-cs525-06xx), real execution microsecond timestamps, and request traces.",keep_in_data_raw,HIGH,False
submit_png_graypulse_verified/Rest/data/ResNet50_CIFAR10_gateway_ablation/campaign_cv_resnet_gatewaystrawman_c32.csv,campaign_cv_resnet_gatewaystrawman_c32.csv,.csv,1221303,291a9fed29656193258d19b606a82030c251e3fde50a7ca6b28b71e51f82e662,Jisheng Jiang (jisheng3),scripts/campaign_a_orchestrator.py,ResNet50_CIFAR10,exp_resnet50_cifar10,campaign_cv_resnet_gatewaystrawman_c32,sp26-cs525-0601 (gateway),sp26-cs525-0605..0620 (triton),ResNet-50/CIFAR-10,fail-slow (tc delay 50-200ms),1775212200.0,N/A,N/A,11438,",",utf-8,"timestamp,req_id,payload_bytes,mode,backend_id,status_code,e2e_ms,gateway_overhead_ms,",unix_epoch_float,microseconds,event-driven,float64,"latency: ms, payload: bytes",cluster_empirical_raw,EMPIRICAL_RAW,"Contains Illinois cluster hostnames (sp26-cs525-06xx), real execution microsecond timestamps, and request traces.",keep_in_data_raw,HIGH,False
submit_png_graypulse_verified/Rest/data/ResNet50_CIFAR10_gateway_ablation/campaign_cv_resnet_gatewaystrawman_c48.csv,campaign_cv_resnet_gatewaystrawman_c48.csv,.csv,1220889,1ac0b3171f336732e6040e1245016ec640376962f7d7f358d69fc7dfcd17fdda,Jisheng Jiang (jisheng3),scripts/campaign_a_orchestrator.py,ResNet50_CIFAR10,exp_resnet50_cifar10,campaign_cv_resnet_gatewaystrawman_c48,sp26-cs525-0601 (gateway),sp26-cs525-0605..0620 (triton),ResNet-50/CIFAR-10,fail-slow (tc delay 50-200ms),1775215800.0,N/A,N/A,11380,",",utf-8,"timestamp,req_id,payload_bytes,mode,backend_id,status_code,e2e_ms,gateway_overhead_ms,",unix_epoch_float,microseconds,event-driven,float64,"latency: ms, payload: bytes",cluster_empirical_raw,EMPIRICAL_RAW,"Contains Illinois cluster hostnames (sp26-cs525-06xx), real execution microsecond timestamps, and request traces.",keep_in_data_raw,HIGH,False
submit_png_graypulse_verified/Rest/data/ResNet50_CIFAR10_gateway_ablation/campaign_cv_resnet_gatewaystrawman_c64.csv,campaign_cv_resnet_gatewaystrawman_c64.csv,.csv,1178420,4603292d43627eb939c7c1d1038612dc767658372bf099704251a73191f93807,Jisheng Jiang (jisheng3),scripts/campaign_a_orchestrator.py,ResNet50_CIFAR10,exp_resnet50_cifar10,campaign_cv_resnet_gatewaystrawman_c64,sp26-cs525-0601 (gateway),sp26-cs525-0605..0620 (triton),ResNet-50/CIFAR-10,fail-slow (tc delay 50-200ms),1775219400.0,N/A,N/A,10921,",",utf-8,"timestamp,req_id,payload_bytes,mode,backend_id,status_code,e2e_ms,gateway_overhead_ms,",unix_epoch_float,microseconds,event-driven,float64,"latency: ms, payload: bytes",cluster_empirical_raw,EMPIRICAL_RAW,"Contains Illinois cluster hostnames (sp26-cs525-06xx), real execution microsecond timestamps, and request traces.",keep_in_data_raw,HIGH,False
submit_png_graypulse_verified/Rest/data/ResNet50_CIFAR10_gateway_ablation/README_PRODUCTION.txt,README_PRODUCTION.txt,.txt,4411,4daf58e071662199bd69c0047ba883e21a9b81619d014e8aed6612cbd3419496,Jisheng Jiang (jisheng3),scripts/campaign_a_orchestrator.py,ResNet50_CIFAR10,exp_resnet50_cifar10,README_PRODUCTION,sp26-cs525-0601 (gateway),sp26-cs525-0605..0620 (triton),Cluster Telemetry,fail-slow (tc delay 50-200ms),N/A,N/A,N/A,0,N/A,utf-8,N/A,relative_seconds,microseconds,event-driven,float64,"latency: ms, payload: bytes",cluster_empirical_raw|PRODUCTION_DATA_tag,EMPIRICAL_RAW,"Contains Illinois cluster hostnames (sp26-cs525-06xx), real execution microsecond timestamps, and request traces.",keep_in_data_raw,HIGH,False
submit_png_graypulse_verified/Rest/data/ResNet50_CIFAR10_gateway_ablation/representative_slices_PRODUCTION.txt,representative_slices_PRODUCTION.txt,.txt,3685,0dad3983b39f4c28cf378016af97df02fe6b35d6ab6f3a4834d3b83936f43c6e,Jisheng Jiang (jisheng3),scripts/campaign_a_orchestrator.py,ResNet50_CIFAR10,exp_resnet50_cifar10,representative_slices_PRODUCTION,sp26-cs525-0601 (gateway),sp26-cs525-0605..0620 (triton),Cluster Telemetry,fail-slow (tc delay 50-200ms),N/A,N/A,N/A,0,N/A,utf-8,N/A,relative_seconds,microseconds,event-driven,float64,"latency: ms, payload: bytes",cluster_empirical_raw,EMPIRICAL_RAW,"Contains Illinois cluster hostnames (sp26-cs525-06xx), real execution microsecond timestamps, and request traces.",keep_in_data_raw,HIGH,False
submit_png_graypulse_verified/Rest/data/ResNet50_CIFAR10_gateway_ablation/summary_resnet_gateway_ablation.csv,summary_resnet_gateway_ablation.csv,.csv,763,524a7d487dc539da8826302759ce45980ed794c4173fd826a7da1f341cb0bf2d,Jisheng Jiang (jisheng3),scripts/campaign_a_orchestrator.py,ResNet50_CIFAR10,exp_resnet50_cifar10,summary_resnet_gateway_ablation,sp26-cs525-0601 (gateway),sp26-cs525-0605..0620 (triton),ResNet-50/CIFAR-10,fail-slow (tc delay 50-200ms),N/A,N/A,N/A,10,",",utf-8,"mode,concurrency,total_requests,success_rate,rps,avg_ms,p95_ms,p99_ms,",relative_seconds,microseconds,event-driven,float64,"latency: ms, payload: bytes",cluster_empirical_derived,EMPIRICAL_DERIVED,Summary statistics computed from raw cluster request logs.,keep_in_data_processed,HIGH,False
submit_png_graypulse_verified/Rest/data/ResNet50_CIFAR10_greypulse/benchmark_resnet_graypulse.json,benchmark_resnet_graypulse.json,.json,734,fbb0fcbbba9dd7d262fb9709efb5f704995940812943180e0c5ef02e819335e4,Jisheng Jiang (jisheng3),scripts/campaign_a_orchestrator.py,ResNet50_CIFAR10,exp_resnet50_cifar10,benchmark_resnet_graypulse,sp26-cs525-0601 (gateway),sp26-cs525-0605..0620 (triton),ResNet-50/CIFAR-10,fail-slow (tc delay 50-200ms),N/A,N/A,N/A,11,N/A,utf-8,data_label|model|dataset|policy|inference_stack|execution_mode|duration_s|p99_ms|avg_ms|rps|total_requests,relative_seconds,microseconds,event-driven,float64,"latency: ms, payload: bytes",cluster_empirical_derived|PRODUCTION_DATA_tag,EMPIRICAL_DERIVED,Summary statistics computed from raw cluster request logs.,keep_in_data_processed,HIGH,False
submit_png_graypulse_verified/Rest/data/ResNet50_CIFAR10_greypulse/campaign_cv_resnet_graypulse_c16.csv,campaign_cv_resnet_graypulse_c16.csv,.csv,2216657,bbefbbe9d6242492a27d0ed586d73aa78d1c9f265a7fac643fe237bf448899d8,Jisheng Jiang (jisheng3),scripts/campaign_a_orchestrator.py,ResNet50_CIFAR10,exp_resnet50_cifar10,campaign_cv_resnet_graypulse_c16,sp26-cs525-0601 (gateway),sp26-cs525-0605..0620 (triton),ResNet-50/CIFAR-10,fail-slow (tc delay 50-200ms),0.001418,N/A,N/A,23040,",",utf-8,"timestamp,req_id,payload_bytes,policy,backend_id,status_code,e2e_ms,gateway_overhead_ms,error_body",relative_seconds,microseconds,event-driven,float64,"latency: ms, payload: bytes",cluster_empirical_raw,EMPIRICAL_RAW,"Contains Illinois cluster hostnames (sp26-cs525-06xx), real execution microsecond timestamps, and request traces.",keep_in_data_raw,HIGH,False
submit_png_graypulse_verified/Rest/data/ResNet50_CIFAR10_greypulse/campaign_cv_resnet_graypulse_c24.csv,campaign_cv_resnet_graypulse_c24.csv,.csv,2793955,625e32993e63033fa37cdce9df62135837a8b5802dcfd1c048086c0162f16a4a,Jisheng Jiang (jisheng3),scripts/campaign_a_orchestrator.py,ResNet50_CIFAR10,exp_resnet50_cifar10,campaign_cv_resnet_graypulse_c24,sp26-cs525-0601 (gateway),sp26-cs525-0605..0620 (triton),ResNet-50/CIFAR-10,fail-slow (tc delay 50-200ms),0.005014,N/A,N/A,29040,",",utf-8,"timestamp,req_id,payload_bytes,policy,backend_id,status_code,e2e_ms,gateway_overhead_ms,error_body",relative_seconds,microseconds,event-driven,float64,"latency: ms, payload: bytes",cluster_empirical_raw,EMPIRICAL_RAW,"Contains Illinois cluster hostnames (sp26-cs525-06xx), real execution microsecond timestamps, and request traces.",keep_in_data_raw,HIGH,False
submit_png_graypulse_verified/Rest/data/ResNet50_CIFAR10_greypulse/campaign_cv_resnet_graypulse_c32.csv,campaign_cv_resnet_graypulse_c32.csv,.csv,3186738,1abb1f3b2b8852ca1538b95bcfe261ccf239eca64b31d0acb0dbeb34609fa6f8,Jisheng Jiang (jisheng3),scripts/campaign_a_orchestrator.py,ResNet50_CIFAR10,exp_resnet50_cifar10,campaign_cv_resnet_graypulse_c32,sp26-cs525-0601 (gateway),sp26-cs525-0605..0620 (triton),ResNet-50/CIFAR-10,fail-slow (tc delay 50-200ms),0.001076,N/A,N/A,33120,",",utf-8,"timestamp,req_id,payload_bytes,policy,backend_id,status_code,e2e_ms,gateway_overhead_ms,error_body",relative_seconds,microseconds,event-driven,float64,"latency: ms, payload: bytes",cluster_empirical_raw,EMPIRICAL_RAW,"Contains Illinois cluster hostnames (sp26-cs525-06xx), real execution microsecond timestamps, and request traces.",keep_in_data_raw,HIGH,False
submit_png_graypulse_verified/Rest/data/ResNet50_CIFAR10_greypulse/campaign_cv_resnet_graypulse_c48.csv,campaign_cv_resnet_graypulse_c48.csv,.csv,3625498,8c3c227e1a3c05bd7fd46c2980063cb937a9b77a294e91e405e8b62110ab3406,Jisheng Jiang (jisheng3),scripts/campaign_a_orchestrator.py,ResNet50_CIFAR10,exp_resnet50_cifar10,campaign_cv_resnet_graypulse_c48,sp26-cs525-0601 (gateway),sp26-cs525-0605..0620 (triton),ResNet-50/CIFAR-10,fail-slow (tc delay 50-200ms),0.004116,N/A,N/A,37680,",",utf-8,"timestamp,req_id,payload_bytes,policy,backend_id,status_code,e2e_ms,gateway_overhead_ms,error_body",relative_seconds,microseconds,event-driven,float64,"latency: ms, payload: bytes",cluster_empirical_raw,EMPIRICAL_RAW,"Contains Illinois cluster hostnames (sp26-cs525-06xx), real execution microsecond timestamps, and request traces.",keep_in_data_raw,HIGH,False
submit_png_graypulse_verified/Rest/data/ResNet50_CIFAR10_greypulse/campaign_cv_resnet_graypulse_c64.csv,campaign_cv_resnet_graypulse_c64.csv,.csv,3809778,8de47e0bc90d2c44ba3a50fbff05778e747a6c4b856ade10cc74eaa046e87efb,Jisheng Jiang (jisheng3),scripts/campaign_a_orchestrator.py,ResNet50_CIFAR10,exp_resnet50_cifar10,campaign_cv_resnet_graypulse_c64,sp26-cs525-0601 (gateway),sp26-cs525-0605..0620 (triton),ResNet-50/CIFAR-10,fail-slow (tc delay 50-200ms),0.025871,N/A,N/A,39600,",",utf-8,"timestamp,req_id,payload_bytes,policy,backend_id,status_code,e2e_ms,gateway_overhead_ms,error_body",relative_seconds,microseconds,event-driven,float64,"latency: ms, payload: bytes",cluster_empirical_raw,EMPIRICAL_RAW,"Contains Illinois cluster hostnames (sp26-cs525-06xx), real execution microsecond timestamps, and request traces.",keep_in_data_raw,HIGH,False
submit_png_graypulse_verified/Rest/data/ResNet50_CIFAR10_greypulse/summary_resnet_graypulse.csv,summary_resnet_graypulse.csv,.csv,516,b92f2a6285d011d1525582cd31c01f961fb6d08473c1c5766f77b9124dc97b61,Jisheng Jiang (jisheng3),scripts/campaign_a_orchestrator.py,ResNet50_CIFAR10,exp_resnet50_cifar10,summary_resnet_graypulse,sp26-cs525-0601 (gateway),sp26-cs525-0605..0620 (triton),ResNet-50/CIFAR-10,fail-slow (tc delay 50-200ms),N/A,N/A,N/A,5,",",utf-8,"mode,concurrency,total_requests,success_rate,rps,avg_ms,p95_ms,p99_ms,error_rate,avg_gateway_overhead_ms",relative_seconds,microseconds,event-driven,float64,"latency: ms, payload: bytes",cluster_empirical_derived,EMPIRICAL_DERIVED,Summary statistics computed from raw cluster request logs.,keep_in_data_processed,HIGH,False
submit_png_graypulse_verified/Rest/data/ResNet50_CIFAR10_p2c_pewma/benchmark_resnet_p2c.json,benchmark_resnet_p2c.json,.json,147,7485fa7738e40b1abc9a7a38f5df2c95571e0232b3760f9345ee290dd2f4fd6d,Jisheng Jiang (jisheng3),scripts/campaign_a_orchestrator.py,ResNet50_CIFAR10,exp_resnet50_cifar10,benchmark_resnet_p2c,sp26-cs525-0601 (gateway),sp26-cs525-0605..0620 (triton),ResNet-50/CIFAR-10,fail-slow (tc delay 50-200ms),N/A,N/A,N/A,5,N/A,utf-8,label|p99_ms|avg_ms|rps|total_requests,relative_seconds,microseconds,event-driven,float64,"latency: ms, payload: bytes",cluster_empirical_derived|PRODUCTION_DATA_tag,EMPIRICAL_DERIVED,Summary statistics computed from raw cluster request logs.,keep_in_data_processed,HIGH,False
submit_png_graypulse_verified/Rest/data/ResNet50_CIFAR10_p2c_pewma/campaign_cv_resnet_p2c_c16.csv,campaign_cv_resnet_p2c_c16.csv,.csv,1843707,bb2f0df98486d96f2f5711518a9b1fc1bd145fb3d037d829052bbf675dbc108c,Jisheng Jiang (jisheng3),scripts/campaign_a_orchestrator.py,ResNet50_CIFAR10,exp_resnet50_cifar10,campaign_cv_resnet_p2c_c16,sp26-cs525-0601 (gateway),sp26-cs525-0605..0620 (triton),ResNet-50/CIFAR-10,fail-slow (tc delay 50-200ms),0.0,N/A,N/A,22232,",",utf-8,"timestamp,req_id,payload_bytes,policy,backend_id,status_code,e2e_ms,gateway_overhead_ms,",relative_seconds,microseconds,event-driven,float64,"latency: ms, payload: bytes",cluster_empirical_raw,EMPIRICAL_RAW,"Contains Illinois cluster hostnames (sp26-cs525-06xx), real execution microsecond timestamps, and request traces.",keep_in_data_raw,HIGH,False
submit_png_graypulse_verified/Rest/data/ResNet50_CIFAR10_p2c_pewma/campaign_cv_resnet_p2c_c24.csv,campaign_cv_resnet_p2c_c24.csv,.csv,2133763,ad1043fcac7968631dd3995e946f72110cd2ba26aac12871756a5fb22c5d5f77,Jisheng Jiang (jisheng3),scripts/campaign_a_orchestrator.py,ResNet50_CIFAR10,exp_resnet50_cifar10,campaign_cv_resnet_p2c_c24,sp26-cs525-0601 (gateway),sp26-cs525-0605..0620 (triton),ResNet-50/CIFAR-10,fail-slow (tc delay 50-200ms),0.0,N/A,N/A,25674,",",utf-8,"timestamp,req_id,payload_bytes,policy,backend_id,status_code,e2e_ms,gateway_overhead_ms,",relative_seconds,microseconds,event-driven,float64,"latency: ms, payload: bytes",cluster_empirical_raw,EMPIRICAL_RAW,"Contains Illinois cluster hostnames (sp26-cs525-06xx), real execution microsecond timestamps, and request traces.",keep_in_data_raw,HIGH,False
submit_png_graypulse_verified/Rest/data/ResNet50_CIFAR10_p2c_pewma/campaign_cv_resnet_p2c_c32.csv,campaign_cv_resnet_p2c_c32.csv,.csv,2149564,ae4c1ef9554883425c78cc47f5298b0748417c4696d91b95c4c553f15ebdb53e,Jisheng Jiang (jisheng3),scripts/campaign_a_orchestrator.py,ResNet50_CIFAR10,exp_resnet50_cifar10,campaign_cv_resnet_p2c_c32,sp26-cs525-0601 (gateway),sp26-cs525-0605..0620 (triton),ResNet-50/CIFAR-10,fail-slow (tc delay 50-200ms),0.0,N/A,N/A,25809,",",utf-8,"timestamp,req_id,payload_bytes,policy,backend_id,status_code,e2e_ms,gateway_overhead_ms,",relative_seconds,microseconds,event-driven,float64,"latency: ms, payload: bytes",cluster_empirical_raw,EMPIRICAL_RAW,"Contains Illinois cluster hostnames (sp26-cs525-06xx), real execution microsecond timestamps, and request traces.",keep_in_data_raw,HIGH,False
submit_png_graypulse_verified/Rest/data/ResNet50_CIFAR10_p2c_pewma/campaign_cv_resnet_p2c_c48.csv,campaign_cv_resnet_p2c_c48.csv,.csv,1971018,1b4ef98eb3426b48b8cfc491d9c2b84b2ed8dfa88939030baac84b8a92aab295,Jisheng Jiang (jisheng3),scripts/campaign_a_orchestrator.py,ResNet50_CIFAR10,exp_resnet50_cifar10,campaign_cv_resnet_p2c_c48,sp26-cs525-0601 (gateway),sp26-cs525-0605..0620 (triton),ResNet-50/CIFAR-10,fail-slow (tc delay 50-200ms),0.0,N/A,N/A,23549,",",utf-8,"timestamp,req_id,payload_bytes,policy,backend_id,status_code,e2e_ms,gateway_overhead_ms,",relative_seconds,microseconds,event-driven,float64,"latency: ms, payload: bytes",cluster_empirical_raw,EMPIRICAL_RAW,"Contains Illinois cluster hostnames (sp26-cs525-06xx), real execution microsecond timestamps, and request traces.",keep_in_data_raw,HIGH,False
submit_png_graypulse_verified/Rest/data/ResNet50_CIFAR10_p2c_pewma/campaign_cv_resnet_p2c_c64.csv,campaign_cv_resnet_p2c_c64.csv,.csv,1777666,a4e22f1d1909581a529fa644d689cf2987325ef845bcb0b650fa86bdb3627a8d,Jisheng Jiang (jisheng3),scripts/campaign_a_orchestrator.py,ResNet50_CIFAR10,exp_resnet50_cifar10,campaign_cv_resnet_p2c_c64,sp26-cs525-0601 (gateway),sp26-cs525-0605..0620 (triton),ResNet-50/CIFAR-10,fail-slow (tc delay 50-200ms),0.0,N/A,N/A,21130,",",utf-8,"timestamp,req_id,payload_bytes,policy,backend_id,status_code,e2e_ms,gateway_overhead_ms,",relative_seconds,microseconds,event-driven,float64,"latency: ms, payload: bytes",cluster_empirical_raw,EMPIRICAL_RAW,"Contains Illinois cluster hostnames (sp26-cs525-06xx), real execution microsecond timestamps, and request traces.",keep_in_data_raw,HIGH,False
submit_png_graypulse_verified/Rest/data/ResNet50_CIFAR10_p2c_pewma/PRODUCTION_DATA_NOTICE.txt,PRODUCTION_DATA_NOTICE.txt,.txt,504,5d5ead1d682bb0043bf586e37c59f2a28ae13fee2bf5e8b66ca6bcb573e2854f,Jisheng Jiang (jisheng3),scripts/campaign_a_orchestrator.py,ResNet50_CIFAR10,exp_resnet50_cifar10,PRODUCTION_DATA_NOTICE,sp26-cs525-0601 (gateway),sp26-cs525-0605..0620 (triton),Cluster Telemetry,fail-slow (tc delay 50-200ms),N/A,N/A,N/A,0,N/A,utf-8,N/A,relative_seconds,microseconds,event-driven,float64,"latency: ms, payload: bytes",cluster_empirical_raw,EMPIRICAL_RAW,"Contains Illinois cluster hostnames (sp26-cs525-06xx), real execution microsecond timestamps, and request traces.",keep_in_data_raw,HIGH,False
submit_png_graypulse_verified/Rest/data/ResNet50_CIFAR10_p2c_pewma/summary_resnet_p2c.csv,summary_resnet_p2c.csv,.csv,420,210c4666f377ad8d09611826c3ea38caa4d34df4a82a19f18d09edf8883f8174,Jisheng Jiang (jisheng3),scripts/campaign_a_orchestrator.py,ResNet50_CIFAR10,exp_resnet50_cifar10,summary_resnet_p2c,sp26-cs525-0601 (gateway),sp26-cs525-0605..0620 (triton),ResNet-50/CIFAR-10,fail-slow (tc delay 50-200ms),N/A,N/A,N/A,5,",",utf-8,"mode,concurrency,total_requests,success_rate,rps,avg_ms,p95_ms,p99_ms,",relative_seconds,microseconds,event-driven,float64,"latency: ms, payload: bytes",cluster_empirical_derived,EMPIRICAL_DERIVED,Summary statistics computed from raw cluster request logs.,keep_in_data_processed,HIGH,False
submit_png_graypulse_verified/Rest/data/ResNet50_CIFAR10_round_robin/benchmark_resnet_rr.json,benchmark_resnet_rr.json,.json,61565,4fb2032e69fd6d1115cadf4db2dc1d742897e099d6ff8ff335fea918d18ffb08,Jisheng Jiang (jisheng3),scripts/campaign_a_orchestrator.py,ResNet50_CIFAR10,exp_resnet50_cifar10,benchmark_resnet_rr,sp26-cs525-0601 (gateway),sp26-cs525-0605..0620 (triton),ResNet-50/CIFAR-10,fail-slow (tc delay 50-200ms),N/A,N/A,N/A,0,N/A,utf-8,N/A,relative_seconds,microseconds,event-driven,float64,"latency: ms, payload: bytes",synthetic_prototype|PRODUCTION_DATA_tag,SYNTHETIC_PROTOTYPE,"Contains SIMULATED_DATA tags, generic vmXX node names, or fixed synthetic timestamp baseline (1715000000).",archive_to_synthetic_prototypes,HIGH,False
submit_png_graypulse_verified/Rest/data/ResNet50_CIFAR10_round_robin/campaign_cv_resnet_rr_c16.csv,campaign_cv_resnet_rr_c16.csv,.csv,295163,973b3b8ae94c418ee3ffc8c1711e52d1d7f7e1f9c8adc4235f0cc3389d646654,Jisheng Jiang (jisheng3),scripts/campaign_a_orchestrator.py,ResNet50_CIFAR10,exp_resnet50_cifar10,campaign_cv_resnet_rr_c16,sp26-cs525-0601 (gateway),sp26-cs525-0605..0620 (triton),ResNet-50/CIFAR-10,fail-slow (tc delay 50-200ms),0.014,N/A,N/A,3175,",",utf-8,"timestamp,req_id,payload_bytes,policy,backend_id,status_code,e2e_ms,gateway_overhead_ms,",relative_seconds,microseconds,event-driven,float64,"latency: ms, payload: bytes",synthetic_prototype,SYNTHETIC_PROTOTYPE,"Contains SIMULATED_DATA tags, generic vmXX node names, or fixed synthetic timestamp baseline (1715000000).",archive_to_synthetic_prototypes,HIGH,False
submit_png_graypulse_verified/Rest/data/ResNet50_CIFAR10_round_robin/campaign_cv_resnet_rr_c24.csv,campaign_cv_resnet_rr_c24.csv,.csv,381359,864ed291b394d1299d6c7f753243455130325faecab237ce42be4b460adaa888,Jisheng Jiang (jisheng3),scripts/campaign_a_orchestrator.py,ResNet50_CIFAR10,exp_resnet50_cifar10,campaign_cv_resnet_rr_c24,sp26-cs525-0601 (gateway),sp26-cs525-0605..0620 (triton),ResNet-50/CIFAR-10,fail-slow (tc delay 50-200ms),0.021,N/A,N/A,4088,",",utf-8,"timestamp,req_id,payload_bytes,policy,backend_id,status_code,e2e_ms,gateway_overhead_ms,",relative_seconds,microseconds,event-driven,float64,"latency: ms, payload: bytes",synthetic_prototype,SYNTHETIC_PROTOTYPE,"Contains SIMULATED_DATA tags, generic vmXX node names, or fixed synthetic timestamp baseline (1715000000).",archive_to_synthetic_prototypes,HIGH,False
submit_png_graypulse_verified/Rest/data/ResNet50_CIFAR10_round_robin/campaign_cv_resnet_rr_c32.csv,campaign_cv_resnet_rr_c32.csv,.csv,403493,0e5208102b3c19b1b2856d1ac1f052d3957b82a8a57b9529034df1d10be8b03f,Jisheng Jiang (jisheng3),scripts/campaign_a_orchestrator.py,ResNet50_CIFAR10,exp_resnet50_cifar10,campaign_cv_resnet_rr_c32,sp26-cs525-0601 (gateway),sp26-cs525-0605..0620 (triton),ResNet-50/CIFAR-10,fail-slow (tc delay 50-200ms),0.122,N/A,N/A,4299,",",utf-8,"timestamp,req_id,payload_bytes,policy,backend_id,status_code,e2e_ms,gateway_overhead_ms,",relative_seconds,microseconds,event-driven,float64,"latency: ms, payload: bytes",synthetic_prototype,SYNTHETIC_PROTOTYPE,"Contains SIMULATED_DATA tags, generic vmXX node names, or fixed synthetic timestamp baseline (1715000000).",archive_to_synthetic_prototypes,HIGH,False
submit_png_graypulse_verified/Rest/data/ResNet50_CIFAR10_round_robin/campaign_cv_resnet_rr_c48.csv,campaign_cv_resnet_rr_c48.csv,.csv,338842,0c95af48d32131db887ecbcbd4e82c770cb053b9a64c61c9f4b48bb70056084a,Jisheng Jiang (jisheng3),scripts/campaign_a_orchestrator.py,ResNet50_CIFAR10,exp_resnet50_cifar10,campaign_cv_resnet_rr_c48,sp26-cs525-0601 (gateway),sp26-cs525-0605..0620 (triton),ResNet-50/CIFAR-10,fail-slow (tc delay 50-200ms),0.065,N/A,N/A,3602,",",utf-8,"timestamp,req_id,payload_bytes,policy,backend_id,status_code,e2e_ms,gateway_overhead_ms,",relative_seconds,microseconds,event-driven,float64,"latency: ms, payload: bytes",synthetic_prototype,SYNTHETIC_PROTOTYPE,"Contains SIMULATED_DATA tags, generic vmXX node names, or fixed synthetic timestamp baseline (1715000000).",archive_to_synthetic_prototypes,HIGH,False
submit_png_graypulse_verified/Rest/data/ResNet50_CIFAR10_round_robin/campaign_cv_resnet_rr_c64.csv,campaign_cv_resnet_rr_c64.csv,.csv,272632,5a58f9a9156aba2b1eccc2f788c88566cf5ad3b720712ffdbf912ce3f094d148,Jisheng Jiang (jisheng3),scripts/campaign_a_orchestrator.py,ResNet50_CIFAR10,exp_resnet50_cifar10,campaign_cv_resnet_rr_c64,sp26-cs525-0601 (gateway),sp26-cs525-0605..0620 (triton),ResNet-50/CIFAR-10,fail-slow (tc delay 50-200ms),0.019,N/A,N/A,2895,",",utf-8,"timestamp,req_id,payload_bytes,policy,backend_id,status_code,e2e_ms,gateway_overhead_ms,",relative_seconds,microseconds,event-driven,float64,"latency: ms, payload: bytes",synthetic_prototype,SYNTHETIC_PROTOTYPE,"Contains SIMULATED_DATA tags, generic vmXX node names, or fixed synthetic timestamp baseline (1715000000).",archive_to_synthetic_prototypes,HIGH,False
submit_png_graypulse_verified/Rest/data/ResNet50_CIFAR10_round_robin/README_PRODUCTION_DATA.txt,README_PRODUCTION_DATA.txt,.txt,922,aeee71d380381a109982c6ebb76b32d14630613c5f0ce21db8f2d85cd5ccfb7c,Jisheng Jiang (jisheng3),scripts/campaign_a_orchestrator.py,ResNet50_CIFAR10,exp_resnet50_cifar10,README_PRODUCTION_DATA,sp26-cs525-0601 (gateway),sp26-cs525-0605..0620 (triton),Cluster Telemetry,fail-slow (tc delay 50-200ms),N/A,N/A,N/A,0,N/A,utf-8,N/A,relative_seconds,microseconds,event-driven,float64,"latency: ms, payload: bytes",cluster_empirical_raw,EMPIRICAL_RAW,"Contains Illinois cluster hostnames (sp26-cs525-06xx), real execution microsecond timestamps, and request traces.",keep_in_data_raw,HIGH,False
submit_png_graypulse_verified/Rest/data/ResNet50_CIFAR10_round_robin/summary_resnet_rr.csv,summary_resnet_rr.csv,.csv,2429,17845bc06f1cb388aacf53a9dd5818f6189328816908c1dda4c3445686b12113,Jisheng Jiang (jisheng3),scripts/campaign_a_orchestrator.py,ResNet50_CIFAR10,exp_resnet50_cifar10,summary_resnet_rr,sp26-cs525-0601 (gateway),sp26-cs525-0605..0620 (triton),ResNet-50/CIFAR-10,fail-slow (tc delay 50-200ms),N/A,N/A,N/A,20,",",utf-8,"data_label,model,framework,dataset,runtime,concurrency,phase,duration_s,",relative_seconds,microseconds,event-driven,float64,"latency: ms, payload: bytes",cluster_empirical_derived|PRODUCTION_DATA_tag,EMPIRICAL_DERIVED,Summary statistics computed from raw cluster request logs.,keep_in_data_processed,HIGH,False
submit_png_graypulse_verified/Rest/data/ResNet50_CIFAR10_tri_cb/benchmark_resnet_tricb.json,benchmark_resnet_tricb.json,.json,6107,8f95903bbe7242e46b9bd42f7b03290f204a07a772b8dfa6218eaa01c98d4020,Jisheng Jiang (jisheng3),scripts/campaign_a_orchestrator.py,ResNet50_CIFAR10,exp_resnet50_cifar10,benchmark_resnet_tricb,sp26-cs525-0601 (gateway),sp26-cs525-0605..0620 (triton),ResNet-50/CIFAR-10,fail-slow (tc delay 50-200ms),N/A,N/A,N/A,9,N/A,utf-8,PRODUCTION_DATA|notice|model|dataset|serving|framework|campaign|artifacts|results_overall,relative_seconds,microseconds,event-driven,float64,"latency: ms, payload: bytes",cluster_empirical_raw|PRODUCTION_DATA_tag,EMPIRICAL_RAW,"Contains Illinois cluster hostnames (sp26-cs525-06xx), real execution microsecond timestamps, and request traces.",keep_in_data_raw,HIGH,False
submit_png_graypulse_verified/Rest/data/ResNet50_CIFAR10_tri_cb/campaign_cv_resnet_tricb_c16.csv,campaign_cv_resnet_tricb_c16.csv,.csv,3484989,594e7abf5235695562f341246ea1db100d8d657493bdbdd55266d538e6415215,Jisheng Jiang (jisheng3),scripts/campaign_a_orchestrator.py,ResNet50_CIFAR10,exp_resnet50_cifar10,campaign_cv_resnet_tricb_c16,sp26-cs525-0601 (gateway),sp26-cs525-0605..0620 (triton),ResNet-50/CIFAR-10,fail-slow (tc delay 50-200ms),N/A,N/A,N/A,41108,",",utf-8,"timestamp,req_id,payload_bytes,policy,backend_id,status_code,e2e_ms,gateway_overhead_ms,",relative_seconds,microseconds,event-driven,float64,"latency: ms, payload: bytes",cluster_empirical_raw,EMPIRICAL_RAW,"Contains Illinois cluster hostnames (sp26-cs525-06xx), real execution microsecond timestamps, and request traces.",keep_in_data_raw,HIGH,False
submit_png_graypulse_verified/Rest/data/ResNet50_CIFAR10_tri_cb/campaign_cv_resnet_tricb_c24.csv,campaign_cv_resnet_tricb_c24.csv,.csv,3904050,197550bcd3bf5ec4cf707ccf5a3b7b6ccc21d65e18cbb22aff837df24c2f1221,Jisheng Jiang (jisheng3),scripts/campaign_a_orchestrator.py,ResNet50_CIFAR10,exp_resnet50_cifar10,campaign_cv_resnet_tricb_c24,sp26-cs525-0601 (gateway),sp26-cs525-0605..0620 (triton),ResNet-50/CIFAR-10,fail-slow (tc delay 50-200ms),N/A,N/A,N/A,45894,",",utf-8,"timestamp,req_id,payload_bytes,policy,backend_id,status_code,e2e_ms,gateway_overhead_ms,",relative_seconds,microseconds,event-driven,float64,"latency: ms, payload: bytes",cluster_empirical_raw,EMPIRICAL_RAW,"Contains Illinois cluster hostnames (sp26-cs525-06xx), real execution microsecond timestamps, and request traces.",keep_in_data_raw,HIGH,False
submit_png_graypulse_verified/Rest/data/ResNet50_CIFAR10_tri_cb/campaign_cv_resnet_tricb_c32.csv,campaign_cv_resnet_tricb_c32.csv,.csv,3521409,0ba3fe87d44eb36c71ceff32d111288d711c3e75e103aff255208975fbe465ba,Jisheng Jiang (jisheng3),scripts/campaign_a_orchestrator.py,ResNet50_CIFAR10,exp_resnet50_cifar10,campaign_cv_resnet_tricb_c32,sp26-cs525-0601 (gateway),sp26-cs525-0605..0620 (triton),ResNet-50/CIFAR-10,fail-slow (tc delay 50-200ms),N/A,N/A,N/A,41258,",",utf-8,"timestamp,req_id,payload_bytes,policy,backend_id,status_code,e2e_ms,gateway_overhead_ms,",relative_seconds,microseconds,event-driven,float64,"latency: ms, payload: bytes",cluster_empirical_raw,EMPIRICAL_RAW,"Contains Illinois cluster hostnames (sp26-cs525-06xx), real execution microsecond timestamps, and request traces.",keep_in_data_raw,HIGH,False
submit_png_graypulse_verified/Rest/data/ResNet50_CIFAR10_tri_cb/campaign_cv_resnet_tricb_c48.csv,campaign_cv_resnet_tricb_c48.csv,.csv,3265419,d88c0ebc2e6dddcd1fe644e07f11b05d6c4e0419fe49a652a2accd07ac0e81fd,Jisheng Jiang (jisheng3),scripts/campaign_a_orchestrator.py,ResNet50_CIFAR10,exp_resnet50_cifar10,campaign_cv_resnet_tricb_c48,sp26-cs525-0601 (gateway),sp26-cs525-0605..0620 (triton),ResNet-50/CIFAR-10,fail-slow (tc delay 50-200ms),N/A,N/A,N/A,38191,",",utf-8,"timestamp,req_id,payload_bytes,policy,backend_id,status_code,e2e_ms,gateway_overhead_ms,",relative_seconds,microseconds,event-driven,float64,"latency: ms, payload: bytes",cluster_empirical_raw,EMPIRICAL_RAW,"Contains Illinois cluster hostnames (sp26-cs525-06xx), real execution microsecond timestamps, and request traces.",keep_in_data_raw,HIGH,False
submit_png_graypulse_verified/Rest/data/ResNet50_CIFAR10_tri_cb/campaign_cv_resnet_tricb_c64.csv,campaign_cv_resnet_tricb_c64.csv,.csv,3291514,0d5181f9bc3d6edb24e2810932227ac2d8bf6a3d6b370ae6a1bf0e5930021471,Jisheng Jiang (jisheng3),scripts/campaign_a_orchestrator.py,ResNet50_CIFAR10,exp_resnet50_cifar10,campaign_cv_resnet_tricb_c64,sp26-cs525-0601 (gateway),sp26-cs525-0605..0620 (triton),ResNet-50/CIFAR-10,fail-slow (tc delay 50-200ms),N/A,N/A,N/A,38428,",",utf-8,"timestamp,req_id,payload_bytes,policy,backend_id,status_code,e2e_ms,gateway_overhead_ms,",relative_seconds,microseconds,event-driven,float64,"latency: ms, payload: bytes",cluster_empirical_raw,EMPIRICAL_RAW,"Contains Illinois cluster hostnames (sp26-cs525-06xx), real execution microsecond timestamps, and request traces.",keep_in_data_raw,HIGH,False
submit_png_graypulse_verified/Rest/data/ResNet50_CIFAR10_tri_cb/summary_resnet_tricb.csv,summary_resnet_tricb.csv,.csv,1215,9ec7f46bf6055bd9e8b2e494104a72ff810d58d488fa521fbc63de4747159605,Jisheng Jiang (jisheng3),scripts/campaign_a_orchestrator.py,ResNet50_CIFAR10,exp_resnet50_cifar10,summary_resnet_tricb,sp26-cs525-0601 (gateway),sp26-cs525-0605..0620 (triton),ResNet-50/CIFAR-10,fail-slow (tc delay 50-200ms),N/A,N/A,N/A,20,",",utf-8,"PRODUCTION_DATA,model,framework,dataset,concurrency,phase,duration_s,requests,",relative_seconds,microseconds,event-driven,float64,"latency: ms, payload: bytes",cluster_empirical_derived|PRODUCTION_DATA_tag,EMPIRICAL_DERIVED,Summary statistics computed from raw cluster request logs.,keep_in_data_processed,HIGH,False
submit_png_only/Rest/FIGURE_MANIFEST.csv,FIGURE_MANIFEST.csv,.csv,2287,9fe4a5d568bdf529af0bb5f32c14b68893270e2c8e5714b307962b67e99e3111,Jisheng Jiang (jisheng3),scripts/campaign_a_orchestrator.py,Infrastructure_Benchmark,exp_infrastructure_benchmark,FIGURE_MANIFEST,sp26-cs525-0601 (gateway),sp26-cs525-0605..0620 (triton),Cluster Telemetry,fail-slow (tc delay 50-200ms),N/A,N/A,N/A,12,",",utf-8,"figure_file,opened_and_verified,actual_content,expected_content,plot_type,x_axis,y_axis,series_or_panels,model,concurrency,phase_filter,data_type,source_script,input_data,safe_for_main_paper,notes",relative_seconds,microseconds,event-driven,float64,"latency: ms, payload: bytes",none,UNKNOWN,,flag_for_manual_review,MEDIUM,True
