mode,concurrency,total_requests,success_rate,rps,avg_ms,p95_ms,p99_ms,
mobilebert_p2c_pewma,32,19369,0.997677,80.704167,396.903,621.802,780.524,
mobilebert_p2c_pewma,48,19603,0.996378,81.679167,588.493,918.057,1148.643,
mobilebert_p2c_pewma,64,18082,0.985787,75.341667,851.227,1342.975,1653.814,
mobilebert_p2c_pewma,96,15469,0.963411,64.454167,1493.527,2318.47,2868.832,
mobilebert_p2c_pewma,128,12682,0.921542,52.841667,2435.905,3869.524,4790.982,
