mode,concurrency,total_requests,success_rate,rps,avg_ms,p95_ms,p99_ms,error_rate,avg_gateway_overhead_ms
smart,16,8880,0.999324,37.0,243.986,413.318,553.418,0.000676,1.693
smart,24,11760,0.999065,49.0,314.694,576.68,810.562,0.000935,2.029
smart,32,13680,0.997295,57.0,445.439,900.0,1490.104,0.002705,2.441
smart,48,14520,0.980785,60.5,863.618,2359.435,5186.198,0.019215,3.487
smart,64,14400,0.944514,60.0,1705.833,6208.746,7600.0,0.055486,4.416
