concurrency,total_requests,success_rate,error_rate,rps,avg_ms,p95_ms,p99_ms
16,8880,0.9993243243243243,0.0006756756756756757,37.004994591668435,243.7743695064233,413.13335000000006,550.3076500000001
24,11760,0.9990646258503402,0.0009353741496598639,49.00590661032718,314.2520283428377,574.5312,795.0659600000002
32,13680,0.9972953216374268,0.0027046783625730994,57.00395158205961,443.2716551345012,887.8863,1465.3107199999997
48,14520,0.9807851239669422,0.01921487603305785,60.50392493287925,840.2521120707815,2262.184,4843.560400000003
64,14400,0.9445138888888889,0.05548611111111111,60.0036029594911,1637.3554043085069,5944.226,7600.0
